zone_id,zone_nom,code_dept,niveau_text,niveau_int,communes,n_communes,lat,lon,bws_raw,gws_raw,sev_raw,x_bws,x_gws,x_sv,x_a,spei3,spei12,S_struct_v2,S_conj_v2,H_v2,S_struct_v3,S_conj_v3,H_v3
8788,Saône Aval,01,alerte,2,[],1,46.20717222606079,4.8221278122353315,0.10427100211381912,0.016853200271725655,0.507054555098885,0.1737850035230319,0.11235466847817104,0.16901818503296165,0.09446518608979426,-4.753424308822899,-4.753424308822899,0.13662962234078582,0.7038539400838278,0.5862670673320594,0.14405138726684336,0.7038539400838278,0.5878056158403925
8789,Rivières de Bresse,01,alerte,2,[],1,46.281064727004804,5.250613145207517,0.10427100211381912,0.24447600543498993,0.507054555098885,0.1737850035230319,1.0,0.16901818503296165,0.10718731975478075,-4.753424308822899,-4.753424308822899,0.265479936873237,0.7038539400838278,0.6129780264094807,0.22850869384031613,0.7038539400838278,0.6053138048413989
8790,Rivières du Bugey,01,alerte,2,[],1,45.98144998763166,5.4609347273470235,0.07338256388902664,0.24447600543498993,0.3354370754820005,0.12230427314837775,1.0,0.11181235849400017,0.04362948505194422,-3.722100954959266,-4.753424308822899,0.2168587511928888,0.6807062318065947,0.5770337048400773,0.16376910257267624,0.7038539400838278,0.5918931424292524
8791,Rivières de Dombes,01,alerte,2,[],1,46.04893225050928,5.017698289197538,0.10427100211381912,0.24447600543498993,0.507054555098885,0.1737850035230319,1.0,0.16901818503296165,0.1250563563324265,-4.753424308822899,-4.753424308822899,0.2719127900411895,0.7038539400838278,0.6143115712932766,0.23411756595905125,0.7038539400838278,0.6064765366063748
8792,Rivières du Haut-Rhône,01,alerte,2,[],1,46.06121765988493,5.72367353010142,0.07338256388902664,,0.3354370754820005,0.12230427314837775,,0.11181235849400017,0.025016435554640896,-3.5403079801299815,-4.753424308822899,0.08157913183006929,0.6766420688265554,0.5419492446689311,0.09156879339625969,0.7038539400838278,0.5769258564681247
9368,Saône Aval,01,alerte,2,[],1,46.20717222606079,4.8221278122353315,0.10427100211381912,0.016853200271725655,0.507054555098885,0.1737850035230319,0.11235466847817104,0.16901818503296165,0.09446518608979426,-4.753424308822899,-4.753424308822899,0.13662962234078582,0.7038539400838278,0.5862670673320594,0.14405138726684336,0.7038539400838278,0.5878056158403925
9370,Plaine de l'Ain,01,alerte,2,[],1,45.94555441495824,5.276735577284725,0.07338256388902664,0.24447600543498993,0.3354370754820005,0.12230427314837775,1.0,0.11181235849400017,0.14940128649125498,-4.753424308822899,-4.753424308822899,0.25493659971104066,0.7038539400838278,0.6107923689782142,0.1958918121380936,0.7038539400838278,0.5985522521393932
9371,Dombes - Certines - Nord,01,vigilance,1,[],1,46.115506159897365,5.1093677541003695,0.10427100211381912,0.24447600543498993,0.507054555098885,0.1737850035230319,1.0,0.16901818503296165,0.1250563563324265,-4.753424308822899,-4.753424308822899,0.2719127900411895,0.7038539400838278,0.6143115712932766,0.23411756595905125,0.7038539400838278,0.6064765366063748
9372,Dombes - Sud,01,alerte_renforcee,3,[],1,45.9673784131865,4.869495690799803,0.10427100211381912,0.24447600543498993,0.507054555098885,0.1737850035230319,1.0,0.16901818503296165,0.12250880782629849,-4.753424308822899,-4.753424308822899,0.2709956725789834,0.7038539400838278,0.6141214507872378,0.23334730311001245,0.7038539400838278,0.606316859390885
8920,Bassin du Drac-Gapençais,05,alerte,2,[],1,44.61620469698566,6.169142541960832,0.1254761964082718,,0.278983449058036,0.20912699401378632,,0.09299448301934533,0.14716219768779007,-2.094538177633366,-4.753424308822899,0.18318824206336928,0.6506671952848105,0.5363531815728937,0.1768664982345774,0.7038539400838278,0.594608261913557
8921,Bassin du Buëch partie du 05,05,alerte_renforcee,3,[],1,44.47350413731229,5.7465123980474555,0.17384114861488342,,0.3661384290977303,0.2897352476914724,,0.12204614303257677,0.12578134670186586,-1.4494261413432235,-4.753424308822899,0.22110338216093944,0.6485606134308837,0.5434028984314543,0.2197055217539139,0.7038539400838278,0.6034888875316924
8922,Bassin Méouge partie 05,05,alerte_renforcee,3,[],1,44.24938007000627,5.7476122626358475,0.17384114861488342,,0.3661384290977303,0.2897352476914724,,0.12204614303257677,0.161033780027915,-1.6010058264275475,-4.753424308822899,0.23586021471602978,0.6481678830395358,0.5466237271898313,0.2311451287532444,0.7038539400838278,0.6058603437095812
8924,Bassin Moyenne Durance Amont partie 05,05,alerte,2,[],1,44.45106861199562,6.197690600211326,0.17384114861488342,,0.3661384290977303,0.2897352476914724,,0.12204614303257677,0.14716219768779007,-2.094538177633366,-4.753424308822899,0.23005350582946585,0.6506671952848105,0.5478132833974831,0.22683409666164467,0.7038539400838278,0.6049666570919117
8925,Bassin de la Haute-Durance,05,alerte,2,[],1,44.784256336675575,6.676689651212762,0.17384114861488342,,0.3661384290977303,0.2897352476914724,,0.12204614303257677,0.08015557430538728,-4.753424308822899,-4.753424308822899,0.20200422162287865,0.7038539400838278,0.5998193683292525,0.201900176052413,0.7038539400838278,0.599797799449231
8926,Bassin Souloise-Séveraisse,05,vigilance,1,[],1,44.80704440282905,6.1480537714249905,0.1254761964082718,,0.278983449058036,0.20912699401378632,,0.09299448301934533,0.049016619058476305,-4.753424308822899,-4.753424308822899,0.14210404635807516,0.7038539400838278,0.5874019277041808,0.14399456336810257,0.7038539400838278,0.5877938361187877
8927,Bassin Haute-Romanche,05,vigilance,1,[],1,45.03410628825239,6.307650549476441,0.1254761964082718,,0.278983449058036,0.20912699401378632,,0.09299448301934533,0.019666958201430884,-3.312275473563764,-4.753424308822899,0.12981814181326543,0.6716451815499409,0.5471071180650925,0.12909739801657222,0.7038539400838278,0.5847056203428449
8923,Bassin E(A)ygues partie 05,05,alerte_renforcee,3,,0,44.41528239540806,5.505295495055771,0.029968781396746635,,0.3267814449866165,0.04994796899457773,,0.10892714832887217,0.1378503822396879,-1.5466932553748236,-4.753424308822899,0.08674432802741455,0.6482381821471505,0.5099797129602978,0.07191523783111932,0.7038539400838278,0.5728516303373528
9444,Allier,07,alerte,2,[],1,44.6868831232366,3.9294622480611725,0.218720480799675,0.016853200271725655,0.2389405553103034,0.364534134666125,0.11235466847817104,0.07964685177010113,0.13253586313251073,-3.6405084582084917,-4.753424308822899,0.2457096316477103,0.6788757468296356,0.5815056451640829,0.21741919986170954,0.7038539400838278,0.6030149278776389
9445,Ardèche,07,alerte,2,[],1,44.54562853214226,4.4434240576825825,0.029968781396746635,0.24447600543498993,0.3267814449866165,0.04994796899457773,1.0,0.10892714832887217,0.24992568008099764,-4.753424308822899,-4.753424308822899,0.25494722932644803,0.7038539400838278,0.6107945725213191,0.14808900705147215,0.7038539400838278,0.5886426234738527
9446,Beaume-Chassezac,07,alerte_renforcee,3,[],1,44.48776286158407,4.136560473844953,0.029968781396746635,0.016853200271725655,0.3267814449866165,0.04994796899457773,0.11235466847817104,0.10892714832887217,0.13253586313251073,-3.6405084582084917,-4.753424308822899,0.08841654881193667,0.6788757468296356,0.5461482085359315,0.07787573973605906,0.7038539400838278,0.5740872557453423
9447,Cance,07,alerte_renforcee,3,[],1,45.2529310799571,4.704845274191137,0.030133234336972237,0.016853200271725655,0.3357465806879242,0.05022205722828706,0.11235466847817104,0.11191552689597473,0.1539424707552083,-4.753424308822899,-4.753424308822899,0.09625997167296246,0.7038539400838278,0.5778983482422316,0.08095602887227434,0.7038539400838278,0.5747258065891072
9448,Cèze,07,alerte_renforcee,3,[],1,44.31799453712337,4.24224894307511,0.029968781396746635,0.24447600543498993,0.3267814449866165,0.04994796899457773,1.0,0.10892714832887217,0.24231712413325404,-4.753424308822899,-4.753424308822899,0.25220814918526036,0.7038539400838278,0.6102267550671939,0.1471486558504378,0.7038539400838278,0.588447686561666
9449,Doux,07,alerte_renforcee,3,[],1,45.0204170349254,4.651267680758229,0.030133234336972237,0.016853200271725655,0.3357465806879242,0.05022205722828706,0.11235466847817104,0.11191552689597473,0.23645149171766888,-4.753424308822899,-4.753424308822899,0.12596321921944828,0.7038539400838278,0.5840558980515561,0.08945957938688905,0.7038539400838278,0.5764886116752481
9450,Eyrieux,07,alerte_renforcee,3,[],1,44.917609884444516,4.431786632199107,0.029968781396746635,0.016853200271725655,0.3267814449866165,0.04994796899457773,0.11235466847817104,0.10892714832887217,0.11396525201832383,-4.352296893473436,-4.753424308822899,0.08173112881082939,0.6949404238692578,0.563994666528289,0.07536006228643495,0.7038539400838278,0.573565750170034
9451,Loire,07,alerte,2,[],1,44.7835306351055,4.079386834902617,0.28727683424949646,0.016853200271725655,0.3329615798904396,0.47879472374916077,0.11235466847817104,0.11098719329681321,0.13253586313251073,-3.6405084582084917,-4.753424308822899,0.30283992618922817,0.6788757468296356,0.5943477913817165,0.26090344251276404,0.7038539400838278,0.6120293088683229
9452,Ouvèze,07,alerte_renforcee,3,[],1,44.73464621111992,4.622196686600088,0.029968781396746635,0.24447600543498993,0.3267814449866165,0.04994796899457773,1.0,0.10892714832887217,0.13778873899451324,-3.099453962100352,-4.753424308822899,0.21457793053531365,0.6671435424595539,0.5616959719867451,0.13163689072057427,0.7038539400838278,0.5852320628737782
9771,Craie de Champagne Nord,08,alerte,2,,0,49.48161733875119,4.274218809324328,0.38655808568000793,0.09303999692201614,0.4901896031341051,0.6442634761333466,0.6202666461467743,0.16339653437803503,0.12043867381579934,-4.753424308822899,-1.0547635837435918,0.45232699110090946,0.6526774474637089,0.6039670851296921,0.42423545547537234,0.7038539400838278,0.6458884013362605
9790,Affluents crayeux Aube et Seine,10,alerte,2,[],1,48.51642682300498,4.4593598845891265,0.3673989772796631,0.09303999692201614,0.5039745289497263,0.6123316287994385,0.6202666461467743,0.16799150964990875,0.14055789485750533,-4.753424308822899,-2.2369399065387996,0.4436039870089696,0.6522665480732891,0.6014752812205544,0.4231257350752772,0.7038539400838278,0.6456583538093926
9794,Seine en amont de la restitution du réservoir,10,alerte,2,[],1,48.122649559103294,4.36414121478119,0.3673989772796631,0.09303999692201614,0.5039745289497263,0.6123316287994385,0.6202666461467743,0.16799150964990875,0.14385231176726945,-4.753424308822899,-4.753424308822899,0.44478997709648466,0.7038539400838278,0.6501493997503484,0.4246299037273404,0.7038539400838278,0.6459701713432232
9796,Vanne,10,alerte,2,,0,48.24237883509471,3.7816510798071628,0.3673989772796631,0.09303999692201614,0.5039745289497263,0.6123316287994385,0.6202666461467743,0.16799150964990875,0.1744332280051677,-4.753424308822899,-1.29135810215779,0.455799106942128,0.6496514638708866,0.6021103412382682,0.43768103795070645,0.7038539400838278,0.648675700727604
8328,Secteur SG1 : Rhone Camargue,13,vigilance,1,[],1,43.51814770113636,4.534049679895881,0.016032449901103973,0.24447600543498993,0.3385336395978084,0.02672074983517329,1.0,0.1128445465326028,0.6957001820418304,-4.753424308822899,-3.6461600872059834,0.4038124404526456,0.6790022398565017,0.6171675234004181,0.1541596953189318,0.7038539400838278,0.589901090761824
8329,Secteur SG2a : Durance (elargi aux bassins versants ouest et nord Alpilles),13,alerte,2,[],1,43.73950505786989,5.03680585861122,0.17384114861488342,0.24447600543498993,0.3661384290977303,0.2897352476914724,1.0,0.12204614303257677,0.6972049369853466,-4.753424308822899,-2.9266894185739933,0.535861401160461,0.6636551043603953,0.633567172524069,0.4035104728898263,0.7038539400838278,0.6415920659820818
8330,Secteur SG2b : Real de Jouques (partie dpt Bouches-du-Rhone),13,crise,4,[],1,43.59688099753215,5.648845950112763,0.17384114861488342,0.24447600543498993,0.3661384290977303,0.2897352476914724,1.0,0.12204614303257677,0.5880850326476088,-1.8987059274880025,-4.753424308822899,0.4965782355988754,0.6490556397796879,0.6115978802388855,0.3904441101443761,0.7038539400838278,0.6388833796909315
8331,Secteur SG3 : Crau,13,alerte,2,[],1,43.57730478041502,4.880527759009998,0.4920356869697571,0.24447600543498993,0.5008078309829558,0.8200594782829285,1.0,0.16693594366098527,0.7831132778682677,-3.514094643177532,-1.915600425836411,0.8319505191740406,0.5894771627497182,0.6591557579155564,0.7309209468682687,0.6372931316159841,0.6610647477806394
8332,Secteur SG3a : Crau Alpilles,13,alerte,2,[],1,43.719645426990105,4.794348778202835,0.016032449901103973,0.24447600543498993,0.3385336395978084,0.02672074983517329,1.0,0.1128445465326028,0.6957001820418304,-4.753424308822899,-3.6461600872059834,0.4038124404526456,0.6790022398565017,0.6171675234004181,0.1541596953189318,0.7038539400838278,0.589901090761824
8333,Secteur SG4a : Littoral Ouest Marseille (y compris Cadiere et Aygalades),13,alerte,2,[],1,43.373760333298776,5.210050489446576,0.4920356869697571,0.24447600543498993,0.5008078309829558,0.8200594782829285,1.0,0.16693594366098527,0.7831132778682677,-3.514094643177532,-1.915600425836411,0.8319505191740406,0.5894771627497182,0.6591557579155564,0.7309209468682687,0.6372931316159841,0.6610647477806394
8334,Secteur SG4b : Littoral Est Marseille (y compris le polje de Cuges les Pins),13,alerte,2,[],1,43.21049597510583,5.608908756040416,0.4920356869697571,0.24447600543498993,0.5008078309829558,0.8200594782829285,1.0,0.16693594366098527,0.7272665407154072,-1.8742399663493263,-1.674093872376306,0.8118456937990108,0.4706958115698201,0.5970962546522813,0.7209508407655673,0.4837697155128498,0.5694777713477848
8335,Secteur SG5a : Touloubre amont,13,alerte,2,[],1,43.62649545024402,5.254306370083946,0.4920356869697571,0.24447600543498993,0.5008078309829558,0.8200594782829285,1.0,0.16693594366098527,0.6453265591572888,-2.6174411886159383,-2.9628971810775973,0.7823473004380882,0.5830687516339513,0.6412285695217896,0.7052090981126214,0.5970095839128913,0.6275319409863318
8336,Secteur SG5b : Touloubre aval (y compris la Durancole),13,alerte,2,[],1,43.606598044315,5.104454481317582,0.4920356869697571,0.24447600543498993,0.5008078309829558,0.8200594782829285,1.0,0.16693594366098527,0.7831132778682677,-3.514094643177532,-1.915600425836411,0.8319505191740406,0.5894771627497182,0.6591557579155564,0.7309209468682687,0.6372931316159841,0.6610647477806394
8337,Secteur SG6a : Arc amont (partie dpt Bouches-du-Rhone),13,alerte_renforcee,3,[],1,43.4861702855817,5.490221121646199,0.4920356869697571,0.24447600543498993,0.5008078309829558,0.8200594782829285,1.0,0.16693594366098527,0.6421452787259382,-1.8338286120681975,-4.753424308822899,0.781202039482802,0.648690576385904,0.6812773443918863,0.7045680397099907,0.7038539400838278,0.7040019745373008
8338,Secteur SG6b : Arc aval,13,alerte,2,[],1,43.51427068236875,5.2230493707729515,0.4920356869697571,0.24447600543498993,0.5008078309829558,0.8200594782829285,1.0,0.16693594366098527,0.7272665407154072,-1.8742399663493263,-1.674093872376306,0.8118456937990108,0.4706958115698201,0.5970962546522813,0.7209508407655673,0.4837697155128498,0.5694777713477848
8339,Secteur SG7a : Huveaune amont (partie dpt Bouches-du-Rhone),13,crise,4,[],1,43.37754081399862,5.6247285946748065,0.4920356869697571,0.24447600543498993,0.5008078309829558,0.8200594782829285,1.0,0.16693594366098527,0.6421452787259382,-1.8338286120681975,-4.753424308822899,0.781202039482802,0.648690576385904,0.6812773443918863,0.7045680397099907,0.7038539400838278,0.7040019745373008
8340,Secteur SG7b : Huveaune aval,13,crise,4,[],1,43.32678422815137,5.498708371365717,0.4920356869697571,0.24447600543498993,0.5008078309829558,0.8200594782829285,1.0,0.16693594366098527,0.7272665407154072,-1.8742399663493263,-1.674093872376306,0.8118456937990108,0.4706958115698201,0.5970962546522813,0.7209508407655673,0.4837697155128498,0.5694777713477848
9152,OUGC Isle-Dronne /  Zone d'alerte : L'Auzonne,16,alerte_renforcee,3,[],1,45.339565356228064,0.2029246170299232,0.17391417920589447,0.09303999692201614,0.4050251094977797,0.28985696534315747,0.6202666461467743,0.13500836983259323,0.2907300966136281,-1.7625078448680185,-0.979604211095379,0.3364286479130333,0.4220443704031909,0.3874069082465616,0.31347902755973606,0.46843964651716063,0.4107800015449109
9156,OUGC Isle-Dronne /  Zone d'alerte : La Tude,16,crise,4,[],1,45.34508622856036,0.07561429841139283,0.17391417920589447,0.09303999692201614,0.4050251094977797,0.28985696534315747,0.6202666461467743,0.13500836983259323,0.2971546023649001,-2.0589221939963944,-1.3456881657224766,0.3387414699834912,0.4682209215539997,0.42002279715029867,0.31473854348074887,0.5072583547035647,0.4408545847297022
9157,"OUGC Isle-Dronne /  Zone d'alerte : Lary, Pousonne, Palais",16,alerte_renforcee,3,[],1,45.31596887281937,-0.1328526297395404,0.17391417920589447,0.09303999692201614,0.4050251094977797,0.28985696534315747,0.6202666461467743,0.13500836983259323,0.32637821226319036,-2.143997579593851,-1.3621896298982934,0.3492619695468757,0.4766044043007969,0.4299490756537261,0.32023881404291465,0.5173742354849498,0.4507743920444286
9159,OUGC Karst /  Zone d'alerte : Bandiat,16,alerte,2,[],1,45.65166289939189,0.3731670632405501,0.4644896984100342,0.09303999692201614,0.5765413493178984,0.774149497350057,0.6202666461467743,0.1921804497726328,0.234948827013858,-1.6421802177970868,-1.1188010019692831,0.5584936568605657,0.4152338836548811,0.4738753064990606,0.5285310700847848,0.4508783529636358,0.48072690450932576
9160,OUGC Karst /  Zone d'alerte : Bonnieure,16,alerte,2,[],1,45.80740826567285,0.4963896310480426,0.4644896984100342,0.09303999692201614,0.5765413493178984,0.774149497350057,0.6202666461467743,0.1921804497726328,0.06643762133901485,-1.044765858701271,-0.8212318243687871,0.4978296228176223,0.3204793282932526,0.40483856217706504,0.44017381167716735,0.34313504130886124,0.3877539988314527
9162,OUGC Karst /  Zone d'alerte : Échelle-Lèche,16,alerte,2,[],1,45.60511343978727,0.304511485222034,0.4644896984100342,0.09303999692201614,0.5765413493178984,0.774149497350057,0.6202666461467743,0.1921804497726328,0.2493575303893851,-1.7670599647645693,-1.0303605453253448,0.5636807900757556,0.4246770858684896,0.4806574971942087,0.5338401641054653,0.46908198470236073,0.49314888356045006
9163,OUGC Karst /  Zone d'alerte : Tardoire,16,alerte,2,[],1,45.7488186056097,0.4420646160288403,0.4644896984100342,0.09303999692201614,0.5765413493178984,0.774149497350057,0.6202666461467743,0.1921804497726328,0.06643762133901485,-1.044765858701271,-0.8212318243687871,0.4978296228176223,0.3204793282932526,0.40483856217706504,0.44017381167716735,0.34313504130886124,0.3877539988314527
9165,OUGC Saintonge /  Zone d'alerte : L'Antenne,16,alerte,2,[],1,45.74950524812753,-0.18746783238032183,0.4644896984100342,0.09303999692201614,0.5765413493178984,0.774149497350057,0.6202666461467743,0.1921804497726328,0.27807904717024645,-2.775415609266329,-1.9293299936016077,0.5740205361168657,0.54609476891036,0.5549677251824171,0.5438300533883363,0.5811882852417803,0.5702360396417672
9173,OUGC Cogesteau /  Zone d'alerte : Auge,16,alerte,2,[],1,45.84094309430921,-0.05325325020872039,0.4644896984100342,0.09303999692201614,0.5765413493178984,0.774149497350057,0.6202666461467743,0.1921804497726328,0.24109528003810582,-2.4076683660287834,-1.4579355846091724,0.560706379949295,0.5027423474149508,0.5229184885416248,0.530821973039301,0.546245353798712,0.541346452322912
9175,OUGC Cogesteau /  Zone d'alerte : Bief,16,alerte,2,[],1,45.962654704354414,0.13710826308020216,0.4644896984100342,0.09303999692201614,0.5765413493178984,0.774149497350057,0.6202666461467743,0.1921804497726328,0.22128221051865313,-1.4114672278035565,-1.3755462756025783,0.553573674922292,0.4106712949914201,0.4696228271465335,0.5232892611523188,0.4137419865271042,0.45869806384930784
9177,OUGC Cogesteau /  Zone d'alerte : Charente-Moyenne,16,alerte,2,[],1,45.65445857206698,-0.13022713301911246,0.4644896984100342,0.09303999692201614,0.5765413493178984,0.774149497350057,0.6202666461467743,0.1921804497726328,0.27807904717024645,-2.775415609266329,-1.9293299936016077,0.5740205361168657,0.54609476891036,0.5549677251824171,0.5438300533883363,0.5811882852417803,0.5702360396417672
9178,OUGC Cogesteau /  Zone d'alerte : Né,16,alerte_renforcee,3,[],1,45.512210170872606,-0.08175799257154001,0.4644896984100342,0.09303999692201614,0.5765413493178984,0.774149497350057,0.6202666461467743,0.1921804497726328,0.25356814721773924,-2.054377072076883,-1.386246908820433,0.565196612133963,0.46965399421021364,0.5051234462692057,0.535352265782475,0.5067059712392548,0.5165977034702591
9183,OUGC Saintonge /  Zone d'alerte : Seugne,16,alerte,2,[],1,45.39171023603663,-0.22184140993710452,0.4644896984100342,0.09303999692201614,0.5765413493178984,0.774149497350057,0.6202666461467743,0.1921804497726328,0.28408099002205284,-2.228841407497662,-1.4413833299097856,0.576181235543516,0.48723992465743465,0.5191638119471442,0.5458270089608025,0.5270572227054827,0.5332711470940534
9169,OUGC Clain /  Zone d'alerte : Clain-Amont,16,crise,4,,0,46.078112531361064,0.5633869824349773,0.060734476894140244,0.09303999692201614,0.3794036222253042,0.1012241281569004,0.6202666461467743,0.1264678740751014,0.1504996416760357,-0.8738829340830939,-0.9680926432775983,0.19162926554237147,0.3157313016648276,0.25628790456204725,0.1630886765377223,0.3261665856253581,0.24924544462263878
9453,Bassin de l'Arnon amont,18,alerte_renforcee,3,[],1,46.74628888918919,2.237602704997877,0.067236989736557,0.09303999692201614,0.3887201098512957,0.11206164956092834,0.6202666461467743,0.1295733699504319,0.2339311675849538,-0.7616591770005156,-0.5291351860215736,0.22708337557159597,0.2479975704003045,0.23698830267328735,0.18620270850522103,0.27579767385625276,0.23037825623366281
9454,Bassin de l'Arnon aval,18,alerte_renforcee,3,[],1,47.13794748890028,2.020709443800003,0.067236989736557,0.09303999692201614,0.3887201098512957,0.11206164956092834,0.6202666461467743,0.1295733699504319,0.26157569634103167,-2.387822286990265,-1.5220607976029996,0.23703540592378397,0.5034657930322982,0.4108615323497815,0.19030189145516524,0.5441930257909652,0.43127879279226233
9455,Bassin de l'Aubois,18,alerte,2,[],1,46.914215144882874,2.902979452897655,0.07729806005954742,0.09303999692201614,0.3938548584677823,0.12883010009924573,0.6202666461467743,0.1312849528225941,0.17596673514622876,-1.4479231607285674,-0.5550068049272229,0.21460040516281365,0.3659613898781402,0.298783294015233,0.18883151518357327,0.41994066956602716,0.3261007546222537
9456,"Bassin de l'Auron, de l'Airain et des Rampennes",18,vigilance,1,[],1,46.90240265421261,2.6230422993651112,0.067236989736557,0.09303999692201614,0.3887201098512957,0.11206164956092834,0.6202666461467743,0.1295733699504319,0.21924176850091778,-1.1977180201467603,-0.4747201405775262,0.221795191901343,0.3222472588442149,0.2745900942365078,0.18389047383086715,0.3745539827466684,0.29107917014581536
9457,Bassin du Cher,18,vigilance,1,[],1,46.89780151155923,2.3346146664109684,0.067236989736557,0.09303999692201614,0.3887201098512957,0.11206164956092834,0.6202666461467743,0.1295733699504319,0.23902187450142753,-1.3152417693520846,-0.6977498303643226,0.2289160300615265,0.35061396493802977,0.29529370735475213,0.18698129415577713,0.39672574757922685,0.30815234774232214
9458,"Bassin du Colin, de l'Ouatier et du Langis",18,vigilance,1,[],1,47.18090412379,2.581039194383449,0.067236989736557,0.09303999692201614,0.3887201098512957,0.11206164956092834,0.6202666461467743,0.1295733699504319,0.1935581422817276,-2.0164302946275634,-0.8033752083282836,0.21254908646243453,0.44731426215462605,0.3564883071111396,0.17958822539297647,0.5020453852578421,0.38964706368989044
9459,Bassin du Fouzon,18,vigilance,1,[],1,47.15899733873723,1.8756233614940894,0.067236989736557,0.09303999692201614,0.3887201098512957,0.11206164956092834,0.6202666461467743,0.1295733699504319,0.26157569634103167,-2.387822286990265,-1.5220607976029996,0.23703540592378397,0.5034657930322982,0.4108615323497815,0.19030189145516524,0.5441930257909652,0.43127879279226233
9460,Bassin de la Grande Sauldre et du Beuvron,18,vigilance,1,[],1,47.436024906879936,2.6060290083160593,0.067236989736557,0.09303999692201614,0.3887201098512957,0.11206164956092834,0.6202666461467743,0.1295733699504319,0.20514855289171743,-3.1471824449611785,-1.127211951256897,0.21672163428203084,0.555757191157131,0.4503273154984705,0.1815733533692977,0.6114379038656587,0.49451755430935995
9461,Bassin de l'Indre amont,18,crise,4,[],1,46.463848454321386,2.1953068381266947,0.015497174113988876,0.3803209960460663,0.3827501525544368,0.025828623523314796,1.0,0.12758338418481227,0.15778449187862353,-1.291308327746604,-0.9848904214131938,0.20971672883796189,0.36597385019268197,0.2966240794699263,0.11149157604706307,0.3923389118122212,0.27287691344623505
9462,Bassin de la Loire et de ses affluents,18,vigilance,1,[],1,47.18463320699872,2.966063572856606,0.07729806005954742,0.09303999692201614,0.3938548584677823,0.12883010009924573,0.6202666461467743,0.1312849528225941,0.170162313089895,-1.9253215096062508,-0.9196817106761265,0.21251081322253346,0.4389446244199776,0.35001528953019906,0.18768334876414056,0.4904875957025441,0.3824898317801975
9463,Bassin de la Petite Sauldre et de la Rère,18,vigilance,1,[],1,47.367193437056414,2.3204543863166895,0.067236989736557,0.09303999692201614,0.3887201098512957,0.11206164956092834,0.6202666461467743,0.1295733699504319,0.2109262693026461,-2.203309066510079,-0.9989744565088328,0.2188016121899652,0.4711024379304223,0.37769353378083387,0.18253560191171336,0.524184406058782,0.41039112599360106
9464,Bassin de la Théols,18,vigilance,1,[],1,46.745088701759784,2.1043796800343935,0.067236989736557,0.09303999692201614,0.3887201098512957,0.11206164956092834,0.6202666461467743,0.1295733699504319,0.21977754377430986,-0.49124413156155994,-0.4502918641405166,0.22198807099976414,0.19070444448110577,0.20842683441255005,0.18397659446061626,0.19718827446013437,0.1897637303277488
9465,Bassin de la Vauvise,18,vigilance,1,[],1,47.16527893919573,2.8324976349732287,0.07729806005954742,0.09303999692201614,0.3938548584677823,0.12883010009924573,0.6202666461467743,0.1312849528225941,0.18056664124369556,-1.7991496917812086,-0.6485972193043087,0.21625637135790166,0.41829511971086575,0.33602627156376647,0.1897244702759669,0.47356641294586316,0.3689696605205734
9466,Bassin de l'Yèvre amont,18,vigilance,1,[],1,47.086769884091794,2.7107270987721552,0.067236989736557,0.09303999692201614,0.3887201098512957,0.11206164956092834,0.6202666461467743,0.1295733699504319,0.1947700366967758,-1.2038429506265809,-0.35427914243640635,0.2129853684518519,0.32059574648885153,0.2694180824966554,0.17979935023839133,0.3757496759918096,0.2901242379530523
9467,Bassin de l'Yèvre aval,18,vigilance,1,[],1,47.184348912580916,2.3042267173049655,0.067236989736557,0.09303999692201614,0.3887201098512957,0.11206164956092834,0.6202666461467743,0.1295733699504319,0.2109262693026461,-2.203309066510079,-0.9989744565088328,0.2188016121899652,0.4711024379304223,0.37769353378083387,0.18253560191171336,0.524184406058782,0.41039112599360106
9354,Saône moyenne,21,alerte,2,[],1,47.17020419063313,5.389812984254812,0.09572873264551163,0.24447600543498993,0.5177663698302586,0.15954788774251938,1.0,0.17258878994341953,0.12654166734856268,-1.7633988686926843,-4.753424308822899,0.26532894411674224,0.6483982191675953,0.5541167316645547,0.22520539390404093,0.7038539400838278,0.6046290233588043
9355,Tille amont,21,alerte_renforcee,3,[],1,47.56460723387555,5.030063973256491,0.09572873264551163,0.09303999692201614,0.5177663698302586,0.15954788774251938,0.6202666461467743,0.17258878994341953,0.12086775693971516,-4.753424308822899,-4.753424308822899,0.21012366683010555,0.7038539400838278,0.6015025475240304,0.2017267604480142,0.7038539400838278,0.5997618500056515
9356,Vingeanne,21,vigilance,1,[],1,47.48401286576464,5.351357292129162,0.09572873264551163,0.09303999692201614,0.5177663698302586,0.15954788774251938,0.6202666461467743,0.17258878994341953,0.12417129244978682,-2.4294806454994347,-4.753424308822899,0.21131293961373138,0.6549119069359886,0.5477554017331068,0.20262101239461133,0.7038539400838278,0.5999472304390415
9357,Bèze,21,alerte,2,[],1,47.413886810548746,5.293397692280525,0.09572873264551163,0.09303999692201614,0.5177663698302586,0.15954788774251938,0.6202666461467743,0.17258878994341953,0.12417129244978682,-2.4294806454994347,-4.753424308822899,0.21131293961373138,0.6549119069359886,0.5477554017331068,0.20262101239461133,0.7038539400838278,0.5999472304390415
9358,Tille aval,21,alerte,2,[],1,47.3618030914147,5.143521972304032,0.09572873264551163,0.09303999692201614,0.5177663698302586,0.15954788774251938,0.6202666461467743,0.17258878994341953,0.12280709928836397,-1.3717512629343633,-4.753424308822899,0.2108218300756191,0.6490066257821482,0.541346653798952,0.20225342109940658,0.7038539400838278,0.5998710279394275
9359,"Vouge, Biètre, Cent-Fonts",21,alerte,2,[],1,47.1962083205094,5.048864591742518,0.09572873264551163,0.24447600543498993,0.5177663698302586,0.15954788774251938,1.0,0.17258878994341953,0.12023045852375694,-1.5868656739289273,-4.753424308822899,0.2630569089398122,0.6481788089566758,0.5533329770641151,0.2233563533233241,0.7038539400838278,0.6042457131009813
9360,Bouzaise,21,alerte,2,[],1,47.087806938297824,4.89935821326732,0.10427100211381912,0.09303999692201614,0.507054555098885,0.1737850035230319,0.6202666461467743,0.16901818503296165,0.13075892213653026,-1.066354008266105,-4.753424308822899,0.22080304419121527,0.6524891490361422,0.5474782250853886,0.2130122001476557,0.7038539400838278,0.6021013469566808
9361,Dheune,21,alerte,2,[],1,46.99049134226078,4.7474939949345885,0.10427100211381912,0.09303999692201614,0.507054555098885,0.1737850035230319,0.6202666461467743,0.16901818503296165,0.16280160688341183,-1.4458170041388079,-4.753424308822899,0.2323384107000926,0.6485775674964371,0.5461845236072148,0.22108215152243638,0.7038539400838278,0.6037742659690303
9362,Ouche amont,21,vigilance,1,[],1,47.251253597308924,4.741052847394476,0.09572873264551163,0.09303999692201614,0.5177663698302586,0.15954788774251938,0.6202666461467743,0.17258878994341953,0.1396167568389037,-4.753424308822899,-4.753424308822899,0.21687330679381345,0.7038539400838278,0.6029017630208038,0.2066272856668258,0.7038539400838278,0.6007777398702011
9363,Ouche aval,21,vigilance,1,[],1,47.20781932826023,5.210623471948876,0.09572873264551163,0.24447600543498993,0.5177663698302586,0.15954788774251938,1.0,0.17258878994341953,0.12280709928836397,-1.3717512629343633,-4.753424308822899,0.26398449961507076,0.6490066257821482,0.5544084751338085,0.2241178885898817,0.7038539400838278,0.604403581069056
9364,Serein amont,21,vigilance,1,[],1,47.362071846572725,4.225645601148363,0.3673989772796631,0.016853200271725655,0.5039745289497263,0.6123316287994385,0.11235466847817104,0.16799150964990875,0.11679095021458161,-4.753424308822899,-4.753424308822899,0.3639402100639126,0.7038539400838278,0.6333890617840627,0.30500046762733596,0.7038539400838278,0.6211707210375164
9365,Armançon amont,21,alerte,2,[],1,47.49200972159106,4.464471659123683,0.3673989772796631,0.016853200271725655,0.5039745289497263,0.6123316287994385,0.11235466847817104,0.16799150964990875,0.12789699935904103,-4.753424308822899,-4.753424308822899,0.367938387755918,0.7038539400838278,0.6342178929832951,0.30926374729448436,0.7038539400838278,0.6220545084705391
9366,Châtillonnais,21,alerte,2,[],1,47.7672626424404,4.631967531242678,0.3673989772796631,0.09303999692201614,0.5039745289497263,0.6123316287994385,0.6202666461467743,0.16799150964990875,0.0988789296623978,-4.753424308822899,-4.753424308822899,0.42859955953873086,0.7038539400838278,0.6467930898926598,0.4019869385549752,0.7038539400838278,0.6412762338987927
9367,Arroux,21,vigilance,1,[],1,47.11723677303671,4.421149135222526,0.28727683424949646,0.016853200271725655,0.3329615798904396,0.47879472374916077,0.11235466847817104,0.11098719329681321,0.14114521134504335,-2.142640651844256,-4.753424308822899,0.30593929154573996,0.6511701618919301,0.5668713818629914,0.26356822874842323,0.7038539400838278,0.6125817250292694
4608,zone non couverte par l'arrêté cadre,23,alerte,2,[],1,46.06675396827224,2.048962477924928,0.060734476894140244,0.3803209960460663,0.3794036222253042,0.1012241281569004,1.0,0.1264678740751014,7.497492177702483e-05,-0.23045185090352222,-0.34908723935934394,0.19063905505028994,0.1285155848071345,0.1664133301013599,0.1290968441320341,0.14860548110360897,0.13697879849149214
8254,ILE-DE-BATZ,29,vigilance,1,[],1,48.74503621808988,-4.017589708220931,0.18806181848049164,,0.3379714337673995,0.31343636413415277,,0.11265714458913317,0.0900804312600078,-1.6292763985447798,-3.2381009092156194,0.21993853176823164,0.5673692126133529,0.46215276630194035,0.2159003746025666,0.6181822315638645,0.5106633789287494
8255,AULNE,29,vigilance,1,[],1,48.28886832888718,-3.881945384638068,0.18806181848049164,,0.3379714337673995,0.31343636413415277,,0.11265714458913317,0.11172659562910138,-0.9519800069179245,-1.5182902732819856,0.22899971685296847,0.39152347890757894,0.3222991535766897,0.22472720682106856,0.4315420716738277,0.34924618693894793
8256,ODET,29,vigilance,1,[],1,48.008658936355765,-4.0044504747961405,0.18806181848049164,,0.3379714337673995,0.31343636413415277,,0.11265714458913317,0.15174944174958005,-1.0735008921291092,-1.6390618463576319,0.2457534663917735,0.41236090067692244,0.3438273708402248,0.2388862520778085,0.4504078016695932,0.36903238626551105
8257,OUESSANT,29,vigilance,1,[],1,48.45928695315149,-5.08416700144673,0.18806181848049164,,0.3379714337673995,0.31343636413415277,,0.11265714458913317,1.2481871674172224e-05,-1.1604819756136235,-1.6950161100872536,0.18223566923358034,0.42325426662215393,0.32594975322615305,0.16040694524267674,0.4587303707445074,0.3456989838007843
8258,ILE-DE-SEIN,29,vigilance,1,[],1,48.03776622402614,-4.852095740731943,0.18806181848049164,,0.3379714337673995,0.31343636413415277,,0.11265714458913317,7.828497624229627e-16,-0.8076684155528302,-1.356055885600576,0.18223044426404264,0.3623367953301054,0.2819437602285747,0.16039500946879276,0.40406236720277555,0.3024149833522146
8259,ILE-MOLENE,29,vigilance,1,[],1,48.39565195780465,-4.959084510307006,0.18806181848049164,,0.3379714337673995,0.31343636413415277,,0.11265714458913317,1.2481871674172224e-05,-1.1604819756136235,-1.6950161100872536,0.18223566923358034,0.42325426662215393,0.32594975322615305,0.16040694524267674,0.4587303707445074,0.3456989838007843
8260,BAS LEON,29,vigilance,1,[],1,48.50303757599155,-4.559296500912717,0.18806181848049164,,0.3379714337673995,0.31343636413415277,,0.11265714458913317,0.047286260904479724,-1.3408584279516362,-1.9595260097132388,0.20202469301475476,0.45886176462997186,0.361572712831947,0.19475736942105126,0.4948890359366913,0.3887691791429417
8261,ELORN,29,vigilance,1,[],1,48.43271394423191,-4.108016947882483,0.18806181848049164,,0.3379714337673995,0.31343636413415277,,0.11265714458913317,0.0900804312600078,-1.6292763985447798,-3.2381009092156194,0.21993853176823164,0.5673692126133529,0.46215276630194035,0.2159003746025666,0.6181822315638645,0.5106633789287494
8262,BAIE DE DOUARNENEZ - OUEST CORNOUAILLE,29,vigilance,1,[],1,48.06617286188056,-4.460719227555371,0.18806181848049164,,0.3379714337673995,0.31343636413415277,,0.11265714458913317,0.011356171276148202,-1.1572906663375186,-1.4441319895162341,0.18698419037963923,0.3963828764937243,0.30790523368899997,0.1704130521630134,0.41930216202866205,0.318131604433147
8263,HAUT LEON - TREGOR,29,vigilance,1,[],1,48.565108550632765,-3.878342637373443,0.18806181848049164,,0.3379714337673995,0.31343636413415277,,0.11265714458913317,0.0900804312600078,-1.6292763985447798,-3.2381009092156194,0.21993853176823164,0.5673692126133529,0.46215276630194035,0.2159003746025666,0.6181822315638645,0.5106633789287494
8264,SUD CORNOUAILLE - ISOLE,29,vigilance,1,[],1,47.93060045761685,-3.6885048717639117,0.18806181848049164,,0.3379714337673995,0.31343636413415277,,0.11265714458913317,0.15367067007296262,-1.477754447975265,-1.9632271685158984,0.24655770150388712,0.46627819496404344,0.3841894621029814,0.2395091960165009,0.4953607464421637,0.40498183164226853
8265,ILE-DE-BATZ,29,vigilance,1,[],1,48.74503621808988,-4.017589708220931,0.18806181848049164,,0.3379714337673995,0.31343636413415277,,0.11265714458913317,0.0900804312600078,-1.6292763985447798,-3.2381009092156194,0.21993853176823164,0.5673692126133529,0.46215276630194035,0.2159003746025666,0.6181822315638645,0.5106633789287494
8266,AULNE,29,vigilance,1,[],1,48.28886832888718,-3.881945384638068,0.18806181848049164,,0.3379714337673995,0.31343636413415277,,0.11265714458913317,0.11172659562910138,-0.9519800069179245,-1.5182902732819856,0.22899971685296847,0.39152347890757894,0.3222991535766897,0.22472720682106856,0.4315420716738277,0.34924618693894793
8267,ODET,29,vigilance,1,[],1,48.008658936355765,-4.0044504747961405,0.18806181848049164,,0.3379714337673995,0.31343636413415277,,0.11265714458913317,0.15174944174958005,-1.0735008921291092,-1.6390618463576319,0.2457534663917735,0.41236090067692244,0.3438273708402248,0.2388862520778085,0.4504078016695932,0.36903238626551105
8268,OUESSANT,29,vigilance,1,[],1,48.45928695315149,-5.08416700144673,0.18806181848049164,,0.3379714337673995,0.31343636413415277,,0.11265714458913317,1.2481871674172224e-05,-1.1604819756136235,-1.6950161100872536,0.18223566923358034,0.42325426662215393,0.32594975322615305,0.16040694524267674,0.4587303707445074,0.3456989838007843
8269,ILE-DE-SEIN,29,vigilance,1,[],1,48.03776622402614,-4.852095740731943,0.18806181848049164,,0.3379714337673995,0.31343636413415277,,0.11265714458913317,7.828497624229627e-16,-0.8076684155528302,-1.356055885600576,0.18223044426404264,0.3623367953301054,0.2819437602285747,0.16039500946879276,0.40406236720277555,0.3024149833522146
8270,ILE-MOLENE,29,vigilance,1,[],1,48.39565195780465,-4.959084510307006,0.18806181848049164,,0.3379714337673995,0.31343636413415277,,0.11265714458913317,1.2481871674172224e-05,-1.1604819756136235,-1.6950161100872536,0.18223566923358034,0.42325426662215393,0.32594975322615305,0.16040694524267674,0.4587303707445074,0.3456989838007843
8271,BAS LEON,29,vigilance,1,[],1,48.50303757599155,-4.559296500912717,0.18806181848049164,,0.3379714337673995,0.31343636413415277,,0.11265714458913317,0.047286260904479724,-1.3408584279516362,-1.9595260097132388,0.20202469301475476,0.45886176462997186,0.361572712831947,0.19475736942105126,0.4948890359366913,0.3887691791429417
8272,ELORN,29,vigilance,1,[],1,48.43271394423191,-4.108016947882483,0.18806181848049164,,0.3379714337673995,0.31343636413415277,,0.11265714458913317,0.0900804312600078,-1.6292763985447798,-3.2381009092156194,0.21993853176823164,0.5673692126133529,0.46215276630194035,0.2159003746025666,0.6181822315638645,0.5106633789287494
8273,BAIE DE DOUARNENEZ - OUEST CORNOUAILLE,29,vigilance,1,[],1,48.06617286188056,-4.460719227555371,0.18806181848049164,,0.3379714337673995,0.31343636413415277,,0.11265714458913317,0.011356171276148202,-1.1572906663375186,-1.4441319895162341,0.18698419037963923,0.3963828764937243,0.30790523368899997,0.1704130521630134,0.41930216202866205,0.318131604433147
8274,HAUT LEON - TREGOR,29,vigilance,1,[],1,48.565108550632765,-3.878342637373443,0.18806181848049164,,0.3379714337673995,0.31343636413415277,,0.11265714458913317,0.0900804312600078,-1.6292763985447798,-3.2381009092156194,0.21993853176823164,0.5673692126133529,0.46215276630194035,0.2159003746025666,0.6181822315638645,0.5106633789287494
8275,SUD CORNOUAILLE - ISOLE,29,vigilance,1,[],1,47.93060045761685,-3.6885048717639117,0.18806181848049164,,0.3379714337673995,0.31343636413415277,,0.11265714458913317,0.15367067007296262,-1.477754447975265,-1.9632271685158984,0.24655770150388712,0.46627819496404344,0.3841894621029814,0.2395091960165009,0.4953607464421637,0.40498183164226853
3237,Zone sud,2A,alerte,2,[],1,41.53793061791072,9.17353403100001,0.09864452481269836,,0.3361932201594844,0.16440754135449728,,0.11206440671982813,0.4028028346910188,-1.7836104824442613,-4.753424308822899,0.264200919960483,0.6484707193638555,0.5539132590557314,0.19577841380019356,0.7038539400838278,0.5985287444097142
3238,Zone nord,2A,alerte,2,[],1,41.92756995015394,8.99209188356399,0.09864452481269836,,0.3361932201594844,0.16440754135449728,,0.11206440671982813,0.3173454248721073,-1.6098362186169606,-4.753424308822899,0.22842805073396197,0.6481636606897259,0.5447888923502251,0.18436865738631103,0.7038539400838278,0.5961634763251119
4605,zone non couverte par l'arrêté cadre,2B,vigilance,1,[],1,42.424179181055834,9.100681583096076,0.09864452481269836,,0.3361932201594844,0.16440754135449728,,0.11206440671982813,0.4099268018813413,-1.7107833754112955,-4.753424308822899,0.26718304576108315,0.6482538348381965,0.5544257027390566,0.1966519487155834,0.7038539400838278,0.5987098301560885
9919,Tescou,31,alerte_renforcee,3,[],1,43.90012106819482,1.5313508574320467,0.0412340946495533,0.09303999692201614,0.3956077535530414,0.06872349108258884,0.6202666461467743,0.13186925118434714,0.3629845771813119,-4.753424308822899,-0.9085752376590297,0.2518735237871151,0.65540842881345,0.558070119947302,0.16477597778190656,0.7038539400838278,0.5921018699174809
9934,Système Neste,31,vigilance,1,[],1,43.256721302624,0.9182150953736494,0.4511517584323883,0.09303999692201614,0.4328619208956447,0.7519195973873138,0.6202666461467743,0.14428730696521488,0.18595869778209873,-2.3221504184099837,-0.33447290057433066,0.5297422603557609,0.4890454260774956,0.5036013896105477,0.4889378854708671,0.537267377025774,0.521612834349825
9937,Secteur sud du département des petits cours d'eau non réalimentés non instrumentés,31,alerte_renforcee,3,[],1,43.13124333134787,0.7749067374599244,0.4511517584323883,0.09303999692201614,0.4328619208956447,0.7519195973873138,0.6202666461467743,0.14428730696521488,0.15859718624236988,-1.9930125928092912,-0.240257973592694,0.5198921162014585,0.45071527152300994,0.47731372056527754,0.4767762736041747,0.4991250456856445,0.49128928754894274
9938,Secteur rive droite Garonne des petits cours d'eau non réalimentés non instrumentés,31,alerte_renforcee,3,[],1,43.36687266956028,1.6092317052746443,0.4511517584323883,0.09303999692201614,0.4328619208956447,0.7519195973873138,0.6202666461467743,0.14428730696521488,0.21822798459703852,-2.1273510205453117,-0.39763931403288283,0.5413592036091391,0.4635808027117683,0.49278608187477924,0.5018837678695963,0.5154276944111825,0.5108335862134952
9939,Secteur rive gauche Garonne des petits cours d'eau non réalimentés non instrumentés,31,crise,4,[],1,43.7339430093336,1.1027550848598047,0.4511517584323883,0.09303999692201614,0.4328619208956447,0.7519195973873138,0.6202666461467743,0.14428730696521488,0.3475401015461541,-4.753424308822899,-1.0788940161847647,0.5879115657108208,0.6522901066668969,0.6366205677407523,0.5435967073356874,0.7038539400838278,0.6706322564478263
7464,bassin de l'Anglin amont confuence allemette,36,alerte_renforcee,3,[],1,46.46178954974938,1.4058580515907075,0.060734476894140244,0.09303999692201614,0.3794036222253042,0.1012241281569004,0.6202666461467743,0.1264678740751014,0.19874385646686457,-0.6596810752230132,-0.6327668612432499,0.20899718286706986,0.2442603861926835,0.2256055264286478,0.1717690232149871,0.24803014217323002,0.2078878982267118
7465,bassin de l'Anglin aval confluence allemette,36,alerte_renforcee,3,[],1,46.53125223278364,1.1863141923559881,0.060734476894140244,0.09303999692201614,0.3794036222253042,0.1012241281569004,0.6202666461467743,0.1264678740751014,0.21607773455387883,-1.1342738309729135,-1.1338395086059916,0.215237378978395,0.3618494527420805,0.29635705016724045,0.17455291287905805,0.3618936609060805,0.2782133376854327
7466,bassin de la Bouzanne,36,alerte_renforcee,3,[],1,46.59864587670259,1.728825138997959,0.060734476894140244,0.09303999692201614,0.3794036222253042,0.1012241281569004,0.6202666461467743,0.1264678740751014,0.15498279320354744,-0.7011947107810487,-0.6692548681296138,0.1932432000922757,0.2552551543988241,0.22292699606400382,0.16396308675234533,0.2595868813093813,0.21002610294507712
7467,bassin de la Claise,36,alerte_renforcee,3,[],1,46.81072014851388,1.252990784176318,0.060734476894140244,0.09303999692201614,0.3794036222253042,0.1012241281569004,0.6202666461467743,0.1264678740751014,0.2886347028911114,-1.9155238288053198,-1.482239369459002,0.2413578875797987,0.46244189830494203,0.37925004752056546,0.18480742605038059,0.4892126603121127,0.38037222245517993
7468,bassin de La Creuse,36,alerte,2,[],1,46.57521286090595,1.436980710394474,0.060734476894140244,0.09303999692201614,0.3794036222253042,0.1012241281569004,0.6202666461467743,0.1264678740751014,0.19874385646686457,-0.6596810752230132,-0.6327668612432499,0.20899718286706986,0.2442603861926835,0.2256055264286478,0.1717690232149871,0.24803014217323002,0.2078878982267118
7469,bassin de la Gartempe,36,alerte,2,[],1,46.740354486221776,0.8922467581014343,0.060734476894140244,0.09303999692201614,0.3794036222253042,0.1012241281569004,0.6202666461467743,0.1264678740751014,0.287541013289977,-4.753424308822899,-2.7769604092080624,0.24096415932339033,0.6607901209758696,0.561103741411541,0.1846668041775703,0.7038539400838278,0.5962252828233676
7470,bassin de l'Indre amont à châteauroux,36,alerte_renforcee,3,[],1,46.648369940203736,1.9683685416395802,0.015497174113988876,0.09303999692201614,0.3827501525544368,0.025828623523314796,0.6202666461467743,0.12758338418481227,0.21977754377430986,-0.49124413156155994,-0.4502918641405166,0.17887155798095736,0.19070444448110577,0.18400103276363503,0.10597256048521896,0.19718827446013437,0.1459279431473475
7471,bassin de l'Indre aval à châteauroux,36,alerte,2,[],1,46.91657960836818,1.3329708291489584,0.015497174113988876,0.09303999692201614,0.3827501525544368,0.025828623523314796,0.6202666461467743,0.12758338418481227,0.2538630410411538,-4.753424308822899,-2.4249650107727643,0.19114233699702118,0.6548442003758207,0.5428096291666087,0.10944727670974648,0.7038539400838278,0.5806321061415209
7472,bassin de l'Indrois,36,alerte_renforcee,3,[],1,47.03812340702538,1.3107095547126675,0.015497174113988876,0.09303999692201614,0.3827501525544368,0.025828623523314796,0.6202666461467743,0.12758338418481227,0.2538630410411538,-4.753424308822899,-2.4249650107727643,0.19114233699702118,0.6548442003758207,0.5428096291666087,0.10944727670974648,0.7038539400838278,0.5806321061415209
7473,bassin de la Tourmente,36,alerte_renforcee,3,[],1,47.07438363632988,1.3571030443859928,0.015497174113988876,0.09303999692201614,0.3827501525544368,0.025828623523314796,0.6202666461467743,0.12758338418481227,0.2538630410411538,-4.753424308822899,-2.4249650107727643,0.19114233699702118,0.6548442003758207,0.5428096291666087,0.10944727670974648,0.7038539400838278,0.5806321061415209
7474,bassin de la Trégonce,36,crise,4,[],1,46.90353927973557,1.5972627526144922,0.015497174113988876,0.09303999692201614,0.3827501525544368,0.025828623523314796,0.6202666461467743,0.12758338418481227,0.26036217795392974,-4.753424308822899,-1.6622334801562793,0.1934820262856205,0.6481791033008181,0.5361987499474294,0.11007338417313332,0.7038539400838278,0.5807618996223772
7475,bassin de la Ringoire,36,crise,4,[],1,46.899454954977756,1.6977839245733277,0.015497174113988876,0.09303999692201614,0.3827501525544368,0.025828623523314796,0.6202666461467743,0.12758338418481227,0.2596809156734901,-2.0971763195669832,-1.26462766497874,0.19323677186466226,0.46838477077342683,0.3659937642156458,0.11000825738746169,0.5118589379596499,0.3745470653623481
7476,bassin de l'Arnon,36,alerte,2,[],1,46.89409399569986,2.0990386775282937,0.067236989736557,0.09303999692201614,0.3887201098512957,0.11206164956092834,0.6202666461467743,0.1295733699504319,0.24111457629225327,-1.1777548363541126,-0.8249604302108063,0.22966940270622377,0.33894959667059976,0.28838179526335367,0.18729811921566242,0.37062482696285315,0.2898579320753501
7477,bassin de la Théols,36,alerte,2,[],1,46.895489811827275,1.9048696433221766,0.067236989736557,0.09303999692201614,0.3887201098512957,0.11206164956092834,0.6202666461467743,0.1295733699504319,0.24111457629225327,-1.1777548363541126,-0.8249604302108063,0.22966940270622377,0.33894959667059976,0.28838179526335367,0.18729811921566242,0.37062482696285315,0.2898579320753501
7478,bassin de le Fouzon,36,alerte,2,[],1,47.09870999222105,1.7101136201695977,0.067236989736557,0.09303999692201614,0.3887201098512957,0.11206164956092834,0.6202666461467743,0.1295733699504319,0.2596809156734901,-2.0971763195669832,-1.26462766497874,0.23635328488346902,0.46838477077342683,0.3820387406820062,0.190030599181219,0.5118589379596499,0.4018905989994605
7479,bassin de le Modon,36,alerte,2,[],1,47.141106762657884,1.424564516989303,0.067236989736557,0.09303999692201614,0.3887201098512957,0.11206164956092834,0.6202666461467743,0.1295733699504319,0.28931133580199053,-4.753424308822899,-2.3528732359684423,0.24702023612972918,0.6537985932611606,0.5552195256322897,0.19412681465039006,0.7038539400838278,0.5981863642031715
7480,bassin de Cher (36),36,vigilance,1,[],1,47.26229073477165,1.621863291953818,0.067236989736557,0.09303999692201614,0.3887201098512957,0.11206164956092834,0.6202666461467743,0.1295733699504319,0.28931133580199053,-4.753424308822899,-2.3528732359684423,0.24702023612972918,0.6537985932611606,0.5552195256322897,0.19412681465039006,0.7038539400838278,0.5981863642031715
11652,Bassin de la Loire (Lre2),37,vigilance,1,[],1,47.397188427198074,0.8886686883383399,0.07729806005954742,0.09303999692201614,0.3938548584677823,0.12883010009924573,0.6202666461467743,0.1312849528225941,0.29173065502274437,-4.753424308822899,-2.4049700843850625,0.25627541631835926,0.6545474753626696,0.5582386135601141,0.20784469154110347,0.7038539400838278,0.6010301108372914
11653,Bassin de la Loire (Lre1),37,vigilance,1,[],1,47.26680373039881,0.28319992011067485,0.015497174113988876,0.09303999692201614,0.3827501525544368,0.025828623523314796,0.6202666461467743,0.12758338418481227,0.2927635517732977,-4.753424308822899,-4.753424308822899,0.20514652086059298,0.7038539400838278,0.6004707740060813,0.11304421493001747,0.7038539400838278,0.5813777594987076
11654,Bassin du Loir (Lr1),37,vigilance,1,[],1,47.61972889907855,0.39363471159150687,0.334646612405777,0.09303999692201614,0.5013862151449886,0.5577443540096283,0.6202666461467743,0.16712873838166287,0.26473144889204514,-4.753424308822899,-4.753424308822899,0.4610128290664988,0.7038539400838278,0.6535124333344144,0.4457595855409513,0.7038539400838278,0.6503504017546915
11655,Bassin du Cher (Ch1),37,vigilance,1,[],1,47.317731561918066,0.9768754580097883,0.067236989736557,0.09303999692201614,0.3887201098512957,0.11206164956092834,0.6202666461467743,0.1295733699504319,0.2761181617748462,-4.753424308822899,-4.753424308822899,0.24227069347995722,0.7038539400838278,0.608166698220292,0.19234048298516304,0.7038539400838278,0.5978160536441192
11656,Bassin de l'Indre (In1),37,vigilance,1,[],1,47.20847014490092,0.5221715039386994,0.015497174113988876,0.09303999692201614,0.3827501525544368,0.025828623523314796,0.6202666461467743,0.12758338418481227,0.29006141769252713,-4.753424308822899,-4.753424308822899,0.20417375259151557,0.7038539400838278,0.6002691169630121,0.11280542106178655,0.7038539400838278,0.5813282569944614
11657,Bassin de l'Indre (In2),37,vigilance,1,[],1,47.06699506655559,1.1032413706669164,0.015497174113988876,0.09303999692201614,0.3827501525544368,0.025828623523314796,0.6202666461467743,0.12758338418481227,0.2582463897763409,-4.753424308822899,-4.753424308822899,0.19272034254168852,0.7038539400838278,0.5978947993818098,0.10987073806518315,0.7038539400838278,0.5807198906298785
11658,Bassin de la Creuse (Cr),37,vigilance,1,[],1,46.87673914769533,0.7617984018705144,0.060734476894140244,0.09303999692201614,0.3794036222253042,0.1012241281569004,0.6202666461467743,0.1264678740751014,0.2720579883263241,-4.753424308822899,-4.753424308822899,0.2353902703364753,0.7038539400838278,0.6067403710771433,0.18263511774782276,0.7038539400838278,0.5958041096715592
11659,Bassin de la Vienne (Vn1),37,vigilance,1,[],1,47.11519330029958,0.39014086032270034,0.060734476894140244,0.09303999692201614,0.3794036222253042,0.1012241281569004,0.6202666461467743,0.1264678740751014,0.27906292112770975,-4.753424308822899,-4.753424308822899,0.23791204614497413,0.7038539400838278,0.6072631408559185,0.18356394757081262,0.7038539400838278,0.5959966581762469
11660,Bassin de la Gartempe,37,vigilance,1,[],1,46.766422344215044,0.8503344022960293,0.060734476894140244,0.09303999692201614,0.3794036222253042,0.1012241281569004,0.6202666461467743,0.1264678740751014,0.28989239736252065,-4.753424308822899,-4.753424308822899,0.24181065758950604,0.7038539400838278,0.6080713317488281,0.18496867823104368,0.7038539400838278,0.5962878619914366
11661,Bassin de l'Aigronne,37,alerte_renforcee,3,[],1,46.93085633162645,0.9247412706372342,0.060734476894140244,0.09303999692201614,0.3794036222253042,0.1012241281569004,0.6202666461467743,0.1264678740751014,0.2582463897763409,-4.753424308822899,-4.753424308822899,0.23041809485848136,0.7038539400838278,0.6057096279532295,0.1807544449150395,0.7038539400838278,0.5954142419769651
11662,Bassin de l'Ardillere,37,vigilance,1,[],1,47.561655255009875,0.40556794073700836,0.334646612405777,0.09303999692201614,0.5013862151449886,0.5577443540096283,0.6202666461467743,0.16712873838166287,0.26473144889204514,-4.753424308822899,-4.753424308822899,0.4610128290664988,0.7038539400838278,0.6535124333344144,0.4457595855409513,0.7038539400838278,0.6503504017546915
11663,Bassin de l'Echandon,37,alerte_renforcee,3,[],1,47.18699571679152,0.8216193689814045,0.015497174113988876,0.09303999692201614,0.3827501525544368,0.025828623523314796,0.6202666461467743,0.12758338418481227,0.28918804189879993,-4.753424308822899,-4.753424308822899,0.20385933730577377,0.7038539400838278,0.6002039379693772,0.11272790819837926,0.7038539400838278,0.5813121884040978
11664,Bassin de l'Escotais,37,alerte_renforcee,3,[],1,47.58660341360814,0.46522264309297295,0.334646612405777,0.09303999692201614,0.5013862151449886,0.5577443540096283,0.6202666461467743,0.16712873838166287,0.26473144889204514,-4.753424308822899,-4.753424308822899,0.4610128290664988,0.7038539400838278,0.6535124333344144,0.4457595855409513,0.7038539400838278,0.6503504017546915
11665,Bassin de l'Esves,37,vigilance,1,[],1,47.051586060853374,0.8353071469326948,0.060734476894140244,0.09303999692201614,0.3794036222253042,0.1012241281569004,0.6202666461467743,0.1264678740751014,0.2720579883263241,-4.753424308822899,-4.753424308822899,0.2353902703364753,0.7038539400838278,0.6067403710771433,0.18263511774782276,0.7038539400838278,0.5958041096715592
11666,Bassin de l'Indrois,37,alerte_renforcee,3,[],1,47.185441503851834,1.0836524088340842,0.015497174113988876,0.09303999692201614,0.3827501525544368,0.025828623523314796,0.6202666461467743,0.12758338418481227,0.2761181617748462,-4.753424308822899,-4.753424308822899,0.19915418046115047,0.7038539400838278,0.5992285484068013,0.11154806307680866,0.7038539400838278,0.5810676038652527
11667,Bassin de la Bourouse,37,crise,4,[],1,47.04686766217871,0.4379070736192311,0.060734476894140244,0.09303999692201614,0.3794036222253042,0.1012241281569004,0.6202666461467743,0.1264678740751014,0.27906292112770975,-4.753424308822899,-4.753424308822899,0.23791204614497413,0.7038539400838278,0.6072631408559185,0.18356394757081262,0.7038539400838278,0.5959966581762469
11668,Bassin de la Brenne,37,vigilance,1,[],1,47.543635508623126,0.8797868346140225,0.07729806005954742,0.09303999692201614,0.3938548584677823,0.12883010009924573,0.6202666461467743,0.1312849528225941,0.29173065502274437,-4.753424308822899,-2.4049700843850625,0.25627541631835926,0.6545474753626696,0.5582386135601141,0.20784469154110347,0.7038539400838278,0.6010301108372914
11669,Bassin de la Bresme,37,crise,4,[],1,47.44750922430306,0.4742792064428695,0.07729806005954742,0.09303999692201614,0.3938548584677823,0.12883010009924573,0.6202666461467743,0.1312849528225941,0.26473144889204514,-4.753424308822899,-4.753424308822899,0.2465557021113075,0.7038539400838278,0.6090549901163089,0.20394459450283142,0.7038539400838278,0.6002216119774689
11670,Bassin de la Choisille,37,alerte_renforcee,3,[],1,47.498016578615186,0.6867811757436458,0.07729806005954742,0.09303999692201614,0.3938548584677823,0.12883010009924573,0.6202666461467743,0.1312849528225941,0.28006477491246096,-4.753424308822899,-2.6806585666158473,0.2520756994786572,0.6590417647279114,0.5619108627318035,0.2061915023179292,0.7038539400838278,0.6006874010049742
11671,Bassin de la Cisse,37,alerte_renforcee,3,[],1,47.49306174554488,1.0079566058040554,0.07729806005954742,0.09303999692201614,0.3938548584677823,0.12883010009924573,0.6202666461467743,0.1312849528225941,0.29173065502274437,-4.753424308822899,-2.4049700843850625,0.25627541631835926,0.6545474753626696,0.5582386135601141,0.20784469154110347,0.7038539400838278,0.6010301108372914
11672,Bassin de la Claise,37,vigilance,1,[],1,46.873129874102005,0.8414548956921113,0.060734476894140244,0.09303999692201614,0.3794036222253042,0.1012241281569004,0.6202666461467743,0.1264678740751014,0.28989239736252065,-4.753424308822899,-4.753424308822899,0.24181065758950604,0.7038539400838278,0.6080713317488281,0.18496867823104368,0.7038539400838278,0.5962878619914366
11673,Bassin de la Deme,37,alerte_renforcee,3,[],1,47.6391833823166,0.6923717514463315,0.334646612405777,0.09303999692201614,0.5013862151449886,0.5577443540096283,0.6202666461467743,0.16712873838166287,0.23855631957577583,-4.753424308822899,-1.8075899704096512,0.45158978251264187,0.6485687140854496,0.6001115226309554,0.43785175300690476,0.7038539400838278,0.6487110903414871
11674,Bassin de la Fare,37,alerte_renforcee,3,[],1,47.552560801057666,0.32042166199280786,0.334646612405777,0.09303999692201614,0.5013862151449886,0.5577443540096283,0.6202666461467743,0.16712873838166287,0.2673009842742272,-4.753424308822899,-4.753424308822899,0.46193786180408436,0.7038539400838278,0.653704194694785,0.4465066395438842,0.7038539400838278,0.6505052677243507
11675,Bassin de la Fontaine Menard,37,crise,4,[],1,47.33418329400585,0.5879343697435935,0.067236989736557,0.09303999692201614,0.3887201098512957,0.11206164956092834,0.6202666461467743,0.1295733699504319,0.29006141769252713,-4.753424308822899,-4.753424308822899,0.24729026561032236,0.7038539400838278,0.6092072667765029,0.19422666308266084,0.7038539400838278,0.5982070630070355
11676,Bassin de la Manse,37,alerte_renforcee,3,[],1,47.139245922814744,0.567631055895854,0.060734476894140244,0.09303999692201614,0.3794036222253042,0.1012241281569004,0.6202666461467743,0.1264678740751014,0.29006141769252713,-4.753424308822899,-4.753424308822899,0.2418715049083084,0.7038539400838278,0.6080839455344319,0.18499031167889168,0.7038539400838278,0.5962923466536764
11677,Bassin de la Masse,37,vigilance,1,[],1,47.3979858954995,1.0463142352672195,0.07729806005954742,0.09303999692201614,0.3938548584677823,0.12883010009924573,0.6202666461467743,0.1312849528225941,0.29173065502274437,-4.753424308822899,-2.4049700843850625,0.25627541631835926,0.6545474753626696,0.5582386135601141,0.20784469154110347,0.7038539400838278,0.6010301108372914
11678,Bassin de la Maulne,37,vigilance,1,[],1,47.542680926067334,0.24665347538839333,0.334646612405777,0.09303999692201614,0.5013862151449886,0.5577443540096283,0.6202666461467743,0.16712873838166287,0.2673009842742272,-4.753424308822899,-4.753424308822899,0.46193786180408436,0.7038539400838278,0.653704194694785,0.4465066395438842,0.7038539400838278,0.6505052677243507
11679,Bassin de la Muanne,37,vigilance,1,[],1,46.88451381114578,0.914022946987886,0.060734476894140244,0.09303999692201614,0.3794036222253042,0.1012241281569004,0.6202666461467743,0.1264678740751014,0.2582463897763409,-4.753424308822899,-4.753424308822899,0.23041809485848136,0.7038539400838278,0.6057096279532295,0.1807544449150395,0.7038539400838278,0.5954142419769651
11680,Bassin de la Roumer,37,vigilance,1,[],1,47.3744948082002,0.3725507870617457,0.015497174113988876,0.09303999692201614,0.3827501525544368,0.025828623523314796,0.6202666461467743,0.12758338418481227,0.2927635517732977,-4.753424308822899,-4.753424308822899,0.20514652086059298,0.7038539400838278,0.6004707740060813,0.11304421493001747,0.7038539400838278,0.5813777594987076
11681,Bassin de l'Indrois Amont,37,alerte_renforcee,3,[],1,47.08917543410893,1.2145760435968775,0.015497174113988876,0.09303999692201614,0.3827501525544368,0.025828623523314796,0.6202666461467743,0.12758338418481227,0.2538630410411538,-4.753424308822899,-2.4249650107727643,0.19114233699702118,0.6548442003758207,0.5428096291666087,0.10944727670974648,0.7038539400838278,0.5806321061415209
11682,Bassin de la Veude,37,alerte_renforcee,3,[],1,47.037753429532636,0.3471628237445732,0.060734476894140244,0.09303999692201614,0.3794036222253042,0.1012241281569004,0.6202666461467743,0.1264678740751014,0.2934813381472531,-4.753424308822899,-4.753424308822899,0.2431026762720097,0.7038539400838278,0.6083391701183412,0.18542616723476985,0.7038539400838278,0.5963827004875725
11683,Bassin de la Veude De Poncay,37,alerte_renforcee,3,[],1,46.98362811103774,0.5013770044298822,0.060734476894140244,0.09303999692201614,0.3794036222253042,0.1012241281569004,0.6202666461467743,0.1264678740751014,0.27906292112770975,-4.753424308822899,-4.753424308822899,0.23791204614497413,0.7038539400838278,0.6072631408559185,0.18356394757081262,0.7038539400838278,0.5959966581762469
11684,Bassin du Brignon,37,alerte_renforcee,3,[],1,46.97540436098828,0.8405677206258685,0.060734476894140244,0.09303999692201614,0.3794036222253042,0.1012241281569004,0.6202666461467743,0.1264678740751014,0.2720579883263241,-4.753424308822899,-4.753424308822899,0.2353902703364753,0.7038539400838278,0.6067403710771433,0.18263511774782276,0.7038539400838278,0.5958041096715592
11685,Bassin du Changeon,37,alerte_renforcee,3,[],1,47.35300729718266,0.21295026032715364,0.020807163789868355,0.09303999692201614,0.4206546192353322,0.03467860631644726,0.6202666461467743,0.1402182064117774,0.2927635517732977,-4.753424308822899,-4.753424308822899,0.2095715122571592,0.7038539400838278,0.6013880846431605,0.12407388007751453,0.7038539400838278,0.5836642338116458
11686,Bassin du Douai ou de la Riasse,37,vigilance,1,[],1,47.20722109375033,0.29255410693451284,0.015497174113988876,0.09303999692201614,0.3827501525544368,0.025828623523314796,0.6202666461467743,0.12758338418481227,0.2927635517732977,-4.753424308822899,-4.753424308822899,0.20514652086059298,0.7038539400838278,0.6004707740060813,0.11304421493001747,0.7038539400838278,0.5813777594987076
11687,Bassin du Lathan,37,vigilance,1,[],1,47.46392440854442,0.29133690356939795,0.020807163789868355,0.09303999692201614,0.4206546192353322,0.03467860631644726,0.6202666461467743,0.1402182064117774,0.2673009842742272,-4.753424308822899,-4.753424308822899,0.20040498795749384,0.7038539400838278,0.5994878436050303,0.12160328882890643,0.7038539400838278,0.5831520747068887
11688,Bassin du Long,37,alerte_renforcee,3,[],1,47.60175000588498,0.5774145870194481,0.334646612405777,0.09303999692201614,0.5013862151449886,0.5577443540096283,0.6202666461467743,0.16712873838166287,0.26473144889204514,-4.753424308822899,-4.753424308822899,0.4610128290664988,0.7038539400838278,0.6535124333344144,0.4457595855409513,0.7038539400838278,0.6503504017546915
11689,Bassin du Negron,37,alerte_renforcee,3,[],1,47.11321709978347,0.2067689826738091,0.060734476894140244,0.09303999692201614,0.3794036222253042,0.1012241281569004,0.6202666461467743,0.1264678740751014,0.2934813381472531,-4.753424308822899,-4.753424308822899,0.2431026762720097,0.7038539400838278,0.6083391701183412,0.18542616723476985,0.7038539400838278,0.5963827004875725
11690,Bassin du ruisseau d'Aubigny,37,crise,4,[],1,47.119646412510875,1.153847583875863,0.015497174113988876,0.09303999692201614,0.3827501525544368,0.025828623523314796,0.6202666461467743,0.12758338418481227,0.2538630410411538,-4.753424308822899,-2.4249650107727643,0.19114233699702118,0.6548442003758207,0.5428096291666087,0.10944727670974648,0.7038539400838278,0.5806321061415209
11691,Bassin du ruisseau d'Azay,37,crise,4,[],1,47.32970374773399,0.8292654872788211,0.067236989736557,0.09303999692201614,0.3887201098512957,0.11206164956092834,0.6202666461467743,0.1295733699504319,0.28918804189879993,-4.753424308822899,-4.753424308822899,0.24697585032458058,0.7038539400838278,0.609142087782868,0.19411038496457061,0.7038539400838278,0.5981829582924667
11692,Bassin du ruisseau d'Olivet,37,alerte_renforcee,3,[],1,47.21805560115398,1.249811355386552,0.015497174113988876,0.09303999692201614,0.3827501525544368,0.025828623523314796,0.6202666461467743,0.12758338418481227,0.27306909546534014,-4.753424308822899,-4.753424308822899,0.19805651658972825,0.7038539400838278,0.5990010002253575,0.11126728681728341,0.7038539400838278,0.5810093983171692
11693,Bassin du ruisseau de Boutineau,37,vigilance,1,[],1,47.121587988174184,1.0660164267693921,0.015497174113988876,0.09303999692201614,0.3827501525544368,0.025828623523314796,0.6202666461467743,0.12758338418481227,0.2582463897763409,-4.753424308822899,-4.753424308822899,0.19272034254168852,0.7038539400838278,0.5978947993818098,0.10987073806518315,0.7038539400838278,0.5807198906298785
11694,Bassin du ruisseau de Chantereine,37,alerte_renforcee,3,[],1,47.13967974380154,0.9295336709444332,0.015497174113988876,0.09303999692201614,0.3827501525544368,0.025828623523314796,0.6202666461467743,0.12758338418481227,0.2761181617748462,-4.753424308822899,-4.753424308822899,0.19915418046115047,0.7038539400838278,0.5992285484068013,0.11154806307680866,0.7038539400838278,0.5810676038652527
11695,Bassin du ruisseau de Chezelles,37,vigilance,1,[],1,47.25604248298188,1.1615426900656285,0.067236989736557,0.09303999692201614,0.3887201098512957,0.11206164956092834,0.6202666461467743,0.1295733699504319,0.27306909546534014,-4.753424308822899,-4.753424308822899,0.24117302960853504,0.7038539400838278,0.6079391500388482,0.19191928663623642,0.7038539400838278,0.5977287386966892
11696,Bassin du ruisseau de Cleret,37,crise,4,[],1,47.23994318722656,0.9801885252242143,0.015497174113988876,0.09303999692201614,0.3827501525544368,0.025828623523314796,0.6202666461467743,0.12758338418481227,0.2761181617748462,-4.753424308822899,-4.753424308822899,0.19915418046115047,0.7038539400838278,0.5992285484068013,0.11154806307680866,0.7038539400838278,0.5810676038652527
11697,Bassin du ruisseau de Gaudeberts,37,vigilance,1,[],1,47.077978819058316,0.597318329601509,0.060734476894140244,0.09303999692201614,0.3794036222253042,0.1012241281569004,0.6202666461467743,0.1264678740751014,0.27906292112770975,-4.753424308822899,-4.753424308822899,0.23791204614497413,0.7038539400838278,0.6072631408559185,0.18356394757081262,0.7038539400838278,0.5959966581762469
11698,Bassin du ruisseau de la Coulee,37,crise,4,[],1,47.02627316786253,1.0613982430569258,0.015497174113988876,0.09303999692201614,0.3827501525544368,0.025828623523314796,0.6202666461467743,0.12758338418481227,0.2582463897763409,-4.753424308822899,-4.753424308822899,0.19272034254168852,0.7038539400838278,0.5978947993818098,0.10987073806518315,0.7038539400838278,0.5807198906298785
11699,Bassin du ruisseau de Montison,37,vigilance,1,[],1,47.2216173477149,0.6476301977481544,0.015497174113988876,0.09303999692201614,0.3827501525544368,0.025828623523314796,0.6202666461467743,0.12758338418481227,0.28918804189879993,-4.753424308822899,-4.753424308822899,0.20385933730577377,0.7038539400838278,0.6002039379693772,0.11272790819837926,0.7038539400838278,0.5813121884040978
11700,Bassin du ruisseau de Panzoult,37,crise,4,[],1,47.1652204519511,0.3964450043446017,0.060734476894140244,0.09303999692201614,0.3794036222253042,0.1012241281569004,0.6202666461467743,0.1264678740751014,0.29006141769252713,-4.753424308822899,-4.753424308822899,0.2418715049083084,0.7038539400838278,0.6080839455344319,0.18499031167889168,0.7038539400838278,0.5962923466536764
11701,Bassin du ruisseau de Parcay,37,crise,4,[],1,47.069293947602844,0.4965630739656972,0.060734476894140244,0.09303999692201614,0.3794036222253042,0.1012241281569004,0.6202666461467743,0.1264678740751014,0.27906292112770975,-4.753424308822899,-4.753424308822899,0.23791204614497413,0.7038539400838278,0.6072631408559185,0.18356394757081262,0.7038539400838278,0.5959966581762469
11702,Bassin du ruisseau de Rigny,37,crise,4,[],1,47.07980221824971,1.1071741401074693,0.015497174113988876,0.09303999692201614,0.3827501525544368,0.025828623523314796,0.6202666461467743,0.12758338418481227,0.2582463897763409,-4.753424308822899,-4.753424308822899,0.19272034254168852,0.7038539400838278,0.5978947993818098,0.10987073806518315,0.7038539400838278,0.5807198906298785
11703,Bassin du ruisseau de Roche,37,crise,4,[],1,47.09717995942248,1.2639141205035347,0.015497174113988876,0.09303999692201614,0.3827501525544368,0.025828623523314796,0.6202666461467743,0.12758338418481227,0.2538630410411538,-4.753424308822899,-2.4249650107727643,0.19114233699702118,0.6548442003758207,0.5428096291666087,0.10944727670974648,0.7038539400838278,0.5806321061415209
11704,Bassin du ruisseau de Rochette,37,vigilance,1,[],1,47.20359245773908,0.8910031448777083,0.015497174113988876,0.09303999692201614,0.3827501525544368,0.025828623523314796,0.6202666461467743,0.12758338418481227,0.2761181617748462,-4.753424308822899,-4.753424308822899,0.19915418046115047,0.7038539400838278,0.5992285484068013,0.11154806307680866,0.7038539400838278,0.5810676038652527
11705,Bassin du ruisseau de Verneuil,37,vigilance,1,[],1,47.048332786052754,1.0248923612411054,0.015497174113988876,0.09303999692201614,0.3827501525544368,0.025828623523314796,0.6202666461467743,0.12758338418481227,0.2582463897763409,-4.753424308822899,-4.753424308822899,0.19272034254168852,0.7038539400838278,0.5978947993818098,0.10987073806518315,0.7038539400838278,0.5807198906298785
11706,Bassin du ruisseau de Vitray,37,vigilance,1,[],1,47.05446615169646,1.1699300309303027,0.015497174113988876,0.09303999692201614,0.3827501525544368,0.025828623523314796,0.6202666461467743,0.12758338418481227,0.2538630410411538,-4.753424308822899,-2.4249650107727643,0.19114233699702118,0.6548442003758207,0.5428096291666087,0.10944727670974648,0.7038539400838278,0.5806321061415209
11707,Bassin du ruisseau des Vallees,37,vigilance,1,[],1,47.23777951368913,0.38868404691309194,0.015497174113988876,0.09303999692201614,0.3827501525544368,0.025828623523314796,0.6202666461467743,0.12758338418481227,0.29006141769252713,-4.753424308822899,-4.753424308822899,0.20417375259151557,0.7038539400838278,0.6002691169630121,0.11280542106178655,0.7038539400838278,0.5813282569944614
11708,Bassin du ruisseau du Doigt,37,vigilance,1,[],1,47.231784608263744,0.42019307900467895,0.015497174113988876,0.09303999692201614,0.3827501525544368,0.025828623523314796,0.6202666461467743,0.12758338418481227,0.29006141769252713,-4.753424308822899,-4.753424308822899,0.20417375259151557,0.7038539400838278,0.6002691169630121,0.11280542106178655,0.7038539400838278,0.5813282569944614
11709,Bassin du ruisseau Sennevieres,37,vigilance,1,[],1,47.10039357185582,1.1016239466250761,0.015497174113988876,0.09303999692201614,0.3827501525544368,0.025828623523314796,0.6202666461467743,0.12758338418481227,0.2582463897763409,-4.753424308822899,-4.753424308822899,0.19272034254168852,0.7038539400838278,0.5978947993818098,0.10987073806518315,0.7038539400838278,0.5807198906298785
11710,Bassin du Vieux Cher,37,vigilance,1,[],1,47.31031790599643,0.48566027940214107,0.015497174113988876,0.09303999692201614,0.3827501525544368,0.025828623523314796,0.6202666461467743,0.12758338418481227,0.29006141769252713,-4.753424308822899,-4.753424308822899,0.20417375259151557,0.7038539400838278,0.6002691169630121,0.11280542106178655,0.7038539400838278,0.5813282569944614
8974,Affluents Loire amont,41,alerte_renforcee,3,[],1,47.68113147137149,1.5037477084500375,0.07729806005954742,0.09303999692201614,0.3938548584677823,0.12883010009924573,0.6202666461467743,0.1312849528225941,0.30340808659747687,-4.753424308822899,-1.589455275321364,0.26047929168526296,0.6481764228937187,0.5526957288187971,0.2094540878001096,0.7038539400838278,0.6013637422899554
8975,Aflluents Loire aval,41,alerte_renforcee,3,[],1,47.53024593921703,1.1581797701405434,0.07729806005954742,0.09303999692201614,0.3938548584677823,0.12883010009924573,0.6202666461467743,0.1312849528225941,0.2887796701399888,-4.753424308822899,-2.4797679810429463,0.25521306176056724,0.6556827263337331,0.5591606901694194,0.20743090085972665,0.7038539400838278,0.6009443311013476
8977,Bassin du Beuvron,41,vigilance,1,[],1,47.523529022367626,1.7152707292681288,0.07729806005954742,0.09303999692201614,0.3938548584677823,0.12883010009924573,0.6202666461467743,0.1312849528225941,0.3052495896498028,-3.2461653249569022,-1.7714279769922956,0.2611422327841003,0.5707928038203406,0.477759826447414,0.20970391670593475,0.6187691625946938,0.5096053622241885
8978,Bassin de la Brenne,41,alerte_renforcee,3,[],1,47.640237838316835,0.964060426883532,0.07729806005954742,0.09303999692201614,0.3938548584677823,0.12883010009924573,0.6202666461467743,0.1312849528225941,0.2488467283073673,-4.753424308822899,-1.69096906720844,0.24083720270082348,0.6482164406861322,0.5478999178558019,0.2015207707220164,0.7038539400838278,0.5997191478736353
8979,Bassin du Cher,41,vigilance,1,[],1,47.31766016241548,1.2980726049822857,0.067236989736557,0.09303999692201614,0.3887201098512957,0.11206164956092834,0.6202666461467743,0.1295733699504319,0.27306909546534014,-4.753424308822899,-4.753424308822899,0.24117302960853504,0.7038539400838278,0.6079391500388482,0.19191928663623642,0.7038539400838278,0.5977287386966892
8980,Bassin de la Cisse,41,alerte,2,[],1,47.7055979450525,1.303383900812595,0.07729806005954742,0.09303999692201614,0.3938548584677823,0.12883010009924573,0.6202666461467743,0.1312849528225941,0.2753446153423256,-4.753424308822899,-1.524830518037282,0.2503764420334085,0.6482883693057858,0.5503231923362341,0.2055090482969918,0.7038539400838278,0.6005459267564119
8981,Bassin du Cosson,41,vigilance,1,[],1,47.594595349361896,1.497380211089582,0.07729806005954742,0.09303999692201614,0.3938548584677823,0.12883010009924573,0.6202666461467743,0.1312849528225941,0.3129066980533675,-4.753424308822899,-1.9962183627263874,0.2638987918093836,0.6497667290377364,0.5551660761672732,0.2107315421307333,0.7038539400838278,0.6016285614366713
8982,Bassin du Fouzon,41,vigilance,1,[],1,47.24159250706503,1.4988939532927905,0.067236989736557,0.09303999692201614,0.3887201098512957,0.11206164956092834,0.6202666461467743,0.1295733699504319,0.28931133580199053,-4.753424308822899,-2.3528732359684423,0.24702023612972918,0.6537985932611606,0.5552195256322897,0.19412681465039006,0.7038539400838278,0.5981863642031715
8983,Bassin de La Braye,41,alerte_renforcee,3,[],1,47.962757863639254,0.9169198626135016,0.334646612405777,0.09303999692201614,0.5013862151449886,0.5577443540096283,0.6202666461467743,0.16712873838166287,0.2254666746772363,-4.753424308822899,-1.3479813646804915,0.4468775103491676,0.6491776140896712,0.5994976305447659,0.43367568388588307,0.7038539400838278,0.6478453818501975
8984,Bassin du Loir amont,41,vigilance,1,[],1,47.86651506597818,1.1320284385938706,0.334646612405777,0.09303999692201614,0.5013862151449886,0.5577443540096283,0.6202666461467743,0.16712873838166287,0.2753446153423256,-4.753424308822899,-1.524830518037282,0.4648335689885998,0.6482883693057858,0.6031221384210186,0.44881376736399564,0.7038539400838278,0.650983540493905
8985,Bassin du Loir aval,41,vigilance,1,[],1,47.7547252056697,0.7835091714610014,0.334646612405777,0.09303999692201614,0.5013862151449886,0.5577443540096283,0.6202666461467743,0.16712873838166287,0.23855631957577583,-4.753424308822899,-1.8075899704096512,0.45158978251264187,0.6485687140854496,0.6001115226309554,0.43785175300690476,0.7038539400838278,0.6487110903414871
8986,Bassin de la Masse,41,alerte_renforcee,3,[],1,47.43147127954485,1.1567344946629854,0.07729806005954742,0.09303999692201614,0.3938548584677823,0.12883010009924573,0.6202666461467743,0.1312849528225941,0.2887796701399888,-4.753424308822899,-2.4797679810429463,0.25521306176056724,0.6556827263337331,0.5591606901694194,0.20743090085972665,0.7038539400838278,0.6009443311013476
8987,Bassin des Mauves,41,alerte,2,[],1,47.85813188548305,1.5273273153939977,0.07729806005954742,0.09303999692201614,0.3938548584677823,0.12883010009924573,0.6202666461467743,0.1312849528225941,0.30340808659747687,-4.753424308822899,-1.589455275321364,0.26047929168526296,0.6481764228937187,0.5526957288187971,0.2094540878001096,0.7038539400838278,0.6013637422899554
8989,Affluents Loire amont,41,alerte_renforcee,3,[],1,47.68113147137149,1.5037477084500375,0.07729806005954742,0.09303999692201614,0.3938548584677823,0.12883010009924573,0.6202666461467743,0.1312849528225941,0.30340808659747687,-4.753424308822899,-1.589455275321364,0.26047929168526296,0.6481764228937187,0.5526957288187971,0.2094540878001096,0.7038539400838278,0.6013637422899554
8990,Aflluents Loire aval,41,alerte_renforcee,3,[],1,47.53024593921703,1.1581797701405434,0.07729806005954742,0.09303999692201614,0.3938548584677823,0.12883010009924573,0.6202666461467743,0.1312849528225941,0.2887796701399888,-4.753424308822899,-2.4797679810429463,0.25521306176056724,0.6556827263337331,0.5591606901694194,0.20743090085972665,0.7038539400838278,0.6009443311013476
8991,Bassin  de l'Aigre,41,vigilance,1,[],1,47.94268272353581,1.4117412687070159,0.334646612405777,0.09303999692201614,0.5013862151449886,0.5577443540096283,0.6202666461467743,0.16712873838166287,0.2769530476326698,-2.8523368091457137,-1.201956592432163,0.4654126046131237,0.5332536038056853,0.5110884244845406,0.4492695217272566,0.5878274574365102,0.547850613778968
8992,Bassin du Beuvron,41,vigilance,1,[],1,47.523529022367626,1.7152707292681288,0.07729806005954742,0.09303999692201614,0.3938548584677823,0.12883010009924573,0.6202666461467743,0.1312849528225941,0.3052495896498028,-3.2461653249569022,-1.7714279769922956,0.2611422327841003,0.5707928038203406,0.477759826447414,0.20970391670593475,0.6187691625946938,0.5096053622241885
8993,Bassin de la Brenne,41,alerte,2,[],1,47.640237838316835,0.964060426883532,0.07729806005954742,0.09303999692201614,0.3938548584677823,0.12883010009924573,0.6202666461467743,0.1312849528225941,0.2488467283073673,-4.753424308822899,-1.69096906720844,0.24083720270082348,0.6482164406861322,0.5478999178558019,0.2015207707220164,0.7038539400838278,0.5997191478736353
8994,Bassin du Cher,41,vigilance,1,[],1,47.31766016241548,1.2980726049822857,0.067236989736557,0.09303999692201614,0.3887201098512957,0.11206164956092834,0.6202666461467743,0.1295733699504319,0.27306909546534014,-4.753424308822899,-4.753424308822899,0.24117302960853504,0.7038539400838278,0.6079391500388482,0.19191928663623642,0.7038539400838278,0.5977287386966892
8995,Bassin de la Cisse,41,alerte,2,[],1,47.7055979450525,1.303383900812595,0.07729806005954742,0.09303999692201614,0.3938548584677823,0.12883010009924573,0.6202666461467743,0.1312849528225941,0.2753446153423256,-4.753424308822899,-1.524830518037282,0.2503764420334085,0.6482883693057858,0.5503231923362341,0.2055090482969918,0.7038539400838278,0.6005459267564119
8996,Bassin du Cosson,41,vigilance,1,[],1,47.594595349361896,1.497380211089582,0.07729806005954742,0.09303999692201614,0.3938548584677823,0.12883010009924573,0.6202666461467743,0.1312849528225941,0.3129066980533675,-4.753424308822899,-1.9962183627263874,0.2638987918093836,0.6497667290377364,0.5551660761672732,0.2107315421307333,0.7038539400838278,0.6016285614366713
8997,Bassin du Fouzon,41,vigilance,1,[],1,47.24159250706503,1.4988939532927905,0.067236989736557,0.09303999692201614,0.3887201098512957,0.11206164956092834,0.6202666461467743,0.1295733699504319,0.28931133580199053,-4.753424308822899,-2.3528732359684423,0.24702023612972918,0.6537985932611606,0.5552195256322897,0.19412681465039006,0.7038539400838278,0.5981863642031715
8999,Bassin du Loir amont,41,vigilance,1,[],1,47.86651506597818,1.1320284385938706,0.334646612405777,0.09303999692201614,0.5013862151449886,0.5577443540096283,0.6202666461467743,0.16712873838166287,0.2753446153423256,-4.753424308822899,-1.524830518037282,0.4648335689885998,0.6482883693057858,0.6031221384210186,0.44881376736399564,0.7038539400838278,0.650983540493905
9000,Bassin du Loir aval,41,vigilance,1,[],1,47.7547252056697,0.7835091714610014,0.334646612405777,0.09303999692201614,0.5013862151449886,0.5577443540096283,0.6202666461467743,0.16712873838166287,0.23855631957577583,-4.753424308822899,-1.8075899704096512,0.45158978251264187,0.6485687140854496,0.6001115226309554,0.43785175300690476,0.7038539400838278,0.6487110903414871
9001,Bassin de la Masse,41,alerte_renforcee,3,[],1,47.43147127954485,1.1567344946629854,0.07729806005954742,0.09303999692201614,0.3938548584677823,0.12883010009924573,0.6202666461467743,0.1312849528225941,0.2887796701399888,-4.753424308822899,-2.4797679810429463,0.25521306176056724,0.6556827263337331,0.5591606901694194,0.20743090085972665,0.7038539400838278,0.6009443311013476
9002,Bassin des Mauves,41,alerte,2,[],1,47.85813188548305,1.5273273153939977,0.07729806005954742,0.09303999692201614,0.3938548584677823,0.12883010009924573,0.6202666461467743,0.1312849528225941,0.30340808659747687,-4.753424308822899,-1.589455275321364,0.26047929168526296,0.6481764228937187,0.5526957288187971,0.2094540878001096,0.7038539400838278,0.6013637422899554
9003,Bassin de la Sauldre,41,vigilance,1,[],1,47.42138348185681,2.012613718784303,0.067236989736557,0.09303999692201614,0.3887201098512957,0.11206164956092834,0.6202666461467743,0.1295733699504319,0.27663801315314257,-2.9457895118184645,-1.4802659590306981,0.2424578399761439,0.5446776675296507,0.44835246176933613,0.19241197450983888,0.5956156251250083,0.48148114578407747
5117,ALLIER (lit mineur + 100m),43,alerte,2,[],1,45.109816470565214,3.4977864989238387,0.218720480799675,0.009013360366225243,0.2389405553103034,0.364534134666125,0.06008906910816829,0.07964685177010113,0.17012431146264348,-4.753424308822899,-4.753424308822899,0.25192428913475773,0.7038539400838278,0.6101679102423272,0.20763642033365048,0.7038539400838278,0.6009869357490546
5118,ALLIER AVAL,43,alerte,2,[],1,45.27825178726679,3.5659421438545866,0.218720480799675,0.009013360366225243,0.2389405553103034,0.364534134666125,0.06008906910816829,0.07964685177010113,0.14968115300844745,-4.753424308822899,-4.753424308822899,0.24456475209124715,0.7038539400838278,0.6086422617135573,0.20302777371140668,0.7038539400838278,0.6000315529719482
5119,ALLIER MOYEN,43,alerte,2,[],1,45.11230146699164,3.4213582477141786,0.218720480799675,0.009013360366225243,0.2389405553103034,0.364534134666125,0.06008906910816829,0.07964685177010113,0.17012431146264348,-4.753424308822899,-4.753424308822899,0.25192428913475773,0.7038539400838278,0.6101679102423272,0.20763642033365048,0.7038539400838278,0.6009869357490546
5120,ALLIER AMONT,43,alerte,2,[],1,44.922597801877174,3.5434499284560648,0.218720480799675,0.009013360366225243,0.2389405553103034,0.364534134666125,0.06008906910816829,0.07964685177010113,0.17012431146264348,-4.753424308822899,-4.753424308822899,0.25192428913475773,0.7038539400838278,0.6101679102423272,0.20763642033365048,0.7038539400838278,0.6009869357490546
5121,ALAGNON,43,alerte,2,[],1,45.30523085774364,3.191046072299769,0.218720480799675,0.009013360366225243,0.2389405553103034,0.364534134666125,0.06008906910816829,0.07964685177010113,0.18361398495394335,-2.9952357972832275,-4.753424308822899,0.2567805715916257,0.6650182119582998,0.5692916896571326,0.21048981231175512,0.7038539400838278,0.6015784503032531
5122,LOIRE (lit mineur + 100m),43,alerte,2,[],1,45.11235865142872,3.896777912489636,0.28727683424949646,0.009013360366225243,0.3329615798904396,0.47879472374916077,0.06008906910816829,0.11098719329681321,0.034414474695047825,-3.2603009506508864,-4.753424308822899,0.2601990424399412,0.6705286806170405,0.5758943875265415,0.200816825752143,0.7038539400838278,0.5995732185031772
5123,LOIRE AVAL,43,alerte,2,[],1,45.316568859545754,4.244246375163833,0.28727683424949646,0.009013360366225243,0.3329615798904396,0.47879472374916077,0.06008906910816829,0.11098719329681321,0.14689306508486286,-4.753424308822899,-4.753424308822899,0.3006913349802746,0.7038539400838278,0.620277428178958,0.24340686964944536,0.7038539400838278,0.6084022300874673
5124,LOIRE MOYENNE RIVE GAUCHE,43,alerte,2,[],1,45.25044371367382,3.9369401109828117,0.28727683424949646,0.009013360366225243,0.3329615798904396,0.47879472374916077,0.06008906910816829,0.11098719329681321,0.18187238803212863,-4.753424308822899,-4.753424308822899,0.31328389124129025,0.7038539400838278,0.6228878933236388,0.25242791356870253,0.7038539400838278,0.6102723127165803
5125,LOIRE MOYENNE RIVE DROITE,43,alerte,2,[],1,45.135963068097965,4.054668838863966,0.28727683424949646,0.016853200271725655,0.3329615798904396,0.47879472374916077,0.11235466847817104,0.11098719329681321,0.18187238803212863,-4.753424308822899,-4.753424308822899,0.3206010751530906,0.7038539400838278,0.6244047619532519,0.2749873267343998,0.7038539400838278,0.61494892964271
5126,HAUT-LIGNON,43,alerte,2,[],1,45.05176499453174,4.286170598783596,0.28727683424949646,0.016853200271725655,0.3329615798904396,0.47879472374916077,0.11235466847817104,0.11098719329681321,0.13778873899451324,-3.099453962100352,-4.753424308822899,0.3047309614995491,0.6671435424595539,0.5827015849530478,0.2625411895900902,0.7038539400838278,0.6123688175091855
5127,BORNE,43,alerte,2,[],1,45.12436608853015,3.7729711956344913,0.28727683424949646,0.009013360366225243,0.3329615798904396,0.47879472374916077,0.06008906910816829,0.11098719329681321,0.17012431146264348,-4.753424308822899,-4.753424308822899,0.30905458367627564,0.7038539400838278,0.6220111483835519,0.2495299142313624,0.7038539400838278,0.6096715509568054
5128,LOIRE AMONT,43,alerte,2,[],1,44.96073328946942,4.05176054335063,0.28727683424949646,0.016853200271725655,0.3329615798904396,0.47879472374916077,0.11235466847817104,0.11098719329681321,0.034414474695047825,-3.2603009506508864,-4.753424308822899,0.26751622635174155,0.6705286806170405,0.5775819490928535,0.21952634344937727,0.7038539400838278,0.6034517434674547
5129,DORETTE,43,alerte,2,[],1,45.32120413584927,3.7466093691321776,0.218720480799675,0.009013360366225243,0.2389405553103034,0.364534134666125,0.06008906910816829,0.07964685177010113,0.18187238803212863,-4.753424308822899,-4.753424308822899,0.2561535966997724,0.7038539400838278,0.6110446551824141,0.21012909348557107,0.7038539400838278,0.6015036724818746
9679,OUDON,49,alerte_renforcee,3,[],1,47.68451113179353,-0.946963268316469,0.334646612405777,,0.5013862151449886,0.5577443540096283,,0.16712873838166287,0.24101992156859162,-4.753424308822899,-4.753424308822899,0.42516203345291526,0.7038539400838278,0.6460804830283385,0.40474978678673673,0.7038539400838278,0.6418489785313805
9681,LAYON,49,alerte_renforcee,3,[],1,47.20228736354723,-0.44279394933074895,0.04134676977992058,,0.4175253660206122,0.0689112829665343,,0.13917512200687074,0.3149962402144458,-4.753424308822899,-4.753424308822899,0.17192359065170654,0.7038539400838278,0.5935835860899191,0.1121616661099764,0.7038539400838278,0.5811948051496905
9682,HYROME,49,alerte_renforcee,3,[],1,47.22876985487119,-0.7212502127226752,0.04134676977992058,,0.4175253660206122,0.0689112829665343,,0.13917512200687074,0.2864006188433489,-4.753424308822899,-4.753424308822899,0.1599533305428753,0.7038539400838278,0.5911021243327377,0.10918258768780205,0.7038539400838278,0.5805772355138547
9683,AUBANCE,49,alerte_renforcee,3,[],1,47.333163070965824,-0.4352259064821351,0.020807163789868355,0.09303999692201614,0.4206546192353322,0.03467860631644726,0.6202666461467743,0.1402182064117774,0.3149962402144458,-4.753424308822899,-4.753424308822899,0.21757528009597255,0.7038539400838278,0.6030472836601244,0.12611161881348493,0.7038539400838278,0.5840866616201031
9687,EVRE,49,alerte_renforcee,3,[],1,47.21313682908169,-0.939419175933967,0.04134676977992058,,0.4175253660206122,0.0689112829665343,,0.13917512200687074,0.2752071638734209,-4.753424308822899,-4.753424308822899,0.1552676982298822,0.7038539400838278,0.5901307822493415,0.10796301169745116,0.7038539400838278,0.5803244146768372
9688,THAU,49,crise,4,[],1,47.357993408298384,-0.9300424189208615,0.04134676977992058,,0.4175253660206122,0.0689112829665343,,0.13917512200687074,0.2752071638734209,-4.753424308822899,-4.753424308822899,0.1552676982298822,0.7038539400838278,0.5901307822493415,0.10796301169745116,0.7038539400838278,0.5803244146768372
9689,DIVATTE,49,crise,4,[],1,47.28587010223296,-1.2053614114558346,0.04134676977992058,,0.4175253660206122,0.0689112829665343,,0.13917512200687074,0.2534553205821545,-4.753424308822899,-4.753424308822899,0.14616227545679392,0.7038539400838278,0.5882432076946567,0.10549712789959477,0.7038539400838278,0.5798132314371747
9690,MAYENNE,49,alerte,2,[],1,47.62582205665619,-0.6422155709683316,0.334646612405777,,0.5013862151449886,0.5577443540096283,,0.16712873838166287,0.26012911935483934,-4.753424308822899,-2.117545662025545,0.43316123252622823,0.6509028370926795,0.5976937536119544,0.4113704098257397,0.7038539400838278,0.6432214485304142
9691,LOIRE,49,vigilance,1,[],1,47.32841808545301,-0.2479015500061022,0.020807163789868355,0.09303999692201614,0.4206546192353322,0.03467860631644726,0.6202666461467743,0.1402182064117774,0.3120635662715948,-4.753424308822899,-4.753424308822899,0.21651951747654619,0.7038539400838278,0.6028284217021594,0.125848715608603,0.7038539400838278,0.5840321611963175
9692,ROMME,49,alerte_renforcee,3,[],1,47.45543218200834,-0.8269759072659617,0.04134676977992058,,0.4175253660206122,0.0689112829665343,,0.13917512200687074,0.29500362187604307,-4.753424308822899,-4.753424308822899,0.16355458762632866,0.7038539400838278,0.5918486729999446,0.1100987829291274,0.7038539400838278,0.5807671648414374
9693,ERDRE,49,crise,4,[],1,47.55468499112652,-0.9447124505099131,0.04134676977992058,,0.4175253660206122,0.0689112829665343,,0.13917512200687074,0.2738790582741245,-4.753424308822899,-4.753424308822899,0.15471174704878138,0.7038539400838278,0.5900155323230893,0.10781616587208488,0.7038539400838278,0.580293973208019
9694,BRIONNEAU,49,alerte,2,[],1,47.514429078414594,-0.6514238876693652,0.334646612405777,,0.5013862151449886,0.5577443540096283,,0.16712873838166287,0.29500362187604307,-4.753424308822899,-4.753424308822899,0.44775986148859265,0.7038539400838278,0.6507650634431389,0.42268102777125377,0.7038539400838278,0.6455661649882609
9695,SARTHE,49,vigilance,1,[],1,47.62693373368107,-0.5210634035563133,0.334646612405777,,0.5013862151449886,0.5577443540096283,,0.16712873838166287,0.2774748536297403,-4.753424308822899,-1.9223172189185271,0.44042223757153565,0.6492103584560847,0.5979418613974816,0.4171124273640771,0.7038539400838278,0.6444117816393778
9696,LOIR,49,vigilance,1,[],1,47.609462408892696,-0.21063157102788904,0.334646612405777,0.09303999692201614,0.5013862151449886,0.5577443540096283,0.6202666461467743,0.16712873838166287,0.3068074504448506,-4.753424308822899,-4.753424308822899,0.47616018962550877,0.7038539400838278,0.6566525151377908,0.45741413310708606,0.7038539400838278,0.652766415593963
9697,AUTHION,49,vigilance,1,[],1,47.355894560381444,0.08678536624933564,0.020807163789868355,0.09303999692201614,0.4206546192353322,0.03467860631644726,0.6202666461467743,0.1402182064117774,0.3215959603528705,-4.753424308822899,-4.753424308822899,0.21995117934580544,0.7038539400838278,0.6035398129012414,0.1266970219974684,0.7038539400838278,0.5842080170125825
9698,COUASNON,49,crise,4,[],1,47.51299141439844,-0.1770449837945326,0.020807163789868355,0.09303999692201614,0.4206546192353322,0.03467860631644726,0.6202666461467743,0.1402182064117774,0.3068074504448506,-4.753424308822899,-4.753424308822899,0.21462731577891825,0.7038539400838278,0.602436164048036,0.1253731513428198,0.7038539400838278,0.5839335756578334
9699,LATHAN,49,vigilance,1,[],1,47.4180855656635,0.0065277066572655,0.020807163789868355,0.09303999692201614,0.4206546192353322,0.03467860631644726,0.6202666461467743,0.1402182064117774,0.2947175384783871,-4.753424308822899,-4.753424308822899,0.2102749474709914,0.7038539400838278,0.6015339083400484,0.12425722144661099,0.7038539400838278,0.5837022408885001
9704,Alluvions de la Loire-Thau,49,vigilance,1,[],1,47.360753774388584,-0.833688548014871,0.04134676977992058,,0.4175253660206122,0.0689112829665343,,0.13917512200687074,0.2864006188433489,-4.753424308822899,-4.753424308822899,0.1599533305428753,0.7038539400838278,0.5911021243327377,0.10918258768780205,0.7038539400838278,0.5805772355138547
9706,Romme Brionneau,49,alerte,2,[],1,47.470377066763746,-0.7390785408093127,0.04134676977992058,,0.4175253660206122,0.0689112829665343,,0.13917512200687074,0.29500362187604307,-4.753424308822899,-4.753424308822899,0.16355458762632866,0.7038539400838278,0.5918486729999446,0.1100987829291274,0.7038539400838278,0.5807671648414374
9707,Erdre,49,alerte,2,[],1,47.55455865404501,-0.9448299792033625,0.04134676977992058,,0.4175253660206122,0.0689112829665343,,0.13917512200687074,0.2738790582741245,-4.753424308822899,-4.753424308822899,0.15471174704878138,0.7038539400838278,0.5900155323230893,0.10781616587208488,0.7038539400838278,0.580293973208019
9712,Loir-Sarthe aval,49,alerte_renforcee,3,[],1,47.6268667873433,-0.2869357359583513,0.334646612405777,0.09303999692201614,0.5013862151449886,0.5577443540096283,0.6202666461467743,0.16712873838166287,0.2864051674084292,-4.753424308822899,-1.7840801484126272,0.46881536773239707,0.6484725145227507,0.6042644169812896,0.4519114944968569,0.7038539400838278,0.6516257062734696
9713,Authion alluvions,49,vigilance,1,[],1,47.339027224892995,-0.17967510838071113,0.020807163789868355,0.09303999692201614,0.4206546192353322,0.03467860631644726,0.6202666461467743,0.1402182064117774,0.3120635662715948,-4.753424308822899,-4.753424308822899,0.21651951747654619,0.7038539400838278,0.6028284217021594,0.125848715608603,0.7038539400838278,0.5840321611963175
9716,Sud-Loire,49,alerte,2,[],1,47.33320181843273,-0.2689457226691853,0.020807163789868355,0.09303999692201614,0.4206546192353322,0.03467860631644726,0.6202666461467743,0.1402182064117774,0.3120635662715948,-4.753424308822899,-4.753424308822899,0.21651951747654619,0.7038539400838278,0.6028284217021594,0.125848715608603,0.7038539400838278,0.5840321611963175
9717,Layon,49,alerte_renforcee,3,[],1,47.21573771402021,-0.5094133708484477,0.04134676977992058,,0.4175253660206122,0.0689112829665343,,0.13917512200687074,0.3149962402144458,-4.753424308822899,-4.753424308822899,0.17192359065170654,0.7038539400838278,0.5935835860899191,0.1121616661099764,0.7038539400838278,0.5811948051496905
9719,bassin Mayenne médiane et aval,53,alerte,2,[],1,48.086832727108735,-0.7070113523194825,0.334646612405777,,0.5013862151449886,0.5577443540096283,,0.16712873838166287,0.21860599002206932,-4.753424308822899,-1.7970703052520498,0.41577945745669664,0.6485241370865269,0.5912612411085368,0.39654148919524035,0.7038539400838278,0.6401473800381418
9720,bassin Oudon,53,alerte_renforcee,3,[],1,47.9243266369396,-1.0039021059981807,0.334646612405777,,0.5013862151449886,0.5577443540096283,,0.16712873838166287,0.2163962370045394,-3.198126439635681,-1.8405873209389036,0.4148544445656376,0.5695145115707733,0.5229092714311314,0.3957039172305413,0.6152459884873109,0.5561172036590182
9721,bassin Mayenne amont est,53,alerte,2,[],1,48.458452949297836,-0.38544565903378547,0.334646612405777,,0.5013862151449886,0.5577443540096283,,0.16712873838166287,0.1621472965824037,-2.9538084579561548,-2.112708417471149,0.39214558578427844,0.5633891255237614,0.5110523713799179,0.3732250045458036,0.5962702197764906,0.5332352227689973
9722,bassin Mayenne amont ouest,53,vigilance,1,[],1,48.40617189484697,-0.7779142410425723,0.334646612405777,,0.5013862151449886,0.5577443540096283,,0.16712873838166287,0.14215070575865946,-2.5783585990987192,-3.1617891411276164,0.3837749198580599,0.5908818412739306,0.5315699996295705,0.36380869293268286,0.6125374467421404,0.5450762921283798
9723,bassin Sarthe amont,53,vigilance,1,[],1,48.30928346503241,-0.23721142558299219,0.334646612405777,,0.5013862151449886,0.5577443540096283,,0.16712873838166287,0.19560327952130704,-1.933338520690642,-1.35820237954592,0.4061504158517264,0.4573169822014171,0.437879923555488,0.38754739709362845,0.4915260943141943,0.45451677631549026
9724,bassin Sarthe aval,53,alerte,2,[],1,47.97885654130399,-0.45832116238946197,0.334646612405777,,0.5013862151449886,0.5577443540096283,,0.16712873838166287,0.23165922220441185,-2.8561408311792795,-1.5902575544111417,0.421243601160933,0.5408022775498863,0.502371527222016,0.4013833307990919,0.5881503297518013,0.5343063808994579
9725,bassin Mayenne médiane et aval,53,alerte,2,[],1,48.086832727108735,-0.7070113523194825,0.334646612405777,,0.5013862151449886,0.5577443540096283,,0.16712873838166287,0.21860599002206932,-4.753424308822899,-1.7970703052520498,0.41577945745669664,0.6485241370865269,0.5912612411085368,0.39654148919524035,0.7038539400838278,0.6401473800381418
9726,bassin Oudon,53,alerte_renforcee,3,[],1,47.9243266369396,-1.0039021059981807,0.334646612405777,,0.5013862151449886,0.5577443540096283,,0.16712873838166287,0.2163962370045394,-3.198126439635681,-1.8405873209389036,0.4148544445656376,0.5695145115707733,0.5229092714311314,0.3957039172305413,0.6152459884873109,0.5561172036590182
9727,bassin Mayenne amont est,53,alerte,2,[],1,48.458452949297836,-0.38544565903378547,0.334646612405777,,0.5013862151449886,0.5577443540096283,,0.16712873838166287,0.1621472965824037,-2.9538084579561548,-2.112708417471149,0.39214558578427844,0.5633891255237614,0.5110523713799179,0.3732250045458036,0.5962702197764906,0.5332352227689973
9728,bassin Mayenne amont ouest,53,vigilance,1,[],1,48.40617189484697,-0.7779142410425723,0.334646612405777,,0.5013862151449886,0.5577443540096283,,0.16712873838166287,0.14215070575865946,-2.5783585990987192,-3.1617891411276164,0.3837749198580599,0.5908818412739306,0.5315699996295705,0.36380869293268286,0.6125374467421404,0.5450762921283798
9729,bassin Sarthe amont,53,vigilance,1,[],1,48.30928346503241,-0.23721142558299219,0.334646612405777,,0.5013862151449886,0.5577443540096283,,0.16712873838166287,0.19560327952130704,-1.933338520690642,-1.35820237954592,0.4061504158517264,0.4573169822014171,0.437879923555488,0.38754739709362845,0.4915260943141943,0.45451677631549026
9730,bassin Sarthe aval,53,alerte,2,[],1,47.97885654130399,-0.45832116238946197,0.334646612405777,,0.5013862151449886,0.5577443540096283,,0.16712873838166287,0.23165922220441185,-2.8561408311792795,-1.5902575544111417,0.421243601160933,0.5408022775498863,0.502371527222016,0.4013833307990919,0.5881503297518013,0.5343063808994579
7317,Moselle amont et Meurthe partie du département 54,54,alerte,2,,0,48.576482474051375,6.375243913409504,0.3536083996295929,0.09303999692201614,0.4105830758527218,0.5893473327159882,0.6202666461467743,0.1368610252842406,0.11082002459015669,-4.753424308822899,-4.753424308822899,0.4214062056709989,0.7038539400838278,0.6453018915088018,0.39326630558965486,0.7038539400838278,0.6394684271339344
7318,Meuse aval et Chiers partie du département 54,54,vigilance,1,,0,49.394603145230576,5.803219404696444,0.6716166734695435,0.09303999692201614,0.4591402402878886,1.0,0.6202666461467743,0.15304674676262953,0.091246846999395,-0.8506984035671505,-0.2495305225994011,0.6196861953803307,0.2456547283598134,0.44315893637391207,0.5181537362177531,0.2984175395414156,0.406331682602613
7319,"Moselle aval, Orne, Nied et Seille partie du département 54",54,alerte,2,,0,49.0472737487337,5.90488214714594,0.3536083996295929,0.09303999692201614,0.4105830758527218,0.5893473327159882,0.6202666461467743,0.1368610252842406,0.14767445002485619,-1.1568124369143877,-0.5007053620092351,0.43467379882749074,0.31601580451644024,0.3728279394600159,0.4105313944493459,0.3664495309848402,0.38599919067594
7320,Meuse amont et médiane partie du département 55,55,vigilance,1,[],1,49.00936080337253,5.463534099563731,0.6716166734695435,0.09303999692201614,0.4591402402878886,1.0,0.6202666461467743,0.15304674676262953,0.10832249309494513,-0.8325550856804751,-0.3089799859759748,0.6258334279747286,0.24430476392082165,0.44612833961805515,0.5302890281674044,0.2939237050990898,0.41074807118768236
7321,Bassin Saulx-Ornain partie du département 55,55,vigilance,1,[],1,48.681424464812395,5.255804026689531,0.2028668224811554,0.09303999692201614,0.6131240182312397,0.33811137080192566,0.6202666461467743,0.20437467274374657,0.08918113590145213,-4.753424308822899,-0.7090162184347509,0.287998224786034,0.6601722331460299,0.5716396896465822,0.290883936248819,0.7038539400838278,0.6182443324343148
7322,Bassin de l'Aisne partie du département 55,55,vigilance,1,[],1,49.03012477516283,5.169681684928104,0.38655808568000793,0.09303999692201614,0.4901896031341051,0.6442634761333466,0.6202666461467743,0.16339653437803503,0.09532673492617019,-1.088557894952836,-0.47878572240333367,0.44328669310064295,0.30294285050616654,0.3714222257137084,0.41044208797643217,0.35244859639241405,0.37873623320514904
7323,"Moselle aval, Orne, Nied et Seille partie du département 55",55,alerte,2,[],1,49.02814374672371,5.706945354101409,0.3536083996295929,0.09303999692201614,0.4105830758527218,0.5893473327159882,0.6202666461467743,0.1368610252842406,0.14033858437345484,-0.8471726183868409,-0.2463975730362025,0.43203288719298627,0.2447519504618975,0.343762443989174,0.40731749371317266,0.2975487376198617,0.35152377852121236
7324,Meuse aval et Chiers partie du département 55,55,vigilance,1,[],1,49.43209264083183,5.389333317112797,0.6716166734695435,0.09303999692201614,0.4591402402878886,1.0,0.6202666461467743,0.15304674676262953,0.08647865098774168,-1.5148139092699306,-0.43115369769986606,0.6179696448161355,0.3752892415786267,0.48141278271098287,0.5145520744314073,0.4309798323247719,0.46426783617633055
7325,Moselle amont et Meurthe partie du département 57,57,alerte,2,[],1,48.66510693639065,6.816713940762796,0.3536083996295929,0.09303999692201614,0.4105830758527218,0.5893473327159882,0.6202666461467743,0.1368610252842406,0.13986054137452136,-4.753424308822899,-1.4909854765675388,0.4318607917133702,0.6483913619579234,0.5950975487292103,0.4071045773646731,0.7038539400838278,0.642337131897489
7326,"Moselle aval, Orne, Nied et Seille partie du département 57",57,alerte,2,[],1,49.1086572959272,6.305813836693792,0.3536083996295929,0.09303999692201614,0.4105830758527218,0.5893473327159882,0.6202666461467743,0.1368610252842406,0.13991014660253845,-1.8283279047463676,-0.905253355934554,0.43187864959545635,0.4271753168037186,0.4290612463851943,0.4071266914164734,0.47757871066363033,0.451814766351615
7327,"Lauter, Sauer, Moder et Zorn partie du département 57",57,vigilance,1,[],1,49.00860232002837,7.501431083311726,0.07706476747989655,0.09303999692201614,0.1542709070729354,0.12844127913316092,0.6202666461467743,0.051423635690978464,0.09844888399715464,-4.753424308822899,-1.2426592148300224,0.18649956826610453,0.6501351003688071,0.5365882411356103,0.15859690628457046,0.7038539400838278,0.5908209345429675
7328,Sarre partie du département 57,57,vigilance,1,[],1,48.90667851291157,6.820489820859684,0.3536083996295929,0.09303999692201614,0.4105830758527218,0.5893473327159882,0.6202666461467743,0.1368610252842406,0.11030354272419485,-4.753424308822899,-1.129173077231405,0.4212202721992526,0.651540873388385,0.595360752516666,0.3930023354010463,0.7038539400838278,0.6394137055220301
6075,bassin de la  LOIRE aval,58,vigilance,1,[],1,47.26601056627587,3.006730453473841,0.07729806005954742,0.09303999692201614,0.3938548584677823,0.12883010009924573,0.6202666461467743,0.1312849528225941,0.170162313089895,-1.9253215096062508,-0.9196817106761265,0.21251081322253346,0.4389446244199776,0.35001528953019906,0.18768334876414056,0.4904875957025441,0.3824898317801975
6081,bassin de l'ALLIER,58,vigilance,1,[],1,46.81983741150992,3.087279649705184,0.218720480799675,0.09303999692201614,0.2389405553103034,0.364534134666125,0.6202666461467743,0.07964685177010113,0.12714550271398561,-1.3157954957177957,-0.4927701244965554,0.31487677877064574,0.3431004733576809,0.33012238122765636,0.29579259416505305,0.3968264922903381,0.35416781277947196
6082,bassin de la LOIRE amont,58,vigilance,1,[],1,46.865514110113374,3.3551165850488056,0.28727683424949646,0.09303999692201614,0.3329615798904396,0.47879472374916077,0.6202666461467743,0.11098719329681321,0.17834411070432593,-1.3959552712879137,-0.7370721561273826,0.39043857218868616,0.36430050349558196,0.37593167347104495,0.3713733777685553,0.4110640923602326,0.3947013914441883
6083,bassin de l'ACOLIN_COLATRE,58,alerte,2,[],1,46.814856196794445,3.1883411470096914,0.28727683424949646,0.04290509968996048,0.3329615798904396,0.47879472374916077,0.2860339979330699,0.11098719329681321,0.17834411070432593,-1.3959552712879137,-0.7370721561273826,0.34364600143876756,0.36430050349558196,0.35510946390493553,0.3207973750645437,0.4110640923602326,0.37385117460409345
9847,HUISNE,61,vigilance,1,[],1,48.42204704569276,0.6984350225436452,0.334646612405777,0.09303999692201614,0.5013862151449886,0.5577443540096283,0.6202666461467743,0.16712873838166287,0.2225861218184764,-1.1781486808236767,-0.5346835758846973,0.44584051132001407,0.3211326901859719,0.38039473431819726,0.4327350398773121,0.37070282077499833,0.39802851112650567
9848,ITON,61,vigilance,1,[],1,48.685125675197895,0.5703246039260075,0.051349468529224396,0.09303999692201614,0.5604092075238286,0.08558244754870734,0.6202666461467743,0.18680306917460954,0.17898821708647167,-1.3295291489697076,-0.7573875789687453,0.1940643123860319,0.3558086449656816,0.2828726344241574,0.16202909011545963,0.3993144644434539,0.29954073993289115
9849,MAYENNE AMONT,61,vigilance,1,[],1,48.551810233386405,-0.43369015210103984,0.334646612405777,,0.5013862151449886,0.5577443540096283,,0.16712873838166287,0.1621472965824037,-2.9538084579561548,-2.112708417471149,0.39214558578427844,0.5633891255237614,0.5110523713799179,0.3732250045458036,0.5962702197764906,0.5332352227689973
9850,ORNE AMONT,61,vigilance,1,[],1,48.685637017445075,0.034633107894246284,0.3307099938392639,,0.5544128676162594,0.5511833230654399,,0.1848042892054198,0.18179410417907935,-1.2597353809939014,-0.84771698675454,0.3965552779502192,0.3517597503041529,0.37208653512273315,0.38279545368959667,0.38645326499165245,0.3848822982644954
9851,ORNE MOYENNE,61,vigilance,1,[],1,48.73792458572761,-0.4755868727428173,0.334646612405777,,0.5013862151449886,0.5577443540096283,,0.16712873838166287,0.15457201418982786,-1.9475230780073616,-1.8869677911121525,0.38897453734087467,0.4894845099639094,0.4535661814148956,0.36974196459813974,0.4933531836349481,0.44951412222054665
9853,SARTHE,61,vigilance,1,[],1,48.5003814903602,0.17617698910079654,0.334646612405777,,0.5013862151449886,0.5577443540096283,,0.16712873838166287,0.20001571903189397,-1.7642757201349926,-0.909136622762902,0.40799748355383253,0.41962932146502036,0.41490377710223286,0.38932168372841497,0.4686892914612862,0.439171089531584
9854,TOUQUES,61,vigilance,1,[],1,48.84269957340413,0.31243678329163976,0.332099974155426,0.09303999692201614,0.615985181243664,0.5534999569257101,0.6202666461467743,0.205328393747888,0.174191527912562,-1.4059062102769169,-0.8612176482360208,0.4262962589719258,0.37211713573749755,0.39592983589326225,0.42119694813831043,0.4127847695966384,0.4162426011490179
9855,AVRE,61,vigilance,1,[],1,48.655115518685676,0.7597675786557699,0.051349468529224396,0.09303999692201614,0.5604092075238286,0.08558244754870734,0.6202666461467743,0.18680306917460954,0.20312562347232813,-1.009459687087525,-0.47011666484547016,0.2027537786849402,0.288098519317306,0.24556858626004285,0.16600075032288242,0.33542887828627244,0.2566109495509315
9967,ARROUX MORVAN,71,vigilance,1,[],1,46.830906975133566,4.2646177901376365,0.28727683424949646,0.016853200271725655,0.3329615798904396,0.47879472374916077,0.11235466847817104,0.11098719329681321,0.03816117633119195,-1.0193528369417253,-1.8912807040072024,0.2688650389407534,0.4381576112963177,0.3715765910268889,0.2217026636927693,0.4860303966402579,0.3909309025982576
9968,VALLÉE DE LA LOIRE,71,vigilance,1,[],1,46.460761698505245,4.014880687858509,0.28727683424949646,0.04290509968996048,0.3329615798904396,0.47879472374916077,0.2860339979330699,0.11098719329681321,0.17016392824846988,-1.8526346596339924,-1.4344071302834276,0.3407011357546593,0.4542205821901472,0.4108509780201871,0.3183007827466382,0.48087473204894965,0.42179736055355366
9969,ARCONCE ET SORNIN,71,vigilance,1,[],1,46.3816449062496,4.271023023793449,0.28727683424949646,0.04290509968996048,0.3329615798904396,0.47879472374916077,0.2860339979330699,0.11098719329681321,0.07964923398854899,-4.753424308822899,-4.753424308822899,0.30811584582108786,0.7038539400838278,0.6218165459215762,0.2838984897907765,0.7038539400838278,0.6167962337226015
9970,SEILLE ET GUYOTTE,71,vigilance,1,[],1,46.67842790444643,5.186204064521824,0.10427100211381912,0.24447600543498993,0.507054555098885,0.1737850035230319,1.0,0.16901818503296165,0.07860947741563334,-1.497793315482047,-4.753424308822899,0.25519191363114396,0.6483681534607576,0.5515908524021075,0.21834955512092336,0.7038539400838278,0.6032077926086759
9971,DHEUNE,71,vigilance,1,[],1,46.84551494318986,4.5865551093494705,0.10427100211381912,0.016853200271725655,0.507054555098885,0.1737850035230319,0.11235466847817104,0.16901818503296165,0.11193499610522285,-1.3418847621240435,-4.753424308822899,0.14291875394634013,0.6492241142479613,0.524904316393397,0.14819731781444706,0.7038539400838278,0.5886650765378437
9972,BOURBINCE,71,vigilance,1,[],1,46.61736200881912,4.327980769027048,0.28727683424949646,0.016853200271725655,0.3329615798904396,0.47879472374916077,0.11235466847817104,0.11098719329681321,0.07964923398854899,-4.753424308822899,-4.753424308822899,0.283800739697402,0.7038539400838278,0.616775969909095,0.24181730367653254,0.7038539400838278,0.6080727094975688
9973,GROSNE,71,vigilance,1,[],1,46.501386323708005,4.618792894835737,0.10427100211381912,0.24447600543498993,0.507054555098885,0.1737850035230319,1.0,0.16901818503296165,0.09446518608979426,-4.753424308822899,-4.753424308822899,0.2608999687538419,0.7038539400838278,0.6120285887503104,0.22418956453455696,0.7038539400838278,0.6044184396530805
9974,SAÔNE AVAL,71,vigilance,1,,0,46.5804462192654,4.898637870116371,0.10427100211381912,0.016853200271725655,0.507054555098885,0.1737850035230319,0.11235466847817104,0.16901818503296165,0.04139812069371107,-2.07901053337187,-4.753424308822899,0.11752547879819587,0.6505133706781562,0.5201228714164183,0.12827774583644613,0.7038539400838278,0.5845357046082926
8078,bassin sarthe amont,72,vigilance,1,[],1,48.23593208199519,0.07854622977105927,0.334646612405777,0.09303999692201614,0.5013862151449886,0.5577443540096283,0.6202666461467743,0.16712873838166287,0.21309438508557665,-1.5918618053681355,-1.0161764262053914,0.44242348609617016,0.4038426330220713,0.41994281487116325,0.4295770848780018,0.44318570469193846,0.43788147285566975
8079,Bassin de la Vaige-Taude-Erve,72,alerte,2,[],1,47.93900505660072,-0.29203563258609433,0.334646612405777,,0.5013862151449886,0.5577443540096283,,0.16712873838166287,0.2394642146611639,-2.4689550694258293,-1.4725638154789402,0.42451080730561996,0.5081941829911795,0.47938500332681455,0.4041961514687071,0.5524680895355343,0.506018592937613
8081,bassin Vive-Parence,72,alerte_renforcee,3,[],1,48.11308088352111,0.3447343106054116,0.334646612405777,0.09303999692201614,0.5013862151449886,0.5577443540096283,0.6202666461467743,0.16712873838166287,0.25565053434338847,-2.930816026048737,-1.4477701405083898,0.45774369982898244,0.5429595728754831,0.5156966035650102,0.4430789855791318,0.5943876247999703,0.5514267652201162
8082,bassin du Due-Narais,72,alerte_renforcee,3,[],1,47.96210827919828,0.5018226405112187,0.334646612405777,0.09303999692201614,0.5013862151449886,0.5577443540096283,0.6202666461467743,0.16712873838166287,0.23863074099752954,-4.753424308822899,-1.5377482111065812,0.4516165742244732,0.6482571788295008,0.5998403341151892,0.43787505085740397,0.7038539400838278,0.6487159200381281
8083,Bassin du Loir,72,vigilance,1,[],1,47.69059450676909,0.18774131250094303,0.334646612405777,0.09303999692201614,0.5013862151449886,0.5577443540096283,0.6202666461467743,0.16712873838166287,0.24555141582448897,-4.753424308822899,-2.050673259814869,0.4541080171621786,0.6502436927033843,0.6022239099788909,0.4400205013076552,0.7038539400838278,0.6491606767264392
8084,Bassin de la Braye,72,alerte_renforcee,3,[],1,47.99121876729484,0.743026440372075,0.334646612405777,0.09303999692201614,0.5013862151449886,0.5577443540096283,0.6202666461467743,0.16712873838166287,0.2163571077875869,-4.753424308822899,-1.3959876117303576,0.44359806626889386,0.6488490566475947,0.5983972014207474,0.4306729317194867,0.7038539400838278,0.6472229045941094
8085,Bassin de l Anille-Veuve-Tusson,72,crise,4,[],1,47.85502830796429,0.5349626102059661,0.334646612405777,0.09303999692201614,0.5013862151449886,0.5577443540096283,0.6202666461467743,0.16712873838166287,0.2294239366778433,-4.753424308822899,-2.225699927763629,0.4483021246693861,0.6521285103906314,0.602494738494851,0.43495494434385684,0.7038539400838278,0.6481105754111622
8086,Bassin de l Aune,72,crise,4,[],1,47.77376980101487,0.21841202580649205,0.334646612405777,0.09303999692201614,0.5013862151449886,0.5577443540096283,0.6202666461467743,0.16712873838166287,0.24555141582448897,-4.753424308822899,-2.050673259814869,0.4541080171621786,0.6502436927033843,0.6022239099788909,0.4400205013076552,0.7038539400838278,0.6491606767264392
8087,Bassin de l Argance,72,crise,4,[],1,47.745717458471105,-0.16483874470165097,0.334646612405777,0.09303999692201614,0.5013862151449886,0.5577443540096283,0.6202666461467743,0.16712873838166287,0.2864051674084292,-4.753424308822899,-1.7840801484126272,0.46881536773239707,0.6484725145227507,0.6042644169812896,0.4519114944968569,0.7038539400838278,0.6516257062734696
8089,Bassin de Vaudelle-Merdereau-Orthe,72,alerte,2,[],1,48.26382175233941,-0.09049783002866091,0.334646612405777,,0.5013862151449886,0.5577443540096283,,0.16712873838166287,0.21309438508557665,-1.5918618053681355,-1.0161764262053914,0.413472273994909,0.4038426330220713,0.4078611800071881,0.39444234142193085,0.44318570469193846,0.42418700366284456
8091,Bassin de la Sarthe aval,72,vigilance,1,[],1,47.882655867777444,0.04077372041555295,0.334646612405777,0.09303999692201614,0.5013862151449886,0.5577443540096283,0.6202666461467743,0.16712873838166287,0.25068196161166506,-2.203848184281967,-1.2506307264957823,0.455955013645562,0.4778783768271356,0.4698657134482956,0.4415847317742182,0.5242454264932959,0.496717084000006
8092,Bassin de la Vègre,72,vigilance,1,[],1,48.022944763527235,-0.16425165152289833,0.334646612405777,,0.5013862151449886,0.5577443540096283,,0.16712873838166287,0.2394642146611639,-2.4689550694258293,-1.4725638154789402,0.42451080730561996,0.5081941829911795,0.47938500332681455,0.4041961514687071,0.5524680895355343,0.506018592937613
8093,Bassin Affluents de la Sarthe Médiane*,72,alerte_renforcee,3,[],1,47.861241678901294,0.24554056020080775,0.334646612405777,0.09303999692201614,0.5013862151449886,0.5577443540096283,0.6202666461467743,0.16712873838166287,0.24555141582448897,-4.753424308822899,-2.050673259814869,0.4541080171621786,0.6502436927033843,0.6022239099788909,0.4400205013076552,0.7038539400838278,0.6491606767264392
8094,Bassin du Deux-Fonts et de la Voutonne**,72,vigilance,1,[],1,47.7838406298341,-0.26806933479631556,0.334646612405777,0.09303999692201614,0.5013862151449886,0.5577443540096283,0.6202666461467743,0.16712873838166287,0.2864051674084292,-4.753424308822899,-1.7840801484126272,0.46881536773239707,0.6484725145227507,0.6042644169812896,0.4519114944968569,0.7038539400838278,0.6516257062734696
8095,Bassin de la Gee,72,alerte,2,[],1,47.986507418305564,-0.0674716874689117,0.334646612405777,0.09303999692201614,0.5013862151449886,0.5577443540096283,0.6202666461467743,0.16712873838166287,0.25068196161166506,-2.203848184281967,-1.2506307264957823,0.455955013645562,0.4778783768271356,0.4698657134482956,0.4415847317742182,0.5242454264932959,0.496717084000006
8650,bassin du Chéran,74,alerte,2,,0,45.81842216553898,6.007078770715877,0.07338256388902664,0.24447600543498993,0.3354370754820005,0.12230427314837775,1.0,0.11181235849400017,0.02797771276730691,-4.753424308822899,-4.753424308822899,0.2112241131704194,0.7038539400838278,0.6017306725175137,0.1566490562154101,0.7038539400838278,0.590417140856665
8651,bassin du Fier,74,alerte,2,,0,45.87597356092244,6.245633249518008,0.07338256388902664,,0.3354370754820005,0.12230427314837775,,0.11181235849400017,0.019432173148774174,-4.753424308822899,-4.753424308822899,0.07924153361365997,0.7038539400838278,0.5743703878781987,0.08910160846459227,0.7038539400838278,0.5764144035005062
8652,bassin des Usses,74,alerte,2,,0,46.024048236728774,5.980506190229858,0.07338256388902664,,0.3354370754820005,0.12230427314837775,,0.11181235849400017,0.022297681471161852,-4.753424308822899,-4.753424308822899,0.08044104872535714,0.7038539400838278,0.5746190500500961,0.09038602646530237,0.7038539400838278,0.5766806662316432
8653,bassin du Genevois,74,alerte,2,,0,46.11316052308708,6.030080425813887,0.07338256388902664,,0.3354370754820005,0.12230427314837775,,0.11181235849400017,0.022297681471161852,-4.753424308822899,-4.753424308822899,0.08044104872535714,0.7038539400838278,0.5746190500500961,0.09038602646530237,0.7038539400838278,0.5766806662316432
8654,bassin de l Arve aval,74,alerte,2,,0,46.14151493977613,6.315624542614621,0.07338256388902664,,0.3354370754820005,0.12230427314837775,,0.11181235849400017,0.03187105655368765,-4.753424308822899,-4.753424308822899,0.0844485080622284,0.7038539400838278,0.5754498053551181,0.09441023621707893,0.7038539400838278,0.5775148939352286
8655,bassin de l Arve médian,74,alerte,2,,0,46.07864409128679,6.510103346511193,0.07338256388902664,,0.3354370754820005,0.12230427314837775,,0.11181235849400017,0.013762160705649309,-4.753424308822899,-4.753424308822899,0.07686804003281701,0.7038539400838278,0.5738783573376566,0.08643430289562419,0.7038539400838278,0.5758614650761166
8656,bassin du l Arve amont,74,vigilance,1,,0,45.941810756927524,6.787992255714278,0.07338256388902664,,0.3354370754820005,0.12230427314837775,,0.11181235849400017,0.006289972643099753,-4.753424308822899,-4.753424308822899,0.07374014735547069,0.7038539400838278,0.5732299381730909,0.08262361198583922,0.7038539400838278,0.5750715003071727
8657,bassin du Sud-Ouest Lémanique,74,alerte,2,,0,46.31735815250076,6.394931531304484,0.07338256388902664,,0.3354370754820005,0.12230427314837775,,0.11181235849400017,0.024341459054545468,-4.753424308822899,-4.753424308822899,0.08129658352770378,0.7038539400838278,0.5747964043326813,0.09127828259076969,0.7038539400838278,0.5768656329268385
8658,bassin des Dranses,74,alerte,2,,0,46.27283455461016,6.671152119803772,0.07338256388902664,,0.3354370754820005,0.12230427314837775,,0.11181235849400017,0.012881718163406847,-4.753424308822899,-4.753424308822899,0.07649948268955271,0.7038539400838278,0.573801954574114,0.08600383706788166,0.7038539400838278,0.5757722285449464
9398,Layon - eaux superficielles,79,alerte_renforcee,3,[],1,47.047524965110604,-0.4588394545479668,0.04134676977992058,,0.4175253660206122,0.0689112829665343,,0.13917512200687074,0.2809902910417255,-4.753424308822899,-4.753424308822899,0.1576885421608004,0.7038539400838278,0.5906326286236109,0.1085970892278126,0.7038539400838278,0.5804558603704456
9406,Aume Couture - eaux superficielles,79,vigilance,1,[],1,46.057826472525335,-0.10153068598484966,0.4644896984100342,0.09303999692201614,0.5765413493178984,0.774149497350057,0.6202666461467743,0.1921804497726328,0.21058257171133246,-2.730268987154123,-1.9201982774402482,0.5497218049516566,0.5428992446782015,0.5450822628961589,0.519033087059469,0.5771910634614329,0.5599782649538083
9407,Boutonne - eaux superficielles,79,vigilance,1,[],1,46.16912685529008,-0.2070606006827654,0.4644896984100342,0.09303999692201614,0.5765413493178984,0.774149497350057,0.6202666461467743,0.1921804497726328,0.21378940395311954,-4.753424308822899,-4.753424308822899,0.5508762645587,0.7038539400838278,0.672141324980497,0.5203234381129948,0.7038539400838278,0.6658076555606582
9409,Sèvre Niortaise Amont - eaux superficielles,79,alerte_renforcee,3,[],1,46.32438290873699,-0.05364819311405941,1.089766502380371,0.09303999692201614,0.6320482620207721,1.0,0.6202666461467743,0.21068275400692404,0.21254439805313344,-4.753424308822899,-4.753424308822899,0.6633533137596764,0.7038539400838278,0.6954580694468036,0.6029182027402351,0.7038539400838278,0.6829297354405008
9410,Sèvre Niortaise Moyenne - eaux superficielles,79,alerte_renforcee,3,[],1,46.42574907542661,-0.3675952841145069,1.089766502380371,0.09303999692201614,0.6320482620207721,1.0,0.6202666461467743,0.21068275400692404,0.23642449710032376,-4.753424308822899,-4.753424308822899,0.671950149416665,0.7038539400838278,0.6972402127520985,0.61352936466221,0.7038539400838278,0.6851294530965286
9411,Lambon - eaux superficielles,79,alerte_renforcee,3,[],1,46.2845338670947,-0.3199378567470767,1.089766502380371,0.09303999692201614,0.6320482620207721,1.0,0.6202666461467743,0.21068275400692404,0.21378940395311954,-4.753424308822899,-4.753424308822899,0.6638015158836714,0.7038539400838278,0.6955509827519506,0.603490466473321,0.7038539400838278,0.6830483669953512
9412,Marais Mouillé Sèvre Niortaise - eaux superficielles,79,alerte,2,[],1,46.26774952840222,-0.7339369717377001,1.089766502380371,0.09303999692201614,0.6320482620207721,1.0,0.6202666461467743,0.21068275400692404,0.2879162803553962,-2.8829074098235505,-4.753424308822899,0.690487191388491,0.6628005338607726,0.6693356821570411,0.6341577494024988,0.7038539400838278,0.6894057635008186
9413,Mignon Courance - eaux superficielles,79,alerte_renforcee,3,[],1,46.202030599970584,-0.5062199028500717,1.089766502380371,0.09303999692201614,0.6320482620207721,1.0,0.6202666461467743,0.21068275400692404,0.2391516487833302,-4.753424308822899,-4.753424308822899,0.6729319240225473,0.7038539400838278,0.6974437368289789,0.614694797530503,0.7038539400838278,0.6853710499429578
9414,Autize - eaux superficielles,79,alerte,2,[],1,46.508590701762614,-0.4860225388594191,1.089766502380371,,0.6320482620207721,1.0,,0.21068275400692404,0.23367314092485234,-4.753424308822899,-4.753424308822899,0.6792120124801707,0.7038539400838278,0.6987456132458341,0.610556975564969,0.7038539400838278,0.6845132701727485
9415,Vendée - eaux superficielles,79,alerte,2,[],1,46.57801317759763,-0.5837962770152473,1.089766502380371,,0.6320482620207721,1.0,,0.21068275400692404,0.23367314092485234,-4.753424308822899,-4.753424308822899,0.6792120124801707,0.7038539400838278,0.6987456132458341,0.610556975564969,0.7038539400838278,0.6845132701727485
9417,Argenton - eaux superficielles,79,alerte_renforcee,3,[],1,46.94144819409736,-0.5459811558704321,0.020807163789868355,,0.4206546192353322,0.03467860631644726,,0.1402182064117774,0.2809902910417255,-4.753424308822899,-4.753424308822899,0.13778582317819163,0.7038539400838278,0.586506750357788,0.0771195618847368,0.7038539400838278,0.5739304983814568
9418,Thouet Amont - eaux superficielles,79,vigilance,1,[],1,46.73836651252086,-0.2136438123971273,0.020807163789868355,,0.4206546192353322,0.03467860631644726,,0.1402182064117774,0.27076416315295465,-4.753424308822899,-4.753424308822899,0.13350511848056662,0.7038539400838278,0.5856193506768815,0.07621611071569921,0.7038539400838278,0.5737432109286308
9419,Thouet Aval - eaux superficielles,79,alerte_renforcee,3,[],1,46.99914160522022,-0.20893284414717667,0.020807163789868355,0.09303999692201614,0.4206546192353322,0.03467860631644726,0.6202666461467743,0.1402182064117774,0.3146085928272314,-4.753424308822899,-4.753424308822899,0.21743572703657538,0.7038539400838278,0.6030183539980416,0.12607696662126677,0.7038539400838278,0.5840794781429681
9420,Thouaret - eaux superficielles,79,alerte_renforcee,3,[],1,46.8226933190589,-0.33440289218596086,0.020807163789868355,,0.4206546192353322,0.03467860631644726,,0.1402182064117774,0.27076416315295465,-4.753424308822899,-4.753424308822899,0.13350511848056662,0.7038539400838278,0.5856193506768815,0.07621611071569921,0.7038539400838278,0.5737432109286308
9421,Layon - eaux souterraines,79,alerte_renforcee,3,[],1,47.047524965110604,-0.4588394545479668,0.04134676977992058,,0.4175253660206122,0.0689112829665343,,0.13917512200687074,0.2809902910417255,-4.753424308822899,-4.753424308822899,0.1576885421608004,0.7038539400838278,0.5906326286236109,0.1085970892278126,0.7038539400838278,0.5804558603704456
9429,Aume Couture - eaux souterraines,79,vigilance,1,[],1,46.057826472525335,-0.10153068598484966,0.4644896984100342,0.09303999692201614,0.5765413493178984,0.774149497350057,0.6202666461467743,0.1921804497726328,0.21058257171133246,-2.730268987154123,-1.9201982774402482,0.5497218049516566,0.5428992446782015,0.5450822628961589,0.519033087059469,0.5771910634614329,0.5599782649538083
9430,Boutonne - eaux souterraines,79,vigilance,1,[],1,46.16912685529008,-0.2070606006827654,0.4644896984100342,0.09303999692201614,0.5765413493178984,0.774149497350057,0.6202666461467743,0.1921804497726328,0.21378940395311954,-4.753424308822899,-4.753424308822899,0.5508762645587,0.7038539400838278,0.672141324980497,0.5203234381129948,0.7038539400838278,0.6658076555606582
9432,Sèvre Niortaise Amont - eaux souterraines,79,alerte_renforcee,3,[],1,46.32438290873699,-0.05364819311405941,1.089766502380371,0.09303999692201614,0.6320482620207721,1.0,0.6202666461467743,0.21068275400692404,0.21254439805313344,-4.753424308822899,-4.753424308822899,0.6633533137596764,0.7038539400838278,0.6954580694468036,0.6029182027402351,0.7038539400838278,0.6829297354405008
9433,Sèvre Niortaise Moyenne - eaux souterraines,79,alerte_renforcee,3,[],1,46.42574907542661,-0.3675952841145069,1.089766502380371,0.09303999692201614,0.6320482620207721,1.0,0.6202666461467743,0.21068275400692404,0.23642449710032376,-4.753424308822899,-4.753424308822899,0.671950149416665,0.7038539400838278,0.6972402127520985,0.61352936466221,0.7038539400838278,0.6851294530965286
9434,Lambon - eaux souterraines,79,alerte_renforcee,3,[],1,46.2845338670947,-0.3199378567470767,1.089766502380371,0.09303999692201614,0.6320482620207721,1.0,0.6202666461467743,0.21068275400692404,0.21378940395311954,-4.753424308822899,-4.753424308822899,0.6638015158836714,0.7038539400838278,0.6955509827519506,0.603490466473321,0.7038539400838278,0.6830483669953512
9435,Marais Mouillé Sèvre Niortaise - eaux souterraines,79,alerte,2,[],1,46.26774952840222,-0.7339369717377001,1.089766502380371,0.09303999692201614,0.6320482620207721,1.0,0.6202666461467743,0.21068275400692404,0.2879162803553962,-2.8829074098235505,-4.753424308822899,0.690487191388491,0.6628005338607726,0.6693356821570411,0.6341577494024988,0.7038539400838278,0.6894057635008186
9436,Mignon Courance - eaux souterraines,79,alerte_renforcee,3,[],1,46.202030599970584,-0.5062199028500717,1.089766502380371,0.09303999692201614,0.6320482620207721,1.0,0.6202666461467743,0.21068275400692404,0.2391516487833302,-4.753424308822899,-4.753424308822899,0.6729319240225473,0.7038539400838278,0.6974437368289789,0.614694797530503,0.7038539400838278,0.6853710499429578
9440,Argenton - eaux souterraines,79,alerte_renforcee,3,[],1,46.94144819409736,-0.5459811558704321,0.020807163789868355,,0.4206546192353322,0.03467860631644726,,0.1402182064117774,0.2809902910417255,-4.753424308822899,-4.753424308822899,0.13778582317819163,0.7038539400838278,0.586506750357788,0.0771195618847368,0.7038539400838278,0.5739304983814568
9441,Thouet Amont - eaux souterraines,79,vigilance,1,[],1,46.73836651252086,-0.2136438123971273,0.020807163789868355,,0.4206546192353322,0.03467860631644726,,0.1402182064117774,0.27076416315295465,-4.753424308822899,-4.753424308822899,0.13350511848056662,0.7038539400838278,0.5856193506768815,0.07621611071569921,0.7038539400838278,0.5737432109286308
9442,Thouet Aval - eaux souterraines,79,alerte_renforcee,3,[],1,46.99914160522022,-0.20893284414717667,0.020807163789868355,0.09303999692201614,0.4206546192353322,0.03467860631644726,0.6202666461467743,0.1402182064117774,0.3146085928272314,-4.753424308822899,-4.753424308822899,0.21743572703657538,0.7038539400838278,0.6030183539980416,0.12607696662126677,0.7038539400838278,0.5840794781429681
9443,Thouaret - eaux souterraines,79,alerte_renforcee,3,[],1,46.8226933190589,-0.33440289218596086,0.020807163789868355,,0.4206546192353322,0.03467860631644726,,0.1402182064117774,0.27076416315295465,-4.753424308822899,-4.753424308822899,0.13350511848056662,0.7038539400838278,0.5856193506768815,0.07621611071569921,0.7038539400838278,0.5737432109286308
9399,Dive du Nord - eaux superficielles,79,crise,4,,0,46.86328237230738,-0.04957966563634131,0.020807163789868355,0.09303999692201614,0.4206546192353322,0.03467860631644726,0.6202666461467743,0.1402182064117774,0.30883551666500114,-4.753424308822899,-4.753424308822899,0.21535741961817245,0.7038539400838278,0.6025875162107633,0.1255573193401598,0.7038539400838278,0.5839717540965759
9400,Auxance - eaux superficielles,79,crise,4,,0,46.61809369382033,-0.06872622693427045,0.060734476894140244,0.09303999692201614,0.3794036222253042,0.1012241281569004,0.6202666461467743,0.1264678740751014,0.25865388496367886,-4.753424308822899,-4.753424308822899,0.23056479312592298,0.7038539400838278,0.605740038832959,0.18081090571415942,0.7038539400838278,0.5954259464272045
9401,Boivre - eaux superficielles,79,crise,4,,0,46.56403640066712,-0.03942607819294881,0.060734476894140244,0.09303999692201614,0.3794036222253042,0.1012241281569004,0.6202666461467743,0.1264678740751014,0.25865388496367886,-4.753424308822899,-4.753424308822899,0.23056479312592298,0.7038539400838278,0.605740038832959,0.18081090571415942,0.7038539400838278,0.5954259464272045
9402,Vonne - eaux superficielles,79,crise,4,,0,46.520507220489506,-0.11967595976488261,0.060734476894140244,,0.3794036222253042,0.1012241281569004,,0.1264678740751014,0.25865388496367886,-4.753424308822899,-4.753424308822899,0.16712495658764487,0.7038539400838278,0.5925888184901831,0.1311469530763908,0.7038539400838278,0.5851304977017274
9403,Dive du Sud - eaux superficielles,79,crise,4,,0,46.18487705265187,0.07863726557993518,0.060734476894140244,0.09303999692201614,0.3794036222253042,0.1012241281569004,0.6202666461467743,0.1264678740751014,0.21254439805313344,-4.753424308822899,-4.753424308822899,0.21396537783812664,0.7038539400838278,0.6022989428288839,0.17399769480805777,0.7038539400838278,0.5940135525315505
9408,Moine - eaux superficielles,79,alerte_renforcee,3,,0,46.9850768896467,-0.7508073962784716,0.04134676977992058,,0.4175253660206122,0.0689112829665343,,0.13917512200687074,0.23199083830106834,-4.753424308822899,-4.753424308822899,0.13717714333912995,0.7038539400838278,0.5863805696625259,0.10292606643745199,0.7038539400838278,0.5792802446319035
9416,Sèvre Nantaise - eaux superficielles,79,alerte_renforcee,3,,0,46.79462890526352,-0.6392865487706634,0.04134676977992058,,0.4175253660206122,0.0689112829665343,,0.13917512200687074,0.22529788932320396,-4.753424308822899,-4.753424308822899,0.13437544376700067,0.7038539400838278,0.5857997710599776,0.10209347479765223,0.7038539400838278,0.5791076465183514
9422,Dive du Nord - eaux souterraines,79,crise,4,,0,46.86328237230738,-0.04957966563634131,0.020807163789868355,0.09303999692201614,0.4206546192353322,0.03467860631644726,0.6202666461467743,0.1402182064117774,0.30883551666500114,-4.753424308822899,-4.753424308822899,0.21535741961817245,0.7038539400838278,0.6025875162107633,0.1255573193401598,0.7038539400838278,0.5839717540965759
9423,Auxance  - eaux souterraines,79,crise,4,,0,46.61809369382033,-0.06872622693427045,0.060734476894140244,0.09303999692201614,0.3794036222253042,0.1012241281569004,0.6202666461467743,0.1264678740751014,0.25865388496367886,-4.753424308822899,-4.753424308822899,0.23056479312592298,0.7038539400838278,0.605740038832959,0.18081090571415942,0.7038539400838278,0.5954259464272045
9426,Dive du Sud - eaux souterraines,79,crise,4,,0,46.18487705265187,0.07863726557993518,0.060734476894140244,0.09303999692201614,0.3794036222253042,0.1012241281569004,0.6202666461467743,0.1264678740751014,0.21254439805313344,-4.753424308822899,-4.753424308822899,0.21396537783812664,0.7038539400838278,0.6022989428288839,0.17399769480805777,0.7038539400838278,0.5940135525315505
9437,Autize - eaux souterraines,79,vigilance,1,,0,46.508590701762614,-0.4860225388594191,1.089766502380371,,0.6320482620207721,1.0,,0.21068275400692404,0.23367314092485234,-4.753424308822899,-4.753424308822899,0.6792120124801707,0.7038539400838278,0.6987456132458341,0.610556975564969,0.7038539400838278,0.6845132701727485
7198,BASSIN DE LAVRE,80,vigilance,1,[],1,49.729665603561465,2.538740891988751,0.3895244896411896,0.09303999692201614,0.5748556103489042,0.649207482735316,0.6202666461467743,0.19161853678296806,0.1862415260858441,-1.8301988978517407,-0.7131720078576144,0.4784880212191103,0.4231275154029145,0.44548268218003273,0.46183490998807136,0.4778339054084768,0.4719860123392343
8022,BASSIN DE LA BRESLE,80,vigilance,1,[],1,49.914032695998095,1.7042166938503402,0.5518571138381958,0.3074919879436493,0.7687018746267728,0.919761856396993,1.0,0.25623395820892425,0.14165434415635828,-1.6180334700208607,-0.6304203797006789,0.6508764920947855,0.3929217875442664,0.5025408641974196,0.6017079723792841,0.4472135162452025,0.5069952292613806
8044,Zone 15 - Bassin de la Lère non réalimentée,82,alerte,2,[],1,44.21940499434976,1.6212183520280656,0.1767229288816452,0.09303999692201614,0.3712277500819347,0.294538214802742,0.6202666461467743,0.1237425833606449,0.2927005560284313,-4.753424308822899,-1.0711976868665136,0.3394786380321547,0.6524116904685695,0.5762713809835508,0.3142987742227366,0.7038539400838278,0.6230982808410007
8048,Zone 19 - Aveyron affluents,82,alerte_renforcee,3,[],1,44.036155932916124,1.4856314471536693,0.1767229288816452,0.09303999692201614,0.3712277500819347,0.294538214802742,0.6202666461467743,0.1237425833606449,0.3629845771813119,-4.753424308822899,-0.9085752376590297,0.3647808856471917,0.65540842881345,0.5853049676026265,0.32710408153547277,0.7038539400838278,0.6257528497556785
8051,Zone 23 - Bassin du Tescou non réalimenté,82,alerte_renforcee,3,[],1,43.980566828145,1.5669802001696866,0.0412340946495533,0.09303999692201614,0.3956077535530414,0.06872349108258884,0.6202666461467743,0.13186925118434714,0.3629845771813119,-4.753424308822899,-0.9085752376590297,0.2518735237871151,0.65540842881345,0.558070119947302,0.16477597778190656,0.7038539400838278,0.5921018699174809
8052,Zone 24 - Bassin du Lemboulas amont,82,crise,4,[],1,44.204279255428986,1.4204292777637617,0.020038967952132225,0.09303999692201614,0.4055883765982684,0.033398279920220375,0.6202666461467743,0.13519612553275615,0.2927005560284313,-4.753424308822899,-1.0711976868665136,0.20890867059089385,0.6524116904685695,0.5445021650026136,0.12221341620030428,0.7038539400838278,0.5832785554788492
8054,Zone 26 - Bassin Lupte-Lembous,82,crise,4,[],1,44.1932071117415,1.2439321123508087,0.020038967952132225,0.09303999692201614,0.4055883765982684,0.033398279920220375,0.6202666461467743,0.13519612553275615,0.29914201479484087,-4.162283406315885,-1.017289608152123,0.2112275957468013,0.6228121513188104,0.5141408661721837,0.12280831316975215,0.6754449823015041,0.5498922795498785
8055,Zone 27 - Tarn affluents,82,alerte_renforcee,3,[],1,44.13758095123717,1.0818584739102457,0.020038967952132225,0.09303999692201614,0.4055883765982684,0.033398279920220375,0.6202666461467743,0.13519612553275615,0.3097255068422074,-3.1558002688693634,-0.9312639448714075,0.21503765288385324,0.5571404291821899,0.45108798710124604,0.12376660645766001,0.6120873781562163,0.4794893245609596
8060,Zone 41 - Bassin de la Sère,82,alerte_renforcee,3,[],1,43.96151288665321,0.9968483914748488,0.4511517584323883,0.09303999692201614,0.4328619208956447,0.7519195973873138,0.6202666461467743,0.14428730696521488,0.39802247757667136,-4.753424308822899,-1.2589058257148773,0.6060852210818071,0.649965855661878,0.6392140513971037,0.5568845575153195,0.7038539400838278,0.6733868575806444
8061,Zone 42 - Bassin du Lambon,82,alerte_renforcee,3,[],1,43.85161585715207,1.0768956222258406,0.4511517584323883,0.09303999692201614,0.4328619208956447,0.7519195973873138,0.6202666461467743,0.14428730696521488,0.3475401015461541,-4.753424308822899,-1.0788940161847647,0.5879115657108208,0.6522901066668969,0.6366205677407523,0.5435967073356874,0.7038539400838278,0.6706322564478263
8062,Zone 43 - Barguelonne amont,82,alerte,2,[],1,44.23697168711179,1.196496803405328,0.12279792129993439,0.09303999692201614,0.4360034722679876,0.2046632021665573,0.6202666461467743,0.14533449075599586,0.29914201479484087,-4.162283406315885,-1.017289608152123,0.2968600568699698,0.6228121513188104,0.5367505328240102,0.2647666849068777,0.6754449823015041,0.5821435908459933
8064,Zone 45 - Bassin du Lendou,82,alerte,2,[],1,44.257422485684046,1.1686807618214512,0.12279792129993439,0.09303999692201614,0.4360034722679876,0.2046632021665573,0.6202666461467743,0.14533449075599586,0.29914201479484087,-4.162283406315885,-1.017289608152123,0.2968600568699698,0.6228121513188104,0.5367505328240102,0.2647666849068777,0.6754449823015041,0.5821435908459933
8065,Zone 46 - Bassin de la Petite Barguelonne,82,alerte_renforcee,3,[],1,44.25889375653597,1.1127216251719712,0.12279792129993439,0.09303999692201614,0.4360034722679876,0.2046632021665573,0.6202666461467743,0.14533449075599586,0.3097255068422074,-3.1558002688693634,-0.9312639448714075,0.3006701140070217,0.5571404291821899,0.47763419558800146,0.26651219584828106,0.6120873781562163,0.518250295646966
8066,Zone 47 - Bassin de la Séoune,82,crise,4,[],1,44.27251564925127,1.0293470961223814,0.12279792129993439,0.09303999692201614,0.4360034722679876,0.2046632021665573,0.6202666461467743,0.14533449075599586,0.3097255068422074,-3.1558002688693634,-0.9312639448714075,0.3006701140070217,0.5571404291821899,0.47763419558800146,0.26651219584828106,0.6120873781562163,0.518250295646966
8067,Zone 48 - Bassin de l'Auroue,82,alerte_renforcee,3,[],1,44.079820955554155,0.7753724649096614,0.12279792129993439,0.09303999692201614,0.4360034722679876,0.2046632021665573,0.6202666461467743,0.14533449075599586,0.3779468160144208,-4.753424308822899,-0.9087441897799909,0.3252297853090185,0.6554048943255381,0.5757611857177009,0.27685629238579107,0.7038539400838278,0.6153363704123547
8068,Zone 49 - Garonne affluents,82,alerte_renforcee,3,[],1,43.997644202513584,0.9076164883729576,0.12279792129993439,0.09303999692201614,0.4360034722679876,0.2046632021665573,0.6202666461467743,0.14533449075599586,0.39802247757667136,-4.753424308822899,-1.2589058257148773,0.33245702347142875,0.649965855661878,0.5721686029849719,0.2796430227292987,0.7038539400838278,0.6159140658602498
8073,Zone 64 - Gimone affluents,82,alerte_renforcee,3,[],1,43.91923051158028,1.037454394740859,0.4511517584323883,0.09303999692201614,0.4328619208956447,0.7519195973873138,0.6202666461467743,0.14428730696521488,0.39802247757667136,-4.753424308822899,-1.2589058257148773,0.6060852210818071,0.649965855661878,0.6392140513971037,0.5568845575153195,0.7038539400838278,0.6733868575806444
8956,10. Bassin versant de l'Æygues,84,alerte,2,[],1,44.227085398559645,4.8723039822376295,0.029968781396746635,0.24447600543498993,0.3267814449866165,0.04994796899457773,1.0,0.10892714832887217,0.513765591754137,-4.753424308822899,-4.753424308822899,0.34992959752877817,0.7038539400838278,0.6304846303945582,0.17264699632929026,0.7038539400838278,0.5937335497087153
8957,6.2. Calavon Median,84,alerte_renforcee,3,[],1,43.90310577490672,5.307933845974964,0.17384114861488342,0.24447600543498993,0.3661384290977303,0.2897352476914724,1.0,0.12204614303257677,0.5543579720817513,-2.7552398639368483,-3.4227859834398893,0.4844364937951667,0.6086307774508153,0.5746067032832605,0.3860370003687045,0.6311858874557096,0.5678958289931596
8958,4. bassin versant de la meyne,84,vigilance,1,[],1,44.11023405617813,4.780641443800043,0.029968781396746635,0.24447600543498993,0.3267814449866165,0.04994796899457773,1.0,0.10892714832887217,0.6006970392892927,-4.753424308822899,-4.753424308822899,0.38122491864143426,0.7038539400838278,0.6369722206234854,0.1786389530984917,0.7038539400838278,0.5949756957805862
8959,6.1. Calavon Amont,84,alerte_renforcee,3,[],1,43.87723613913329,5.515973197108309,0.17384114861488342,0.24447600543498993,0.3661384290977303,0.2897352476914724,1.0,0.12204614303257677,0.33450075487188924,-2.1282163180119,-4.753424308822899,0.4052878955996163,0.6510152065782316,0.5909866401762605,0.3510084440682193,0.7038539400838278,0.630708277700895
8960,2. Durance nappe d?accompagnement,84,alerte,2,[],1,43.865612148711065,5.026097939213142,0.17384114861488342,0.24447600543498993,0.3661384290977303,0.2897352476914724,1.0,0.12204614303257677,0.6972049369853466,-4.753424308822899,-2.9266894185739933,0.535861401160461,0.6636551043603953,0.633567172524069,0.4035104728898263,0.7038539400838278,0.6415920659820818
8961,12. Rhône,84,vigilance,1,[],1,44.24611635346223,4.738389478618869,0.029968781396746635,0.24447600543498993,0.3267814449866165,0.04994796899457773,1.0,0.10892714832887217,0.513765591754137,-4.753424308822899,-4.753424308822899,0.34992959752877817,0.7038539400838278,0.6304846303945582,0.17264699632929026,0.7038539400838278,0.5937335497087153
8962,5. Sud Luberon,84,alerte_renforcee,3,[],1,43.753909892041435,5.478291390058625,0.17384114861488342,0.24447600543498993,0.3661384290977303,0.2897352476914724,1.0,0.12204614303257677,0.5511262510523459,-2.279887269158589,-4.753424308822899,0.48327307422458077,0.6528114972693471,0.6116082433927872,0.38560427001139236,0.7038539400838278,0.6378800699807264
8963,8. Bassin versant de la Nesque,84,alerte_renforcee,3,[],1,44.05528030413178,5.417616855493746,0.029968781396746635,0.24447600543498993,0.3267814449866165,0.04994796899457773,1.0,0.10892714832887217,0.33450075487188924,-2.1282163180119,-4.753424308822899,0.285394256251169,0.6510152065782316,0.5616979003038391,0.1574143544720008,0.7038539400838278,0.5905757889010099
8964,7. Bassin versant du sud-ouest du Mont Ventoux,84,alerte_renforcee,3,[],1,44.09228837610512,5.145144901365661,0.029968781396746635,0.24447600543498993,0.3267814449866165,0.04994796899457773,1.0,0.10892714832887217,0.5543579720817513,-2.7552398639368483,-3.4227859834398893,0.3645428544467193,0.6086307774508153,0.5417608269889845,0.17553224076747076,0.6311858874557096,0.5135498407240848
8965,3. Bassin versant des Sorgues,84,alerte_renforcee,3,[],1,43.946242939836125,5.025087817531789,0.029968781396746635,0.24447600543498993,0.3267814449866165,0.04994796899457773,1.0,0.10892714832887217,0.607313248486699,-4.753424308822899,-4.753424308822899,0.3836067539525005,0.7038539400838278,0.6374659804234043,0.17906769418648677,0.7038539400838278,0.5950645747693399
8967,9. Bassin versant du lez provençal Lauzon,84,alerte_renforcee,3,[],1,44.36217324540608,4.959252331979506,0.029968781396746635,0.24447600543498993,0.3267814449866165,0.04994796899457773,1.0,0.10892714832887217,0.5017072209184256,-3.8324584053016566,-4.753424308822899,0.34558858402792203,0.6831937136931714,0.6083249145360032,0.17175732315587655,0.7038539400838278,0.5935491184652716
8966,11. Bassin versant de l'Ouvèze provençale,84,alerte_renforcee,3,,0,44.1482572596249,4.968559814622803,0.029968781396746635,0.24447600543498993,0.3267814449866165,0.04994796899457773,1.0,0.10892714832887217,0.5017072209184256,-3.8324584053016566,-4.753424308822899,0.34558858402792203,0.6831937136931714,0.6083249145360032,0.17175732315587655,0.7038539400838278,0.5935491184652716
8727,Bassin de la Gartempe - sous bassin de l'Anglin,86,vigilance,1,[],1,46.439911597229994,1.056929609064499,0.060734476894140244,0.09303999692201614,0.3794036222253042,0.1012241281569004,0.6202666461467743,0.1264678740751014,0.25768694886598936,-1.8067658784616325,-1.8897280906258405,0.2302166961307548,0.48037936023581357,0.3893865817386448,0.18067683201803286,0.4858252419185916,0.3759955150309092
8728,Bassin de la Charente - secteur Charente Amont,86,vigilance,1,[],1,46.14776167168473,0.322945229391328,0.4644896984100342,0.09303999692201614,0.5765413493178984,0.774149497350057,0.6202666461467743,0.1921804497726328,0.23849007384781312,-4.753424308822899,-4.753424308822899,0.5597685057207896,0.7038539400838278,0.673984706509281,0.5298558210785264,0.7038539400838278,0.6677837399204561
8729,Bassin de la Creuse,86,crise,4,[],1,46.861157299010955,0.7132072410202799,0.060734476894140244,0.09303999692201614,0.3794036222253042,0.1012241281569004,0.6202666461467743,0.1264678740751014,0.28989239736252065,-4.753424308822899,-4.753424308822899,0.24181065758950604,0.7038539400838278,0.6080713317488281,0.18496867823104368,0.7038539400838278,0.5962878619914366
8730,Bassin de la Gartempe,86,vigilance,1,[],1,46.50387916572889,0.8646279034079372,0.060734476894140244,0.09303999692201614,0.3794036222253042,0.1012241281569004,0.6202666461467743,0.1264678740751014,0.27537638159391403,-4.753424308822899,-4.753424308822899,0.23658489191280768,0.7038539400838278,0.6069880188081885,0.18307715584352802,0.7038539400838278,0.5958957451598224
8731,Bassin de la Vienne Tourangelle - sous bassin de la Veude et du Négron,86,crise,4,[],1,46.9793752712697,0.22578689116346812,0.060734476894140244,0.09303999692201614,0.3794036222253042,0.1012241281569004,0.6202666461467743,0.1264678740751014,0.2934813381472531,-4.753424308822899,-4.753424308822899,0.2431026762720097,0.7038539400838278,0.6083391701183412,0.18542616723476985,0.7038539400838278,0.5963827004875725
8732,Bassin du Clain - sous bassin de l'Auxance,86,crise,4,[],1,46.6395008515326,0.17950250911861274,0.060734476894140244,0.09303999692201614,0.3794036222253042,0.1012241281569004,0.6202666461467743,0.1264678740751014,0.3156103932126346,-4.753424308822899,-4.753424308822899,0.2510691360955471,0.7038539400838278,0.6099906351000959,0.18816399149577984,0.7038539400838278,0.5969502575949212
8733,Bassin du Clain - sous bassin de la Clouère,86,crise,4,[],1,46.27018746028563,0.5165779255027745,0.060734476894140244,0.09303999692201614,0.3794036222253042,0.1012241281569004,0.6202666461467743,0.1264678740751014,0.2584811955741438,-4.753424308822899,-2.3643642632979747,0.2305026249456904,0.6539606970661904,0.5513875017973996,0.18078698602741639,0.7038539400838278,0.5954209878225161
8734,Bassin du Clain - sous bassin de la Pallu,86,crise,4,[],1,46.725868936340895,0.273007980606125,0.060734476894140244,0.09303999692201614,0.3794036222253042,0.1012241281569004,0.6202666461467743,0.1264678740751014,0.3156103932126346,-4.753424308822899,-4.753424308822899,0.2510691360955471,0.7038539400838278,0.6099906351000959,0.18816399149577984,0.7038539400838278,0.5969502575949212
8735,Bassin du Clain - sous bassin de la Vonne,86,crise,4,[],1,46.44389438704401,0.12416336678801128,0.060734476894140244,0.09303999692201614,0.3794036222253042,0.1012241281569004,0.6202666461467743,0.1264678740751014,0.25865388496367886,-4.753424308822899,-4.753424308822899,0.23056479312592298,0.7038539400838278,0.605740038832959,0.18081090571415942,0.7038539400838278,0.5954259464272045
8736,Bassin du Clain - sous bassin de la Boivre,86,crise,4,[],1,46.54704128855994,0.11536815285453646,0.060734476894140244,0.09303999692201614,0.3794036222253042,0.1012241281569004,0.6202666461467743,0.1264678740751014,0.25865388496367886,-4.753424308822899,-4.753424308822899,0.23056479312592298,0.7038539400838278,0.605740038832959,0.18081090571415942,0.7038539400838278,0.5954259464272045
8737,Bassin du Clain - sous bassin de la Dive du Sud et de la Bouleure,86,crise,4,[],1,46.28344202877915,0.19976638654683238,0.060734476894140244,0.09303999692201614,0.3794036222253042,0.1012241281569004,0.6202666461467743,0.1264678740751014,0.23849007384781312,-4.753424308822899,-4.753424308822899,0.22330582112421132,0.7038539400838278,0.604235237662815,0.1779411999613446,0.7038539400838278,0.5948310499909341
8739,Bassin de la Dive du Nord - secteur de La Grimaudière,86,crise,4,[],1,46.7933675909181,0.022337560294703046,0.020807163789868355,0.09303999692201614,0.4206546192353322,0.03467860631644726,0.6202666461467743,0.1402182064117774,0.30883551666500114,-4.753424308822899,-4.753424308822899,0.21535741961817245,0.7038539400838278,0.6025875162107633,0.1255573193401598,0.7038539400838278,0.5839717540965759
8740,Bassin de la Dive du Nord - secteur du Prepson,86,crise,4,[],1,46.81271853216002,0.1427442001437846,0.020807163789868355,0.09303999692201614,0.4206546192353322,0.03467860631644726,0.6202666461467743,0.1402182064117774,0.3156103932126346,-4.753424308822899,-4.753424308822899,0.21779637517532052,0.7038539400838278,0.6030931171657554,0.12616645723179953,0.7038539400838278,0.5840980297471643
8741,Bassin de la Vienne - sous-bassin de l'Envigne,86,crise,4,[],1,46.80669864080048,0.3530363401436519,0.060734476894140244,0.09303999692201614,0.3794036222253042,0.1012241281569004,0.6202666461467743,0.1264678740751014,0.3156103932126346,-4.753424308822899,-4.753424308822899,0.2510691360955471,0.7038539400838278,0.6099906351000959,0.18816399149577984,0.7038539400838278,0.5969502575949212
8742,Bassin de la Vienne - sous-bassin Clain - Creuse,86,alerte_renforcee,3,[],1,46.89418540510681,0.5736486002957958,0.060734476894140244,0.09303999692201614,0.3794036222253042,0.1012241281569004,0.6202666461467743,0.1264678740751014,0.27906292112770975,-4.753424308822899,-4.753424308822899,0.23791204614497413,0.7038539400838278,0.6072631408559185,0.18356394757081262,0.7038539400838278,0.5959966581762469
8743,Bassin de la Vienne - sous-bassin de l'Ozon,86,alerte_renforcee,3,[],1,46.708400652324414,0.6835112690233668,0.060734476894140244,0.09303999692201614,0.3794036222253042,0.1012241281569004,0.6202666461467743,0.1264678740751014,0.28989239736252065,-4.753424308822899,-4.753424308822899,0.24181065758950604,0.7038539400838278,0.6080713317488281,0.18496867823104368,0.7038539400838278,0.5962878619914366
8744,Bassin de la Vienne - sous-bassin Talbat - Clain,86,alerte_renforcee,3,[],1,46.65638043132023,0.5573309182599557,0.060734476894140244,0.09303999692201614,0.3794036222253042,0.1012241281569004,0.6202666461467743,0.1264678740751014,0.30966364969391297,-4.753424308822899,-4.753424308822899,0.2489283084288073,0.7038539400838278,0.6095468367251707,0.1874418207932313,0.7038539400838278,0.5968005499892185
8745,Bassin de la Vienne - sous-bassin Blourde-Talbat,86,alerte_renforcee,3,[],1,46.456557826278114,0.6505029658719655,0.060734476894140244,0.09303999692201614,0.3794036222253042,0.1012241281569004,0.6202666461467743,0.1264678740751014,0.27537638159391403,-4.753424308822899,-4.753424308822899,0.23658489191280768,0.7038539400838278,0.6069880188081885,0.18307715584352802,0.7038539400838278,0.5958957451598224
8746,Bassin de la Vienne - sous-bassin Issoire - Blourde,86,alerte_renforcee,3,[],1,46.22852724704521,0.6557518563718323,0.060734476894140244,0.09303999692201614,0.3794036222253042,0.1012241281569004,0.6202666461467743,0.1264678740751014,0.266704301673149,-2.135006961554128,-1.588155396007883,0.23346294314133226,0.4861841020105106,0.3952875975807927,0.18191407427535616,0.5163248771778834,0.40310254686103775
8747,Bassin de la Vienne - sous-bassin des Blourdes,86,alerte_renforcee,3,[],1,46.25167650351887,0.7867291059912414,0.060734476894140244,0.09303999692201614,0.3794036222253042,0.1012241281569004,0.6202666461467743,0.1264678740751014,0.266704301673149,-2.135006961554128,-1.588155396007883,0.23346294314133226,0.4861841020105106,0.3952875975807927,0.18191407427535616,0.5163248771778834,0.40310254686103775
8748,Bassin de la Dive du Nord - secteur de la Petite Maine,86,crise,4,[],1,47.07220197058287,0.014274181897220947,0.020807163789868355,0.09303999692201614,0.4206546192353322,0.03467860631644726,0.6202666461467743,0.1402182064117774,0.3394503628297782,-4.753424308822899,-4.753424308822899,0.2263787642374922,0.7038539400838278,0.6048722656595562,0.12823931858721915,0.7038539400838278,0.5845277385533763
8749,Bassin de la Dive du Nord - secteur de  la Dive canalisée,86,crise,4,[],1,47.02790538993091,-0.05689282241025746,0.020807163789868355,0.09303999692201614,0.4206546192353322,0.03467860631644726,0.6202666461467743,0.1402182064117774,0.3394503628297782,-4.753424308822899,-4.753424308822899,0.2263787642374922,0.7038539400838278,0.6048722656595562,0.12823931858721915,0.7038539400838278,0.5845277385533763
8750,Bassin de la Dive du Nord - secteur des sources de la Dive,86,crise,4,[],1,46.7462861308274,0.06799543922576083,0.020807163789868355,0.09303999692201614,0.4206546192353322,0.03467860631644726,0.6202666461467743,0.1402182064117774,0.30883551666500114,-4.753424308822899,-4.753424308822899,0.21535741961817245,0.7038539400838278,0.6025875162107633,0.1255573193401598,0.7038539400838278,0.5839717540965759
8751,Bassin de la Dive du Nord - secteur de la Briande,86,crise,4,[],1,46.917478966829506,0.12167591505875651,0.020807163789868355,0.09303999692201614,0.4206546192353322,0.03467860631644726,0.6202666461467743,0.1402182064117774,0.3394503628297782,-4.753424308822899,-4.753424308822899,0.2263787642374922,0.7038539400838278,0.6048722656595562,0.12823931858721915,0.7038539400838278,0.5845277385533763
8752,Bassin de la Dive du Nord - secteur du Marais de la Dive,86,crise,4,[],1,46.913329623092565,-0.0064215224278578,0.020807163789868355,0.09303999692201614,0.4206546192353322,0.03467860631644726,0.6202666461467743,0.1402182064117774,0.3394503628297782,-4.753424308822899,-4.753424308822899,0.2263787642374922,0.7038539400838278,0.6048722656595562,0.12823931858721915,0.7038539400838278,0.5845277385533763
8753,Bassin du Clain - sous bassin du Clain Aval,86,crise,4,[],1,46.57601121689256,0.44812364482774303,0.060734476894140244,0.09303999692201614,0.3794036222253042,0.1012241281569004,0.6202666461467743,0.1264678740751014,0.28739050357854135,-4.753424308822899,-4.753424308822899,0.24090997582727353,0.7038539400838278,0.6078846184002415,0.1846474232400352,0.7038539400838278,0.5962212651115657
8754,Bassin du Clain - sous bassin du Clain Amont,86,crise,4,[],1,46.22441902732976,0.4079656423810514,0.060734476894140244,0.09303999692201614,0.3794036222253042,0.1012241281569004,0.6202666461467743,0.1264678740751014,0.2584811955741438,-4.753424308822899,-2.3643642632979747,0.2305026249456904,0.6539606970661904,0.5513875017973996,0.18078698602741639,0.7038539400838278,0.5954209878225161
8755,Bassin de la Gartempe - sous bassin de l'Anglin,86,vigilance,1,[],1,46.439911597229994,1.056929609064499,0.060734476894140244,0.09303999692201614,0.3794036222253042,0.1012241281569004,0.6202666461467743,0.1264678740751014,0.25768694886598936,-1.8067658784616325,-1.8897280906258405,0.2302166961307548,0.48037936023581357,0.3893865817386448,0.18067683201803286,0.4858252419185916,0.3759955150309092
8756,Bassin de la Charente - secteur Charente Amont,86,vigilance,1,[],1,46.14776167168473,0.322945229391328,0.4644896984100342,0.09303999692201614,0.5765413493178984,0.774149497350057,0.6202666461467743,0.1921804497726328,0.23849007384781312,-4.753424308822899,-4.753424308822899,0.5597685057207896,0.7038539400838278,0.673984706509281,0.5298558210785264,0.7038539400838278,0.6677837399204561
8757,Bassin de la Creuse,86,crise,4,[],1,46.861157299010955,0.7132072410202799,0.060734476894140244,0.09303999692201614,0.3794036222253042,0.1012241281569004,0.6202666461467743,0.1264678740751014,0.28989239736252065,-4.753424308822899,-4.753424308822899,0.24181065758950604,0.7038539400838278,0.6080713317488281,0.18496867823104368,0.7038539400838278,0.5962878619914366
8758,Bassin de la Gartempe,86,vigilance,1,[],1,46.50387916572889,0.8646279034079372,0.060734476894140244,0.09303999692201614,0.3794036222253042,0.1012241281569004,0.6202666461467743,0.1264678740751014,0.27537638159391403,-4.753424308822899,-4.753424308822899,0.23658489191280768,0.7038539400838278,0.6069880188081885,0.18307715584352802,0.7038539400838278,0.5958957451598224
8759,Bassin de la Vienne Tourangelle - sous bassin de la Veude et du Négron,86,crise,4,[],1,46.9793752712697,0.22578689116346812,0.060734476894140244,0.09303999692201614,0.3794036222253042,0.1012241281569004,0.6202666461467743,0.1264678740751014,0.2934813381472531,-4.753424308822899,-4.753424308822899,0.2431026762720097,0.7038539400838278,0.6083391701183412,0.18542616723476985,0.7038539400838278,0.5963827004875725
8760,Bassin du Clain - sous bassin de l'Auxance,86,crise,4,[],1,46.6395008515326,0.17950250911861274,0.060734476894140244,0.09303999692201614,0.3794036222253042,0.1012241281569004,0.6202666461467743,0.1264678740751014,0.3156103932126346,-4.753424308822899,-4.753424308822899,0.2510691360955471,0.7038539400838278,0.6099906351000959,0.18816399149577984,0.7038539400838278,0.5969502575949212
8761,Bassin du Clain - sous bassin de la Clouère,86,crise,4,[],1,46.27018746028563,0.5165779255027745,0.060734476894140244,0.09303999692201614,0.3794036222253042,0.1012241281569004,0.6202666461467743,0.1264678740751014,0.2584811955741438,-4.753424308822899,-2.3643642632979747,0.2305026249456904,0.6539606970661904,0.5513875017973996,0.18078698602741639,0.7038539400838278,0.5954209878225161
8762,Bassin du Clain - sous bassin de la Pallu,86,crise,4,[],1,46.725868936340895,0.273007980606125,0.060734476894140244,0.09303999692201614,0.3794036222253042,0.1012241281569004,0.6202666461467743,0.1264678740751014,0.3156103932126346,-4.753424308822899,-4.753424308822899,0.2510691360955471,0.7038539400838278,0.6099906351000959,0.18816399149577984,0.7038539400838278,0.5969502575949212
8763,Bassin du Clain - sous bassin de la Vonne,86,crise,4,[],1,46.44389438704401,0.12416336678801128,0.060734476894140244,0.09303999692201614,0.3794036222253042,0.1012241281569004,0.6202666461467743,0.1264678740751014,0.25865388496367886,-4.753424308822899,-4.753424308822899,0.23056479312592298,0.7038539400838278,0.605740038832959,0.18081090571415942,0.7038539400838278,0.5954259464272045
8764,Bassin du Clain - sous bassin de la Boivre,86,crise,4,[],1,46.54704128855994,0.11536815285453646,0.060734476894140244,0.09303999692201614,0.3794036222253042,0.1012241281569004,0.6202666461467743,0.1264678740751014,0.25865388496367886,-4.753424308822899,-4.753424308822899,0.23056479312592298,0.7038539400838278,0.605740038832959,0.18081090571415942,0.7038539400838278,0.5954259464272045
8765,Bassin du Clain - sous bassin de la Dive du Sud et de la Bouleure,86,crise,4,[],1,46.28344202877915,0.19976638654683238,0.060734476894140244,0.09303999692201614,0.3794036222253042,0.1012241281569004,0.6202666461467743,0.1264678740751014,0.23849007384781312,-4.753424308822899,-4.753424308822899,0.22330582112421132,0.7038539400838278,0.604235237662815,0.1779411999613446,0.7038539400838278,0.5948310499909341
8767,Bassin de la Dive du Nord - secteur de La Grimaudière,86,crise,4,[],1,46.7933675909181,0.022337560294703046,0.020807163789868355,0.09303999692201614,0.4206546192353322,0.03467860631644726,0.6202666461467743,0.1402182064117774,0.30883551666500114,-4.753424308822899,-4.753424308822899,0.21535741961817245,0.7038539400838278,0.6025875162107633,0.1255573193401598,0.7038539400838278,0.5839717540965759
8768,Bassin de la Dive du Nord - secteur du Prepson,86,crise,4,[],1,46.81271853216002,0.1427442001437846,0.020807163789868355,0.09303999692201614,0.4206546192353322,0.03467860631644726,0.6202666461467743,0.1402182064117774,0.3156103932126346,-4.753424308822899,-4.753424308822899,0.21779637517532052,0.7038539400838278,0.6030931171657554,0.12616645723179953,0.7038539400838278,0.5840980297471643
8769,Bassin de la Vienne - sous-bassin de l'Envigne,86,crise,4,[],1,46.80669864080048,0.3530363401436519,0.060734476894140244,0.09303999692201614,0.3794036222253042,0.1012241281569004,0.6202666461467743,0.1264678740751014,0.3156103932126346,-4.753424308822899,-4.753424308822899,0.2510691360955471,0.7038539400838278,0.6099906351000959,0.18816399149577984,0.7038539400838278,0.5969502575949212
8770,Bassin de la Vienne - sous-bassin Clain - Creuse,86,alerte_renforcee,3,[],1,46.89418540510681,0.5736486002957958,0.060734476894140244,0.09303999692201614,0.3794036222253042,0.1012241281569004,0.6202666461467743,0.1264678740751014,0.27906292112770975,-4.753424308822899,-4.753424308822899,0.23791204614497413,0.7038539400838278,0.6072631408559185,0.18356394757081262,0.7038539400838278,0.5959966581762469
8771,Bassin de la Vienne - sous-bassin de l'Ozon,86,alerte,2,[],1,46.708400652324414,0.6835112690233668,0.060734476894140244,0.09303999692201614,0.3794036222253042,0.1012241281569004,0.6202666461467743,0.1264678740751014,0.28989239736252065,-4.753424308822899,-4.753424308822899,0.24181065758950604,0.7038539400838278,0.6080713317488281,0.18496867823104368,0.7038539400838278,0.5962878619914366
8772,Bassin de la Vienne - sous-bassin Talbat - Clain,86,alerte_renforcee,3,[],1,46.65638043132023,0.5573309182599557,0.060734476894140244,0.09303999692201614,0.3794036222253042,0.1012241281569004,0.6202666461467743,0.1264678740751014,0.30966364969391297,-4.753424308822899,-4.753424308822899,0.2489283084288073,0.7038539400838278,0.6095468367251707,0.1874418207932313,0.7038539400838278,0.5968005499892185
8773,Bassin de la Vienne - sous-bassin Blourde-Talbat,86,alerte_renforcee,3,[],1,46.456557826278114,0.6505029658719655,0.060734476894140244,0.09303999692201614,0.3794036222253042,0.1012241281569004,0.6202666461467743,0.1264678740751014,0.27537638159391403,-4.753424308822899,-4.753424308822899,0.23658489191280768,0.7038539400838278,0.6069880188081885,0.18307715584352802,0.7038539400838278,0.5958957451598224
8774,Bassin de la Vienne - sous-bassin Issoire - Blourde,86,alerte_renforcee,3,[],1,46.22852724704521,0.6557518563718323,0.060734476894140244,0.09303999692201614,0.3794036222253042,0.1012241281569004,0.6202666461467743,0.1264678740751014,0.266704301673149,-2.135006961554128,-1.588155396007883,0.23346294314133226,0.4861841020105106,0.3952875975807927,0.18191407427535616,0.5163248771778834,0.40310254686103775
8775,Bassin de la Vienne - sous-bassin des Blourdes,86,alerte_renforcee,3,[],1,46.25167650351887,0.7867291059912414,0.060734476894140244,0.09303999692201614,0.3794036222253042,0.1012241281569004,0.6202666461467743,0.1264678740751014,0.266704301673149,-2.135006961554128,-1.588155396007883,0.23346294314133226,0.4861841020105106,0.3952875975807927,0.18191407427535616,0.5163248771778834,0.40310254686103775
8776,Bassin de la Dive du Nord - secteur de la Petite Maine,86,crise,4,[],1,47.07220197058287,0.014274181897220947,0.020807163789868355,0.09303999692201614,0.4206546192353322,0.03467860631644726,0.6202666461467743,0.1402182064117774,0.3394503628297782,-4.753424308822899,-4.753424308822899,0.2263787642374922,0.7038539400838278,0.6048722656595562,0.12823931858721915,0.7038539400838278,0.5845277385533763
8777,Bassin de la Dive du Nord - secteur de  la Dive canalisée,86,crise,4,[],1,47.02790538993091,-0.05689282241025746,0.020807163789868355,0.09303999692201614,0.4206546192353322,0.03467860631644726,0.6202666461467743,0.1402182064117774,0.3394503628297782,-4.753424308822899,-4.753424308822899,0.2263787642374922,0.7038539400838278,0.6048722656595562,0.12823931858721915,0.7038539400838278,0.5845277385533763
8778,Bassin de la Dive du Nord - secteur des sources de la Dive,86,crise,4,[],1,46.7462861308274,0.06799543922576083,0.020807163789868355,0.09303999692201614,0.4206546192353322,0.03467860631644726,0.6202666461467743,0.1402182064117774,0.30883551666500114,-4.753424308822899,-4.753424308822899,0.21535741961817245,0.7038539400838278,0.6025875162107633,0.1255573193401598,0.7038539400838278,0.5839717540965759
8779,Bassin de la Dive du Nord - secteur de la Briande,86,crise,4,[],1,46.917478966829506,0.12167591505875651,0.020807163789868355,0.09303999692201614,0.4206546192353322,0.03467860631644726,0.6202666461467743,0.1402182064117774,0.3394503628297782,-4.753424308822899,-4.753424308822899,0.2263787642374922,0.7038539400838278,0.6048722656595562,0.12823931858721915,0.7038539400838278,0.5845277385533763
8780,Bassin de la Dive du Nord - secteur du Marais de la Dive,86,crise,4,[],1,46.913329623092565,-0.0064215224278578,0.020807163789868355,0.09303999692201614,0.4206546192353322,0.03467860631644726,0.6202666461467743,0.1402182064117774,0.3394503628297782,-4.753424308822899,-4.753424308822899,0.2263787642374922,0.7038539400838278,0.6048722656595562,0.12823931858721915,0.7038539400838278,0.5845277385533763
8781,Bassin du Clain - sous bassin du Clain Aval,86,crise,4,[],1,46.57601121689256,0.44812364482774303,0.060734476894140244,0.09303999692201614,0.3794036222253042,0.1012241281569004,0.6202666461467743,0.1264678740751014,0.28739050357854135,-4.753424308822899,-4.753424308822899,0.24090997582727353,0.7038539400838278,0.6078846184002415,0.1846474232400352,0.7038539400838278,0.5962212651115657
8782,Bassin du Clain - sous bassin du Clain Amont,86,crise,4,[],1,46.22441902732976,0.4079656423810514,0.060734476894140244,0.09303999692201614,0.3794036222253042,0.1012241281569004,0.6202666461467743,0.1264678740751014,0.2584811955741438,-4.753424308822899,-2.3643642632979747,0.2305026249456904,0.6539606970661904,0.5513875017973996,0.18078698602741639,0.7038539400838278,0.5954209878225161
7339,Moselle amont et Meurthe partie du département 88,88,alerte,2,,0,48.16243738593916,6.697992765745401,0.3536083996295929,0.09303999692201614,0.4105830758527218,0.5893473327159882,0.6202666461467743,0.1368610252842406,0.05397222714841533,-4.753424308822899,-4.753424308822899,0.400940998591972,0.7038539400838278,0.6410594081995261,0.3588711126049199,0.7038539400838278,0.6323382265161944
7340,Meuse amont et médiane partie du département 88,88,vigilance,1,,0,48.271591025189274,5.822405227323285,0.6716166734695435,0.09303999692201614,0.4591402402878886,1.0,0.6202666461467743,0.15304674676262953,0.08649951472555469,-3.044664953692906,-4.753424308822899,0.617977155761748,0.666018749759286,0.6547872556204878,0.5145680556759258,0.7038539400838278,0.6646145518782242
7341,Saône amont,88,alerte_renforcee,3,,0,48.02695480597578,6.130356602271047,0.09572873264551163,0.09303999692201614,0.5177663698302586,0.15954788774251938,0.6202666461467743,0.17258878994341953,0.04736598150422386,-4.753424308822899,-4.753424308822899,0.1836630276733287,0.7038539400838278,0.5960171977036303,0.1768283707740111,0.7038539400838278,0.594600358005502
3651,bassin versant de l'Allan_dpt 90,90,alerte,2,,0,47.62832584324306,6.900242043988927,0.1264229416847229,,0.5165595421304426,0.21070490280787152,,0.17218651404348087,0.07161997625524029,-4.753424308822899,-4.753424308822899,0.15248330564630497,0.7038539400838278,0.5895535714243211,0.16508759092642872,0.7038539400838278,0.5921664680209587
8441,"Orge et ses affluents, exeptes Yvette et ses affluents",91,alerte,2,[],1,48.55624437338598,2.116371006079924,0.3673989772796631,0.09303999692201614,0.5039745289497263,0.6123316287994385,0.6202666461467743,0.16799150964990875,0.27790594005873515,-4.753424308822899,-1.0335100176395267,0.4930492832814123,0.6530335379727604,0.6141771183915351,0.47315316410422553,0.7038539400838278,0.6560291520056539
8445,Double rattachement: Orge-Remarde et affluents_Seine essonnienne et petits affluents directs,91,alerte,2,[],1,48.686162155056564,2.3784247363577373,0.3673989772796631,0.09303999692201614,0.5039745289497263,0.6123316287994385,0.6202666461467743,0.16799150964990875,0.25350753247709906,-4.753424308822899,-1.174974158642173,0.4842658565520233,0.6509261685378417,0.610202440977544,0.46571572385368504,0.7038539400838278,0.6544873539674123
8446,Double rattachement: Orge-Remarde_Yvette-Bievre et affluents,91,alerte,2,[],1,48.67358349663982,2.319130941764096,0.3673989772796631,0.09303999692201614,0.5039745289497263,0.6123316287994385,0.6202666461467743,0.16799150964990875,0.2577858612285054,-4.753424308822899,-1.1453476967469847,0.4858060549025296,0.651316427673413,0.6109189040490134,0.4670542940793169,0.7038539400838278,0.6547648425761817
5663,BASSIN VERSANT DE LA PLAINE DE FRANCE ET DU PARISIS,95,alerte,2,,0,49.04951058028736,2.4127916967883127,0.13265177607536316,0.09303999692201614,0.5404198576820233,0.2210862934589386,0.6202666461467743,0.18013995256067442,0.23398047470336322,-4.753424308822899,-2.167256518480501,0.28161344808322847,0.6514425904234865,0.5612079089354697,0.2682316476935602,0.7038539400838278,0.6135484622317079
