zone_id,zone_nom,code_dept,niveau_text,niveau_int,communes,n_communes,lat,lon,bws_raw,gws_raw,sev_raw,x_bws,x_gws,x_sv,x_a,spei3_t,spei12_t,spei3_lag1,spei12_lag1,spei3_lag2,spei12_lag2,S_struct_v2,S_conj_v2,H_v2,S_struct_v3,S_conj_v3,H_v3
8788,Saône Aval,01,alerte,2,[],1,46.20717222606079,4.8221278122353315,0.10427100211381912,0.016853200271725655,0.507054555098885,0.1737850035230319,0.11235466847817104,0.16901818503296165,0.09446518608979426,-2.7023478709005206,-3.7190164854556804,-1.183717530344695,-0.6570481298070815,-2.1942505901868876,-0.5794694498407801,0.13662962234078582,0.6195470237566619,0.4909378699028038,0.14405138726684336,0.6502895200448712,0.5263637737750965
8789,Rivières de Bresse,01,alerte,2,[],1,46.281064727004804,5.250613145207517,0.10427100211381912,0.24447600543498993,0.507054555098885,0.1737850035230319,1.0,0.16901818503296165,0.10718731975478075,-2.204898604847925,-3.7190164854556804,-1.4403609792066507,-0.4873476370378669,-3.7190164854556804,-0.5760155048630762,0.265479936873237,0.6065184971820036,0.512583841521578,0.22850869384031613,0.6502895200448712,0.5470386974273651
8790,Rivières du Bugey,01,alerte,2,[],1,45.98144998763166,5.4609347273470235,0.07338256388902664,0.24447600543498993,0.3354370754820005,0.12230427314837775,1.0,0.11181235849400017,0.04362948505194422,-2.0601631123002067,-3.7190164854556804,-1.262976550826132,-0.41900308468295705,-3.2117369227948047,-0.6060924040341125,0.2168587511928888,0.6033351499577129,0.4960240280250604,0.16376910257267624,0.6502895200448712,0.5311906179533514
8791,Rivières de Dombes,01,alerte,2,[],1,46.04893225050928,5.017698289197538,0.10427100211381912,0.24447600543498993,0.507054555098885,0.1737850035230319,1.0,0.16901818503296165,0.1250563563324265,-2.260360040273488,-3.7190164854556804,-2.617308246032481,-0.5184008313730774,-2.765231715249235,-0.6544054265417572,0.2719127900411895,0.6078262200212962,0.5156107123146592,0.23411756595905125,0.6502895200448712,0.5484117343798199
8792,Rivières du Haut-Rhône,01,alerte,2,[],1,46.06121765988493,5.72367353010142,0.07338256388902664,,0.3354370754820005,0.12230427314837775,,0.11181235849400017,0.025016435554640896,-2.06493068054276,-3.7190164854556804,-1.1007683948205205,-0.5248737092323705,-3.7190164854556804,-0.6320819964096743,0.08157913183006929,0.6034342704970969,0.45856936586486696,0.09156879339625969,0.6502895200448712,0.5135161746108562
9368,Saône Aval,01,alerte,2,[],1,46.20717222606079,4.8221278122353315,0.10427100211381912,0.016853200271725655,0.507054555098885,0.1737850035230319,0.11235466847817104,0.16901818503296165,0.09446518608979426,-2.7023478709005206,-3.7190164854556804,-1.183717530344695,-0.6570481298070815,-2.1942505901868876,-0.5794694498407801,0.13662962234078582,0.6195470237566619,0.4909378699028038,0.14405138726684336,0.6502895200448712,0.5263637737750965
9370,Plaine de l'Ain,01,alerte,2,[],1,45.94555441495824,5.276735577284725,0.07338256388902664,0.24447600543498993,0.3354370754820005,0.12230427314837775,1.0,0.11181235849400017,0.14940128649125498,-2.2508083200704148,-3.7190164854556804,-1.637058892220305,-0.4798421011763571,-2.8273177351922327,-0.5621503133201468,0.25493659971104066,0.6075978127511392,0.5107282908027995,0.1958918121380936,0.6502895200448712,0.5390541716790584
9371,Dombes - Certines - Nord,01,vigilance,1,[],1,46.115506159897365,5.1093677541003695,0.10427100211381912,0.24447600543498993,0.507054555098885,0.1737850035230319,1.0,0.16901818503296165,0.1250563563324265,-2.260360040273488,-3.7190164854556804,-2.617308246032481,-0.5184008313730774,-2.765231715249235,-0.6544054265417572,0.2719127900411895,0.6078262200212962,0.5156107123146592,0.23411756595905125,0.6502895200448712,0.5484117343798199
9372,Dombes - Sud,01,alerte_renforcee,3,[],1,45.9673784131865,4.869495690799803,0.10427100211381912,0.24447600543498993,0.507054555098885,0.1737850035230319,1.0,0.16901818503296165,0.12250880782629849,-2.3892598534852927,-3.7190164854556804,-2.5682935064772985,-0.7334983798400622,-2.4218494857312542,-0.6743865167140406,0.2709956725789834,0.6110277672461589,0.5184436370966992,0.23334730311001245,0.6502895200448712,0.5482231760863797
8920,Bassin du Drac-Gapençais,05,alerte,2,[],1,44.61620469698566,6.169142541960832,0.1254761964082718,,0.278983449058036,0.20912699401378632,,0.09299448301934533,0.14716219768779007,-1.7317050935194624,-2.3983408068324867,-1.4958026229264723,-1.9017595899837718,-1.9233067718634256,-1.5847577593323123,0.18318824206336928,0.5128040926111311,0.4003928472329717,0.1768664982345774,0.5452830765426017,0.42801539941535316
8921,Bassin du Buëch partie du 05,05,alerte_renforcee,3,[],1,44.47350413731229,5.7465123980474555,0.17384114861488342,,0.3661384290977303,0.2897352476914724,,0.12204614303257677,0.12578134670186586,-1.385474024133252,-2.070227904371968,-1.2175516509794613,-1.2897598825541186,-1.72382230984504,-0.9286251632648302,0.22110338216093944,0.4710329724652281,0.3784898137318581,0.2197055217539139,0.5086270235994075,0.4092492707838428
8922,Bassin Méouge partie 05,05,alerte_renforcee,3,[],1,44.24938007000627,5.7476122626358475,0.17384114861488342,,0.3661384290977303,0.2897352476914724,,0.12204614303257677,0.161033780027915,-1.4977369430285397,-1.9600118461784772,-1.2264821373318107,-1.307786344204341,-2.267176799152009,-0.9502320975500749,0.23586021471602978,0.4670945673521398,0.38083633743792394,0.2311451287532444,0.4949510057829609,0.4016865807792793
8924,Bassin Moyenne Durance Amont partie 05,05,alerte,2,[],1,44.45106861199562,6.197690600211326,0.17384114861488342,,0.3661384290977303,0.2897352476914724,,0.12204614303257677,0.14716219768779007,-1.7317050935194624,-2.3983408068324867,-1.4958026229264723,-1.9017595899837718,-1.9233067718634256,-1.5847577593323123,0.23005350582946585,0.5128040926111311,0.41637564252685116,0.22683409666164467,0.5452830765426017,0.44392017825587066
8925,Bassin de la Haute-Durance,05,alerte,2,[],1,44.784256336675575,6.676689651212762,0.17384114861488342,,0.3661384290977303,0.2897352476914724,,0.12204614303257677,0.08015557430538728,-2.4007378713787224,-3.7190164854556804,-1.8110010557688383,-2.3258074007548353,-1.4563983589078298,-1.8933166292767774,0.20200422162287865,0.6113228705264534,0.49995791227937103,0.201900176052413,0.6502895200448712,0.5405250031588136
8926,Bassin Souloise-Séveraisse,05,vigilance,1,[],1,44.80704440282905,6.1480537714249905,0.1254761964082718,,0.278983449058036,0.20912699401378632,,0.09299448301934533,0.049016619058476305,-1.979891204078738,-3.7190164854556804,-1.621596231284806,-3.7190164854556804,-2.152883425682591,-2.405345666058716,0.14210404635807516,0.6017305656440199,0.4735919299483051,0.14399456336810257,0.6502895200448712,0.5263498634360654
8927,Bassin Haute-Romanche,05,vigilance,1,[],1,45.03410628825239,6.307650549476441,0.1254761964082718,,0.278983449058036,0.20912699401378632,,0.09299448301934533,0.019666958201430884,-2.0394793300375658,-3.258385422236796,-1.3234066468285777,-1.4707532315495455,-1.9701425505563916,-1.3778423732580638,0.12981814181326543,0.5782982259788452,0.4459108330047979,0.12909739801657222,0.6196551147539797,0.4890483318186525
8923,Bassin E(A)ygues partie 05,05,alerte_renforcee,3,,0,44.41528239540806,5.505295495055771,0.029968781396746635,,0.3267814449866165,0.04994796899457773,,0.10892714832887217,0.1378503822396879,-1.4823735366694075,-1.9396809244785385,-1.2948014754033348,-1.1680033474788467,-1.6122740132341289,-0.8091164623540473,0.08674432802741455,0.4645163800204343,0.32291285787060275,0.07191523783111932,0.4923446750285437,0.3429414052309262
9444,Allier,07,alerte,2,[],1,44.6868831232366,3.9294622480611725,0.218720480799675,0.016853200271725655,0.2389405553103034,0.364534134666125,0.11235466847817104,0.07964685177010113,0.13253586313251073,-1.7637328989732142,-3.7190164854556804,-2.7947302382990986,-1.6142760270416006,-1.5462660978322398,-1.2276098070698067,0.2457096316477103,0.5980882040885325,0.4989506306652455,0.21741919986170954,0.6502895200448712,0.5443240188441625
9445,Ardèche,07,alerte,2,[],1,44.54562853214226,4.4434240576825825,0.029968781396746635,0.24447600543498993,0.3267814449866165,0.04994796899457773,1.0,0.10892714832887217,0.24992568008099764,-2.0039625052760344,-3.7190164854556804,-2.3126621834597723,-1.4108842589707415,-1.7924640254892195,-1.060947428660844,0.25494722932644803,0.6021986793736129,0.5055027195808799,0.14808900705147215,0.6502895200448712,0.5273521723420277
9446,Beaume-Chassezac,07,alerte_renforcee,3,[],1,44.48776286158407,4.136560473844953,0.029968781396746635,0.016853200271725655,0.3267814449866165,0.04994796899457773,0.11235466847817104,0.10892714832887217,0.13253586313251073,-1.7637328989732142,-3.7190164854556804,-2.7947302382990986,-1.6142760270416006,-1.5462660978322398,-1.2276098070698067,0.08841654881193667,0.5980882040885325,0.45469806888036157,0.07787573973605906,0.6502895200448712,0.5101641515535641
9447,Cance,07,alerte_renforcee,3,[],1,45.2529310799571,4.704845274191137,0.030133234336972237,0.016853200271725655,0.3357465806879242,0.05022205722828706,0.11235466847817104,0.11191552689597473,0.1539424707552083,-2.200881755397821,-3.7190164854556804,-1.9346104109838238,-1.3588165717362228,-2.4334847266930972,-0.9718339608343103,0.09625997167296246,0.6064255602596754,0.4658738652677095,0.08095602887227434,0.6502895200448712,0.5109181981281226
9448,Cèze,07,alerte_renforcee,3,[],1,44.31799453712337,4.24224894307511,0.029968781396746635,0.24447600543498993,0.3267814449866165,0.04994796899457773,1.0,0.10892714832887217,0.24231712413325404,-1.8083338834108509,-2.3746621744415184,-2.136644324746175,-1.3319668891734793,-1.4020584456448502,-1.0354011202206181,0.25220814918526036,0.5145515020809928,0.4254035714594043,0.1471486558504378,0.5428218408075532,0.41619664396919864
9449,Doux,07,alerte_renforcee,3,[],1,45.0204170349254,4.651267680758229,0.030133234336972237,0.016853200271725655,0.3357465806879242,0.05022205722828706,0.11235466847817104,0.11191552689597473,0.23645149171766888,-2.0709192342798084,-3.7190164854556804,-2.022157805536487,-1.6308350579918844,-2.4093561120170435,-1.1369606528114122,0.12596321921944828,0.603559361079573,0.47102239734210183,0.08945957938688905,0.6502895200448712,0.5129998446403746
9450,Eyrieux,07,alerte_renforcee,3,[],1,44.917609884444516,4.431786632199107,0.029968781396746635,0.016853200271725655,0.3267814449866165,0.04994796899457773,0.11235466847817104,0.10892714832887217,0.11396525201832383,-1.929289954017412,-3.7190164854556804,-1.8792356236433176,-1.739791549940007,-2.095139496375469,-1.3045964750766605,0.08173112881082939,0.6007848857290832,0.45573501231247465,0.07536006228643495,0.6502895200448712,0.5095483204157398
9451,Loire,07,alerte,2,[],1,44.7835306351055,4.079386834902617,0.28727683424949646,0.016853200271725655,0.3329615798904396,0.47879472374916077,0.11235466847817104,0.11098719329681321,0.13253586313251073,-1.7637328989732142,-3.7190164854556804,-2.7947302382990986,-1.6142760270416006,-1.5462660978322398,-1.2276098070698067,0.30283992618922817,0.5980882040885325,0.5150235681613383,0.26090344251276404,0.6502895200448712,0.5549688456017524
9452,Ouvèze,07,alerte_renforcee,3,[],1,44.73464621111992,4.622196686600088,0.029968781396746635,0.24447600543498993,0.3267814449866165,0.04994796899457773,1.0,0.10892714832887217,0.13778873899451324,-1.7805319275171714,-3.7190164854556804,-2.062604403567863,-1.5777575912570647,-2.014973026597226,-1.171798465726482,0.21457793053531365,0.5983320666279341,0.4904328550908204,0.13163689072057427,0.6502895200448712,0.5233247380931786
9771,Craie de Champagne Nord,08,alerte,2,,0,49.48161733875119,4.274218809324328,0.38655808568000793,0.09303999692201614,0.4901896031341051,0.6442634761333466,0.6202666461467743,0.16339653437803503,0.12043867381579934,-3.7190164854556804,-1.1752389293568926,-1.2112624706282842,0.21051774577275786,-3.7190164854556804,0.18443149736032757,0.45232699110090946,0.5949049981674288,0.5544746515437016,0.42423545547537234,0.6502895200448712,0.5949520872533861
9790,Affluents crayeux Aube et Seine,10,alerte,2,[],1,48.51642682300498,4.4593598845891265,0.3673989772796631,0.09303999692201614,0.5039745289497263,0.6123316287994385,0.6202666461467743,0.16799150964990875,0.14055789485750533,-3.6390063820750913,-1.9537681157612374,-1.4075805091230444,-0.11018883048724949,-2.061793220429244,-0.04374042275325398,0.4436039870089696,0.5970208793683425,0.5537442163072273,0.4231257350752772,0.6453275870803283,0.5901613801762324
9794,Seine en amont de la restitution du réservoir,10,alerte,2,[],1,48.122649559103294,4.36414121478119,0.3673989772796631,0.09303999692201614,0.5039745289497263,0.6123316287994385,0.6202666461467743,0.16799150964990875,0.14385231176726945,-3.7190164854556804,-3.7190164854556804,-1.8903744562838356,0.0025595486606336784,-2.1678190940526676,0.022971887409312736,0.44478997709648466,0.6502895200448712,0.5999837793883432,0.4246299037273404,0.6502895200448712,0.5950486471346453
9796,Vanne,10,alerte,2,,0,48.24237883509471,3.7816510798071628,0.3673989772796631,0.09303999692201614,0.5039745289497263,0.6123316287994385,0.6202666461467743,0.16799150964990875,0.1744332280051677,-3.3020661823167656,-1.1506722000082155,-1.0196137039668658,0.2803319541091919,-2.356356814588817,0.12934543230743117,0.455799106942128,0.5670975733039526,0.5333706099810449,0.43768103795070645,0.6227885636979941,0.5739112907377827
8328,Secteur SG1 : Rhone Camargue,13,vigilance,1,[],1,43.51814770113636,4.534049679895881,0.016032449901103973,0.24447600543498993,0.3385336395978084,0.02672074983517329,1.0,0.1128445465326028,0.6957001820418304,-2.3185148016752155,-2.1768438683778957,-2.007851721314735,-1.4787461442489225,-1.6483577326845447,-1.0630444849801948,0.4038124404526456,0.5293319655980503,0.4879773458725727,0.1541596953189318,0.5368778175255599,0.4128061411053627
8329,Secteur SG2a : Durance (elargi aux bassins versants ouest et nord Alpilles),13,alerte,2,[],1,43.73950505786989,5.03680585861122,0.17384114861488342,0.24447600543498993,0.3661384290977303,0.2897352476914724,1.0,0.12204614303257677,0.6972049369853466,-2.2272862885292275,-1.8549481801160395,-1.8977471107595063,-1.4208518865476525,-1.5566541447902242,-1.0817100029346822,0.535861401160461,0.5066337278318208,0.5167276915958312,0.4035104728898263,0.5268832382072123,0.48602443195294404
8330,Secteur SG2b : Real de Jouques (partie dpt Bouches-du-Rhone),13,crise,4,[],1,43.59688099753215,5.648845950112763,0.17384114861488342,0.24447600543498993,0.3661384290977303,0.2897352476914724,1.0,0.12204614303257677,0.5880850326476088,-1.6800472344762662,-3.7190164854556804,-2.598988548835515,-1.9879442721038316,-1.152035647224769,-1.823020139296116,0.4965782355988754,0.5969822508886008,0.5686570307179326,0.3904441101443761,0.6502895200448712,0.5866800559375636
8331,Secteur SG3 : Crau,13,alerte,2,[],1,43.57730478041502,4.880527759009998,0.4920356869697571,0.24447600543498993,0.5008078309829558,0.8200594782829285,1.0,0.16693594366098527,0.7831132778682677,-2.023809258070288,-1.5956039825104442,-1.6879198844259666,-1.2234552221637882,-1.3327021164134059,-1.0254467474688125,0.8319505191740406,0.4777100013544674,0.6072213970549918,0.7309209468682687,0.5029585470561925,0.5822732807495985
8332,Secteur SG3a : Crau Alpilles,13,alerte,2,[],1,43.719645426990105,4.794348778202835,0.016032449901103973,0.24447600543498993,0.3385336395978084,0.02672074983517329,1.0,0.1128445465326028,0.6957001820418304,-2.3185148016752155,-2.1768438683778957,-2.007851721314735,-1.4787461442489225,-1.6483577326845447,-1.0630444849801948,0.4038124404526456,0.5293319655980503,0.4879773458725727,0.1541596953189318,0.5368778175255599,0.4128061411053627
8333,Secteur SG4a : Littoral Ouest Marseille (y compris Cadiere et Aygalades),13,alerte,2,[],1,43.373760333298776,5.210050489446576,0.4920356869697571,0.24447600543498993,0.5008078309829558,0.8200594782829285,1.0,0.16693594366098527,0.7831132778682677,-2.023809258070288,-1.5956039825104442,-1.6879198844259666,-1.2234552221637882,-1.3327021164134059,-1.0254467474688125,0.8319505191740406,0.4777100013544674,0.6072213970549918,0.7309209468682687,0.5029585470561925,0.5822732807495985
8334,Secteur SG4b : Littoral Est Marseille (y compris le polje de Cuges les Pins),13,alerte,2,[],1,43.21049597510583,5.608908756040416,0.4920356869697571,0.24447600543498993,0.5008078309829558,0.8200594782829285,1.0,0.16693594366098527,0.7272665407154072,-1.6546206505453411,-1.305063988578055,-1.3663345449499633,-1.1259521125174246,-1.2449766264565367,-1.0282196040504685,0.8118456937990108,0.42796636104024877,0.5816806851878539,0.7209508407655673,0.4527475786846548,0.5554899978895722
8335,Secteur SG5a : Touloubre amont,13,alerte,2,[],1,43.62649545024402,5.254306370083946,0.4920356869697571,0.24447600543498993,0.5008078309829558,0.8200594782829285,1.0,0.16693594366098527,0.6453265591572888,-1.9616204142812126,-1.4852192100359036,-1.6222291808747848,-1.482217674580228,-1.4967234425080593,-1.2441977677424356,0.7823473004380882,0.4665463198602613,0.5844719565569472,0.7052090981126214,0.49515607482478213,0.5693868697648701
8336,Secteur SG5b : Touloubre aval (y compris la Durancole),13,alerte,2,[],1,43.606598044315,5.104454481317582,0.4920356869697571,0.24447600543498993,0.5008078309829558,0.8200594782829285,1.0,0.16693594366098527,0.7831132778682677,-2.023809258070288,-1.5956039825104442,-1.6879198844259666,-1.2234552221637882,-1.3327021164134059,-1.0254467474688125,0.8319505191740406,0.4777100013544674,0.6072213970549918,0.7309209468682687,0.5029585470561925,0.5822732807495985
8337,Secteur SG6a : Arc amont (partie dpt Bouches-du-Rhone),13,alerte_renforcee,3,[],1,43.4861702855817,5.490221121646199,0.4920356869697571,0.24447600543498993,0.5008078309829558,0.8200594782829285,1.0,0.16693594366098527,0.6421452787259382,-1.647372346932554,-1.5458178357063121,-2.1255985481445716,-1.2738735333085205,-1.1667340103604575,-1.3983141436221487,0.781202039482802,0.4441157797395243,0.5752824326000627,0.7045680397099907,0.4516600418704158,0.5487357345326085
8338,Secteur SG6b : Arc aval,13,alerte,2,[],1,43.51427068236875,5.2230493707729515,0.4920356869697571,0.24447600543498993,0.5008078309829558,0.8200594782829285,1.0,0.16693594366098527,0.7272665407154072,-1.6546206505453411,-1.305063988578055,-1.3663345449499633,-1.1259521125174246,-1.2449766264565367,-1.0282196040504685,0.8118456937990108,0.42796636104024877,0.5816806851878539,0.7209508407655673,0.4527475786846548,0.5554899978895722
8339,Secteur SG7a : Huveaune amont (partie dpt Bouches-du-Rhone),13,crise,4,[],1,43.37754081399862,5.6247285946748065,0.4920356869697571,0.24447600543498993,0.5008078309829558,0.8200594782829285,1.0,0.16693594366098527,0.6421452787259382,-1.647372346932554,-1.5458178357063121,-2.1255985481445716,-1.2738735333085205,-1.1667340103604575,-1.3983141436221487,0.781202039482802,0.4441157797395243,0.5752824326000627,0.7045680397099907,0.4516600418704158,0.5487357345326085
8340,Secteur SG7b : Huveaune aval,13,crise,4,[],1,43.32678422815137,5.498708371365717,0.4920356869697571,0.24447600543498993,0.5008078309829558,0.8200594782829285,1.0,0.16693594366098527,0.7272665407154072,-1.6546206505453411,-1.305063988578055,-1.3663345449499633,-1.1259521125174246,-1.2449766264565367,-1.0282196040504685,0.8118456937990108,0.42796636104024877,0.5816806851878539,0.7209508407655673,0.4527475786846548,0.5554899978895722
9152,OUGC Isle-Dronne /  Zone d'alerte : L'Auzonne,16,alerte_renforcee,3,[],1,45.339565356228064,0.2029246170299232,0.17391417920589447,0.09303999692201614,0.4050251094977797,0.28985696534315747,0.6202666461467743,0.13500836983259323,0.2907300966136281,-1.544759396647124,-1.131641484448654,-0.15339257926354563,-0.2386263105083224,-1.084747568793907,-0.035859030379023236,0.3364286479130333,0.4054179161970181,0.3767040681695839,0.31347902755973606,0.4357868119648017,0.38748144649230903
9156,OUGC Isle-Dronne /  Zone d'alerte : La Tude,16,crise,4,[],1,45.34508622856036,0.07561429841139283,0.17391417920589447,0.09303999692201614,0.4050251094977797,0.28985696534315747,0.6202666461467743,0.13500836983259323,0.2971546023649001,-1.686342211535787,-1.405469333499381,-0.39963182318753165,-0.5887687071922647,-1.7778551466770895,-0.289542545395915,0.3387414699834912,0.4375756213358268,0.3986649060202301,0.31473854348074887,0.4574567728027699,0.4032552067013994
9157,"OUGC Isle-Dronne /  Zone d'alerte : Lary, Pousonne, Palais",16,alerte_renforcee,3,[],1,45.31596887281937,-0.1328526297395404,0.17391417920589447,0.09303999692201614,0.4050251094977797,0.28985696534315747,0.6202666461467743,0.13500836983259323,0.32637821226319036,-1.7620345937017656,-1.41748464446542,-0.38558439790209365,-0.6487197641301472,-1.144310581217875,-0.3573382484882389,0.3492619695468757,0.44514317937391185,0.40790293910422337,0.32023881404291465,0.46837277803125127,0.4132463446032147
9159,OUGC Karst /  Zone d'alerte : Bandiat,16,alerte,2,[],1,45.65166289939189,0.3731670632405501,0.4644896984100342,0.09303999692201614,0.5765413493178984,0.774149497350057,0.6202666461467743,0.1921804497726328,0.234948827013858,-1.4713571777357357,-1.2270702009162449,-0.08711684333713325,-0.5492516891335353,-1.1639834263734992,-0.29205067345239943,0.5584936568605657,0.404417942716774,0.4686532542817732,0.5285310700847848,0.4238564637406338,0.4660717822396072
9160,OUGC Karst /  Zone d'alerte : Bonnieure,16,alerte,2,[],1,45.80740826567285,0.4963896310480426,0.4644896984100342,0.09303999692201614,0.5765413493178984,0.774149497350057,0.6202666461467743,0.1921804497726328,0.06643762133901485,-1.1526969010752488,-0.9763081154854742,0.3137831882652632,-0.4046231176827402,-0.9183584710564241,-0.1948159720119775,0.4978296228176223,0.34858616027244227,0.4166396401659964,0.44017381167716735,0.3656224931366265,0.39872806884901435
9162,OUGC Karst /  Zone d'alerte : Échelle-Lèche,16,alerte,2,[],1,45.60511343978727,0.304511485222034,0.4644896984100342,0.09303999692201614,0.5765413493178984,0.774149497350057,0.6202666461467743,0.1921804497726328,0.2493575303893851,-1.546678197763298,-1.162999251892852,-0.13526925553830185,-0.3582535383795516,-1.184141343068021,-0.10060089718864185,0.5636807900757556,0.407682817135583,0.4723630130407208,0.5338401641054653,0.4360920589690674,0.47467671186406635
9163,OUGC Karst /  Zone d'alerte : Tardoire,16,alerte,2,[],1,45.7488186056097,0.4420646160288403,0.4644896984100342,0.09303999692201614,0.5765413493178984,0.774149497350057,0.6202666461467743,0.1921804497726328,0.06643762133901485,-1.1526969010752488,-0.9763081154854742,0.3137831882652632,-0.4046231176827402,-0.9183584710564241,-0.1948159720119775,0.4978296228176223,0.34858616027244227,0.4166396401659964,0.44017381167716735,0.3656224931366265,0.39872806884901435
9165,OUGC Saintonge /  Zone d'alerte : L'Antenne,16,alerte,2,[],1,45.74950524812753,-0.18746783238032183,0.4644896984100342,0.09303999692201614,0.5765413493178984,0.774149497350057,0.6202666461467743,0.1921804497726328,0.27807904717024645,-1.9674703902735495,-1.7144048482774452,-0.6677323736585539,-1.1498804692283517,-2.1036724890915286,-0.7410042772045498,0.5740205361168657,0.48019893350180937,0.5143369318717224,0.5438300533883363,0.49590045967246554,0.5128133599846447
9173,OUGC Cogesteau /  Zone d'alerte : Auge,16,alerte,2,[],1,45.84094309430921,-0.05325325020872039,0.4644896984100342,0.09303999692201614,0.5765413493178984,0.774149497350057,0.6202666461467743,0.1921804497726328,0.24109528003810582,-1.755023295900786,-1.4663399426591193,-0.5447448151817559,-0.8508544057925742,-1.3185635944252816,-0.42216390922296015,0.560706379949295,0.44765080218622894,0.49136311256629034,0.530821973039301,0.46738013524887506,0.4910334033933247
9175,OUGC Cogesteau /  Zone d'alerte : Bief,16,alerte,2,[],1,45.962654704354414,0.13710826308020216,0.4644896984100342,0.09303999692201614,0.5765413493178984,0.774149497350057,0.6202666461467743,0.1921804497726328,0.22128221051865313,-1.3659508869197103,-1.4021668703969747,-0.05550014623238838,-0.7503292033715183,-1.360999373115117,-0.6089036017930709,0.553573674922292,0.4090268161757397,0.4688231383034116,0.5232892611523188,0.4121393581830293,0.4578778154912237
9177,OUGC Cogesteau /  Zone d'alerte : Charente-Moyenne,16,alerte,2,[],1,45.65445857206698,-0.13022713301911246,0.4644896984100342,0.09303999692201614,0.5765413493178984,0.774149497350057,0.6202666461467743,0.1921804497726328,0.27807904717024645,-1.9674703902735495,-1.7144048482774452,-0.6677323736585539,-1.1498804692283517,-2.1036724890915286,-0.7410042772045498,0.5740205361168657,0.48019893350180937,0.5143369318717224,0.5438300533883363,0.49590045967246554,0.5128133599846447
9178,OUGC Cogesteau /  Zone d'alerte : Né,16,alerte_renforcee,3,[],1,45.512210170872606,-0.08175799257154001,0.4644896984100342,0.09303999692201614,0.5765413493178984,0.774149497350057,0.6202666461467743,0.1921804497726328,0.25356814721773924,-1.6727849156598489,-1.431827148977095,-0.3730485972982292,-0.7097542192832934,-1.8348655260465183,-0.37385757593143015,0.565196612133963,0.438158834551792,0.488121371660694,0.535352265782475,0.45545409112510415,0.48590984802047443
9183,OUGC Saintonge /  Zone d'alerte : Seugne,16,alerte,2,[],1,45.39171023603663,-0.22184140993710452,0.4644896984100342,0.09303999692201614,0.5765413493178984,0.774149497350057,0.6202666461467743,0.1921804497726328,0.28408099002205284,-1.7950778015818616,-1.4660937248780657,-0.37476750230309386,-0.7980298448889285,-1.6931693644981691,-0.4693857838925173,0.576181235543516,0.45110287241213043,0.4991614803844775,0.5458270089608025,0.4730015813730192,0.49986680099523606
9169,OUGC Clain /  Zone d'alerte : Clain-Amont,16,crise,4,,0,46.078112531361064,0.5633869824349773,0.060734476894140244,0.09303999692201614,0.3794036222253042,0.1012241281569004,0.6202666461467743,0.1264678740751014,0.1504996416760357,-1.0779866254560895,-1.1077717755592251,0.2796935677987825,-0.4857390520377655,-1.2502286985076052,-0.4582387643618001,0.19162926554237147,0.3533868217967204,0.28017062451310615,0.1630886765377223,0.3564520999486483,0.26934506239065903
9453,Bassin de l'Arnon amont,18,alerte_renforcee,3,[],1,46.74628888918919,2.237602704997877,0.067236989736557,0.09303999692201614,0.3887201098512957,0.11206164956092834,0.6202666461467743,0.1295733699504319,0.2339311675849538,-0.9857212950146242,-0.7268111966360156,0.10533549170896683,0.3009614152302715,-1.1115897121048808,0.04899378416314984,0.22708337557159597,0.30335824867459465,0.26616286584817744,0.18620270850522103,0.3301451132295977,0.262650746976923
9454,Bassin de l'Arnon aval,18,alerte_renforcee,3,[],1,47.13794748890028,2.020709443800003,0.067236989736557,0.09303999692201614,0.3887201098512957,0.11206164956092834,0.6202666461467743,0.1295733699504319,0.26157569634103167,-1.7675601079221295,-1.4901442048466873,-0.7970686168424749,-0.3696576447964608,-1.9298176814205774,-0.49072029263881217,0.23703540592378397,0.4502723912119175,0.3682168105925799,0.19030189145516524,0.46915246400593397,0.36553346646155693
9455,Bassin de l'Aubois,18,alerte,2,[],1,46.914215144882874,2.902979452897655,0.07729806005954742,0.09303999692201614,0.3938548584677823,0.12883010009924573,0.6202666461467743,0.1312849528225941,0.17596673514622876,-1.4015649670805024,-0.5599982609790087,-0.4462860643837994,0.15118446347652492,-1.3387068680622534,0.08509172545038511,0.21460040516281365,0.35876714676318805,0.29405603102240446,0.18883151518357327,0.41203533686538363,0.3201701649875304
9456,"Bassin de l'Auron, de l'Airain et des Rampennes",18,vigilance,1,[],1,46.90240265421261,2.6230422993651112,0.067236989736557,0.09303999692201614,0.3887201098512957,0.11206164956092834,0.6202666461467743,0.1295733699504319,0.21924176850091778,-1.2771454173552041,-0.5698624155089335,-0.32534436464496935,0.34161273217604116,-1.2794619431935417,0.10532534745807676,0.221795191901343,0.33905934492099093,0.28480609264112705,0.18389047383086715,0.3897127697146607,0.30178526649453774
9457,Bassin du Cher,18,vigilance,1,[],1,46.89780151155923,2.3346146664109684,0.067236989736557,0.09303999692201614,0.3887201098512957,0.11206164956092834,0.6202666461467743,0.1295733699504319,0.23902187450142753,-1.35156088148817,-0.8929501890044733,-0.2543799747213724,0.19895230764847513,-1.4861701030662058,-0.10502146287032238,0.2289160300615265,0.36694586506573545,0.3057796146101393,0.18698129415577713,0.4032631150916304,0.3129187770303308
9458,"Bassin du Colin, de l'Ouatier et du Langis",18,vigilance,1,[],1,47.18090412379,2.581039194383449,0.067236989736557,0.09303999692201614,0.3887201098512957,0.11206164956092834,0.6202666461467743,0.1295733699504319,0.1935581422817276,-1.684026755409159,-0.866308697354353,-0.8874471113356697,-0.030666167389581462,-2.0511887681432013,-0.11043572139250395,0.21254908646243453,0.40824718686037315,0.3271837558547802,0.17958822539297647,0.45711577771158884,0.3516500471287215
9459,Bassin du Fouzon,18,vigilance,1,[],1,47.15899733873723,1.8756233614940894,0.067236989736557,0.09303999692201614,0.3887201098512957,0.11206164956092834,0.6202666461467743,0.1295733699504319,0.26157569634103167,-1.7675601079221295,-1.4901442048466873,-0.7970686168424749,-0.3696576447964608,-1.9298176814205774,-0.49072029263881217,0.23703540592378397,0.4502723912119175,0.3682168105925799,0.19030189145516524,0.46915246400593397,0.36553346646155693
9460,Bassin de la Grande Sauldre et du Beuvron,18,vigilance,1,[],1,47.436024906879936,2.6060290083160593,0.067236989736557,0.09303999692201614,0.3887201098512957,0.11206164956092834,0.6202666461467743,0.1295733699504319,0.20514855289171743,-1.93498919690046,-1.2033777674408972,-1.1680450605956272,-0.21777421172372943,-2.460590247954931,-0.24795838829742647,0.21672163428203084,0.45008509747543085,0.3602540651950748,0.1815733533692977,0.4917393924294953,0.38138776680716424
9461,Bassin de l'Indre amont,18,crise,4,[],1,46.463848454321386,2.1953068381266947,0.015497174113988876,0.3803209960460663,0.3827501525544368,0.025828623523314796,1.0,0.12758338418481227,0.15778449187862353,-1.339679563219633,-1.1348626893553895,-0.38965255084533695,0.12884797770967468,-1.4056163339572187,0.028984122522349203,0.20971672883796189,0.3834843735329151,0.30849304570274183,0.11149157604706307,0.40114015068203396,0.27971891944929034
9462,Bassin de la Loire et de ses affluents,18,vigilance,1,[],1,47.18463320699872,2.966063572856606,0.07729806005954742,0.09303999692201614,0.3938548584677823,0.12883010009924573,0.6202666461467743,0.1312849528225941,0.170162313089895,-1.6685135446229427,-0.7114098205099466,-0.8269484623559994,-0.13002500886230936,-1.594764151468558,-0.018293654592684852,0.21251081322253346,0.4016220311327775,0.3224100406085806,0.18768334876414056,0.45482005840445544,0.3528737553726425
9463,Bassin de la Petite Sauldre et de la Rère,18,vigilance,1,[],1,47.367193437056414,2.3204543863166895,0.067236989736557,0.09303999692201614,0.3887201098512957,0.11206164956092834,0.6202666461467743,0.1295733699504319,0.2109262693026461,-1.7156772221014127,-1.1069269920905742,-0.8203504480078011,-0.18702516180174344,-2.3028294047990494,-0.3177545945612782,0.2188016121899652,0.4225982244165576,0.34022745638629026,0.18253560191171336,0.4617401134566544,0.35654090136205524
9464,Bassin de la Théols,18,vigilance,1,[],1,46.745088701759784,2.1043796800343935,0.067236989736557,0.09303999692201614,0.3887201098512957,0.11206164956092834,0.6202666461467743,0.1295733699504319,0.21977754377430986,-0.749825002995985,-0.6587315454900377,0.5310746431424844,0.29247570914964544,-1.0112747082310185,-0.018158948362677764,0.22198807099976414,0.26099650616329634,0.24081734725082937,0.18397659446061626,0.27268098958262316,0.22751951456675615
9465,Bassin de la Vauvise,18,vigilance,1,[],1,47.16527893919573,2.8324976349732287,0.07729806005954742,0.09303999692201614,0.3938548584677823,0.12883010009924573,0.6202666461467743,0.1312849528225941,0.18056664124369556,-1.6141273020918199,-0.4628118326522961,-0.9322754848587904,0.013724811523191898,-1.7885332680495258,0.08691734257907131,0.21625637135790166,0.3909280308462776,0.31645670272632404,0.1897244702759669,0.4466160616859233,0.34710428528397475
9466,Bassin de l'Yèvre amont,18,vigilance,1,[],1,47.086769884091794,2.7107270987721552,0.067236989736557,0.09303999692201614,0.3887201098512957,0.11206164956092834,0.6202666461467743,0.1295733699504319,0.1947700366967758,-1.2905389835245045,-0.2293797411878881,-0.459770481569781,0.44751015780283204,-1.2961844073166535,0.1828339047872474,0.2129853684518519,0.337073622392163,0.27949065871033074,0.17979935023839133,0.39219683765673097,0.30182973248808886
9467,Bassin de l'Yèvre aval,18,vigilance,1,[],1,47.184348912580916,2.3042267173049655,0.067236989736557,0.09303999692201614,0.3887201098512957,0.11206164956092834,0.6202666461467743,0.1295733699504319,0.2109262693026461,-1.7156772221014127,-1.1069269920905742,-0.8203504480078011,-0.18702516180174344,-2.3028294047990494,-0.3177545945612782,0.2188016121899652,0.4225982244165576,0.34022745638629026,0.18253560191171336,0.4617401134566544,0.35654090136205524
9354,Saône moyenne,21,alerte,2,[],1,47.17020419063313,5.389812984254812,0.09572873264551163,0.24447600543498993,0.5177663698302586,0.15954788774251938,1.0,0.17258878994341953,0.12654166734856268,-1.6868960773887145,-3.7190164854556804,-0.42639873547150314,-0.745985614713864,-1.4617919239718473,-0.8200330950909468,0.26532894411674224,0.5970657421178228,0.5034980577574802,0.22520539390404093,0.6502895200448712,0.5462300584030597
9355,Tille amont,21,alerte_renforcee,3,[],1,47.56460723387555,5.030063973256491,0.09572873264551163,0.09303999692201614,0.5177663698302586,0.15954788774251938,0.6202666461467743,0.17258878994341953,0.12086775693971516,-2.1560594882822643,-3.7190164854556804,-0.6637790679204819,-0.5097101543369734,-2.2161479166395064,-0.24307214341162545,0.21012366683010555,0.6054055607175038,0.4962223346235891,0.2017267604480142,0.6502895200448712,0.5404825514808413
9356,Vingeanne,21,vigilance,1,[],1,47.48401286576464,5.351357292129162,0.09572873264551163,0.09303999692201614,0.5177663698302586,0.15954788774251938,0.6202666461467743,0.17258878994341953,0.12417129244978682,-1.9394196632548744,-3.7190164854556804,-0.5823566143641811,-0.6287637447892369,-1.998364451383605,-0.429243683334429,0.21131293961373138,0.6009699335238784,0.49213053419588215,0.20262101239461133,0.6502895200448712,0.5407014619750531
9357,Bèze,21,alerte,2,[],1,47.413886810548746,5.293397692280525,0.09572873264551163,0.09303999692201614,0.5177663698302586,0.15954788774251938,0.6202666461467743,0.17258878994341953,0.12417129244978682,-1.9394196632548744,-3.7190164854556804,-0.5823566143641811,-0.6287637447892369,-1.998364451383605,-0.429243683334429,0.21131293961373138,0.6009699335238784,0.49213053419588215,0.20262101239461133,0.6502895200448712,0.5407014619750531
9358,Tille aval,21,alerte,2,[],1,47.3618030914147,5.143521972304032,0.09572873264551163,0.09303999692201614,0.5177663698302586,0.15954788774251938,0.6202666461467743,0.17258878994341953,0.12280709928836397,-1.3934076296190043,-3.7190164854556804,-0.20514405870676447,-0.6177857935221556,-1.6232407191362137,-0.6542109715684421,0.2108218300756191,0.5947415189650439,0.485830821993925,0.20225342109940658,0.6502895200448712,0.5406114766052618
9359,"Vouge, Biètre, Cent-Fonts",21,alerte,2,[],1,47.1962083205094,5.048864591742518,0.09572873264551163,0.24447600543498993,0.5177663698302586,0.15954788774251938,1.0,0.17258878994341953,0.12023045852375694,-1.4941958475811044,-3.7190164854556804,-0.2522266428814227,-0.49348389221788763,-1.7763358882410416,-0.41596047064312847,0.2630569089398122,0.5952351677194588,0.5011173136779288,0.2233563533233241,0.6502895200448712,0.5457774181948024
9360,Bouzaise,21,alerte,2,[],1,47.087806938297824,4.89935821326732,0.10427100211381912,0.09303999692201614,0.507054555098885,0.1737850035230319,0.6202666461467743,0.16901818503296165,0.13075892213653026,-1.1699352404651289,-3.7190164854556804,-0.14933055728213135,-0.409516713094234,-1.7770756163248085,-0.6842330016979103,0.22080304419121527,0.5949313158653323,0.4888479631721039,0.2130122001476557,0.6502895200448712,0.5432451970545478
9361,Dheune,21,alerte,2,[],1,46.99049134226078,4.7474939949345885,0.10427100211381912,0.09303999692201614,0.507054555098885,0.1737850035230319,0.6202666461467743,0.16901818503296165,0.16280160688341183,-1.40979989876532,-3.7190164854556804,-0.3079205429657651,-0.4673333373120841,-1.800073934542496,-0.5493202791983846,0.2323384107000926,0.5947985402489384,0.49198997873261263,0.22108215152243638,0.6502895200448712,0.5452206996524902
9362,Ouche amont,21,vigilance,1,[],1,47.251253597308924,4.741052847394476,0.09572873264551163,0.09303999692201614,0.5177663698302586,0.15954788774251938,0.6202666461467743,0.17258878994341953,0.1396167568389037,-1.8689958746395872,-3.7190164854556804,-0.4019557048936532,-0.43407212478758783,-1.77465371217334,-0.2531199320500508,0.21687330679381345,0.5997294769232034,0.49245724928659446,0.2066272856668258,0.6502895200448712,0.5416821869992534
9363,Ouche aval,21,vigilance,1,[],1,47.20781932826023,5.210623471948876,0.09572873264551163,0.24447600543498993,0.5177663698302586,0.15954788774251938,1.0,0.17258878994341953,0.12280709928836397,-1.3934076296190043,-3.7190164854556804,-0.20514405870676447,-0.6177857935221556,-1.6232407191362137,-0.6542109715684421,0.26398449961507076,0.5947415189650439,0.50091205788765,0.2241178885898817,0.6502895200448712,0.5459638399993019
9364,Serein amont,21,vigilance,1,[],1,47.362071846572725,4.225645601148363,0.3673989772796631,0.016853200271725655,0.5039745289497263,0.6123316287994385,0.11235466847817104,0.16799150964990875,0.11679095021458161,-3.484056250241515,-3.7190164854556804,-0.7317092071042934,-0.3510151099568432,-1.5231206049692234,-0.26987560465433946,0.3639402100639126,0.6430784644723192,0.5733371464007437,0.30500046762733596,0.6502895200448712,0.5657636798739396
9365,Armançon amont,21,alerte,2,[],1,47.49200972159106,4.464471659123683,0.3673989772796631,0.016853200271725655,0.5039745289497263,0.6123316287994385,0.11235466847817104,0.16799150964990875,0.12789699935904103,-3.4224992219588612,-3.7190164854556804,-1.1742092708648963,-0.3806562456351486,-2.2622355184904195,-0.1265314933636749,0.367938387755918,0.641184721643512,0.5725532500958752,0.30926374729448436,0.6502895200448712,0.5668073193789466
9366,Châtillonnais,21,alerte,2,[],1,47.7672626424404,4.631967531242678,0.3673989772796631,0.09303999692201614,0.5039745289497263,0.6123316287994385,0.6202666461467743,0.16799150964990875,0.0988789296623978,-3.2001491081856686,-3.7190164854556804,-1.4623203280402084,-0.6255338698645512,-2.4999510086702514,-0.1653031612783579,0.42859955953873086,0.6343607111829381,0.5816966583755808,0.4019869385549752,0.6502895200448712,0.5895057095820209
9367,Arroux,21,vigilance,1,[],1,47.11723677303671,4.421149135222526,0.28727683424949646,0.016853200271725655,0.3329615798904396,0.47879472374916077,0.11235466847817104,0.11098719329681321,0.14114521134504335,-1.787825121958023,-3.7190164854556804,-0.3372622369090318,-0.35619618058368474,-1.420210238317548,-0.3797050637402658,0.30593929154573996,0.598440133557662,0.5162205142208569,0.26356822874842323,0.6502895200448712,0.5556211781731675
4608,zone non couverte par l'arrêté cadre,23,alerte,2,[],1,46.06675396827224,2.048962477924928,0.060734476894140244,0.3803209960460663,0.3794036222253042,0.1012241281569004,1.0,0.1264678740751014,7.497492177702483e-05,-0.4497873848433958,-0.6060712131168646,0.4064720061200448,0.48517568232628655,-0.9923794449861185,0.07426884102650408,0.19063905505028994,0.2110632551100702,0.1997838737715696,0.1290968441320341,0.23256126312527073,0.17697944100871765
8254,ILE-DE-BATZ,29,vigilance,1,[],1,48.74503621808988,-4.017589708220931,0.18806181848049164,,0.3379714337673995,0.31343636413415277,,0.11265714458913317,0.0900804312600078,-1.5850076208759998,-1.9633614638901937,-0.9866366209818076,-1.5808027366830752,-1.5609678956502437,-1.354963520062039,0.21993853176823164,0.47227403347721403,0.3790592359080446,0.2159003746025666,0.49537784574487886,0.396656479257354
8255,AULNE,29,vigilance,1,[],1,48.28886832888718,-3.881945384638068,0.18806181848049164,,0.3379714337673995,0.31343636413415277,,0.11265714458913317,0.11172659562910138,-1.495988183763051,-1.4980611930424739,-0.37112564751373234,-0.9642254314051698,-1.3274072249800914,-1.1897742508746725,0.22899971685296847,0.42808534354845756,0.34838335209126414,0.22472720682106856,0.4282547132171579,0.34679858845831774
8256,ODET,29,vigilance,1,[],1,48.008658936355765,-4.0044504747961405,0.18806181848049164,,0.3379714337673995,0.31343636413415277,,0.11265714458913317,0.15174944174958005,-1.78080616957106,-1.5764814148325137,-0.5532150439233734,-1.081570336074803,-1.3981078924447905,-1.218320206942241,0.2457534663917735,0.45704120596033126,0.3767368305702731,0.2388862520778085,0.47101228936396283,0.38505801463385014
8257,OUESSANT,29,vigilance,1,[],1,48.45928695315149,-5.08416700144673,0.18806181848049164,,0.3379714337673995,0.31343636413415277,,0.11265714458913317,1.2481871674172224e-05,-1.2313909059433272,-1.5876770824253685,-0.8472916726772821,-1.2510183325138415,-1.6497708074557351,-1.2599721470943859,0.18223566923358034,0.41648942629784913,0.3208067453743301,0.16040694524267674,0.44253622774546225,0.33244242988423395
8258,ILE-DE-SEIN,29,vigilance,1,[],1,48.03776622402614,-4.852095740731943,0.18806181848049164,,0.3379714337673995,0.31343636413415277,,0.11265714458913317,7.828497624229627e-16,-0.9488308862492146,-1.4211886376786833,-0.3772917621696841,-1.0856365727061845,-1.5147304384753197,-1.2305732234243685,0.18223044426404264,0.3793517351737435,0.29371164415935114,0.16039500946879276,0.4154078562130899,0.3110529014730739
8259,ILE-MOLENE,29,vigilance,1,[],1,48.39565195780465,-4.959084510307006,0.18806181848049164,,0.3379714337673995,0.31343636413415277,,0.11265714458913317,1.2481871674172224e-05,-1.2313909059433272,-1.5876770824253685,-0.8472916726772821,-1.2510183325138415,-1.6497708074557351,-1.2599721470943859,0.18223566923358034,0.41648942629784913,0.3208067453743301,0.16040694524267674,0.44253622774546225,0.33244242988423395
8260,BAS LEON,29,vigilance,1,[],1,48.50303757599155,-4.559296500912717,0.18806181848049164,,0.3379714337673995,0.31343636413415277,,0.11265714458913317,0.047286260904479724,-2.060618118576605,-1.6784679967727436,-0.7436800271517999,-1.2895068573927624,-1.487946681481823,-1.2417146165646282,0.20202469301475476,0.48513483676208485,0.38310035149973976,0.19475736942105126,0.5074641491524761,0.3996506392779115
8261,ELORN,29,vigilance,1,[],1,48.43271394423191,-4.108016947882483,0.18806181848049164,,0.3379714337673995,0.31343636413415277,,0.11265714458913317,0.0900804312600078,-1.5850076208759998,-1.9633614638901937,-0.9866366209818076,-1.5808027366830752,-1.5609678956502437,-1.354963520062039,0.21993853176823164,0.47227403347721403,0.3790592359080446,0.2159003746025666,0.49537784574487886,0.396656479257354
8262,BAIE DE DOUARNENEZ - OUEST CORNOUAILLE,29,vigilance,1,[],1,48.06617286188056,-4.460719227555371,0.18806181848049164,,0.3379714337673995,0.31343636413415277,,0.11265714458913317,0.011356171276148202,-1.6199875804185917,-1.4940138102294702,-0.7255780020978232,-1.0861923889146625,-1.4863905713242653,-1.1910986037813178,0.18698419037963923,0.43804774033460453,0.33928772988283845,0.1704130521630134,0.44751191666554474,0.34034624228533455
8263,HAUT LEON - TREGOR,29,vigilance,1,[],1,48.565108550632765,-3.878342637373443,0.18806181848049164,,0.3379714337673995,0.31343636413415277,,0.11265714458913317,0.0900804312600078,-1.5850076208759998,-1.9633614638901937,-0.9866366209818076,-1.5808027366830752,-1.5609678956502437,-1.354963520062039,0.21993853176823164,0.47227403347721403,0.3790592359080446,0.2159003746025666,0.49537784574487886,0.396656479257354
8264,SUD CORNOUAILLE - ISOLE,29,vigilance,1,[],1,47.93060045761685,-3.6885048717639117,0.18806181848049164,,0.3379714337673995,0.31343636413415277,,0.11265714458913317,0.15367067007296262,-3.7190164854556804,-1.7334461882803418,-0.7877541689165112,-1.1882793719821332,-1.4055167208870676,-1.1089918552230953,0.24655770150388712,0.5976666908003481,0.4987827017129749,0.2395091960165009,0.6502895200448712,0.5497315910544118
8265,ILE-DE-BATZ,29,vigilance,1,[],1,48.74503621808988,-4.017589708220931,0.18806181848049164,,0.3379714337673995,0.31343636413415277,,0.11265714458913317,0.0900804312600078,-1.5850076208759998,-1.9633614638901937,-0.9866366209818076,-1.5808027366830752,-1.5609678956502437,-1.354963520062039,0.21993853176823164,0.47227403347721403,0.3790592359080446,0.2159003746025666,0.49537784574487886,0.396656479257354
8266,AULNE,29,vigilance,1,[],1,48.28886832888718,-3.881945384638068,0.18806181848049164,,0.3379714337673995,0.31343636413415277,,0.11265714458913317,0.11172659562910138,-1.495988183763051,-1.4980611930424739,-0.37112564751373234,-0.9642254314051698,-1.3274072249800914,-1.1897742508746725,0.22899971685296847,0.42808534354845756,0.34838335209126414,0.22472720682106856,0.4282547132171579,0.34679858845831774
8267,ODET,29,vigilance,1,[],1,48.008658936355765,-4.0044504747961405,0.18806181848049164,,0.3379714337673995,0.31343636413415277,,0.11265714458913317,0.15174944174958005,-1.78080616957106,-1.5764814148325137,-0.5532150439233734,-1.081570336074803,-1.3981078924447905,-1.218320206942241,0.2457534663917735,0.45704120596033126,0.3767368305702731,0.2388862520778085,0.47101228936396283,0.38505801463385014
8268,OUESSANT,29,vigilance,1,[],1,48.45928695315149,-5.08416700144673,0.18806181848049164,,0.3379714337673995,0.31343636413415277,,0.11265714458913317,1.2481871674172224e-05,-1.2313909059433272,-1.5876770824253685,-0.8472916726772821,-1.2510183325138415,-1.6497708074557351,-1.2599721470943859,0.18223566923358034,0.41648942629784913,0.3208067453743301,0.16040694524267674,0.44253622774546225,0.33244242988423395
8269,ILE-DE-SEIN,29,vigilance,1,[],1,48.03776622402614,-4.852095740731943,0.18806181848049164,,0.3379714337673995,0.31343636413415277,,0.11265714458913317,7.828497624229627e-16,-0.9488308862492146,-1.4211886376786833,-0.3772917621696841,-1.0856365727061845,-1.5147304384753197,-1.2305732234243685,0.18223044426404264,0.3793517351737435,0.29371164415935114,0.16039500946879276,0.4154078562130899,0.3110529014730739
8270,ILE-MOLENE,29,vigilance,1,[],1,48.39565195780465,-4.959084510307006,0.18806181848049164,,0.3379714337673995,0.31343636413415277,,0.11265714458913317,1.2481871674172224e-05,-1.2313909059433272,-1.5876770824253685,-0.8472916726772821,-1.2510183325138415,-1.6497708074557351,-1.2599721470943859,0.18223566923358034,0.41648942629784913,0.3208067453743301,0.16040694524267674,0.44253622774546225,0.33244242988423395
8271,BAS LEON,29,vigilance,1,[],1,48.50303757599155,-4.559296500912717,0.18806181848049164,,0.3379714337673995,0.31343636413415277,,0.11265714458913317,0.047286260904479724,-2.060618118576605,-1.6784679967727436,-0.7436800271517999,-1.2895068573927624,-1.487946681481823,-1.2417146165646282,0.20202469301475476,0.48513483676208485,0.38310035149973976,0.19475736942105126,0.5074641491524761,0.3996506392779115
8272,ELORN,29,vigilance,1,[],1,48.43271394423191,-4.108016947882483,0.18806181848049164,,0.3379714337673995,0.31343636413415277,,0.11265714458913317,0.0900804312600078,-1.5850076208759998,-1.9633614638901937,-0.9866366209818076,-1.5808027366830752,-1.5609678956502437,-1.354963520062039,0.21993853176823164,0.47227403347721403,0.3790592359080446,0.2159003746025666,0.49537784574487886,0.396656479257354
8273,BAIE DE DOUARNENEZ - OUEST CORNOUAILLE,29,vigilance,1,[],1,48.06617286188056,-4.460719227555371,0.18806181848049164,,0.3379714337673995,0.31343636413415277,,0.11265714458913317,0.011356171276148202,-1.6199875804185917,-1.4940138102294702,-0.7255780020978232,-1.0861923889146625,-1.4863905713242653,-1.1910986037813178,0.18698419037963923,0.43804774033460453,0.33928772988283845,0.1704130521630134,0.44751191666554474,0.34034624228533455
8274,HAUT LEON - TREGOR,29,vigilance,1,[],1,48.565108550632765,-3.878342637373443,0.18806181848049164,,0.3379714337673995,0.31343636413415277,,0.11265714458913317,0.0900804312600078,-1.5850076208759998,-1.9633614638901937,-0.9866366209818076,-1.5808027366830752,-1.5609678956502437,-1.354963520062039,0.21993853176823164,0.47227403347721403,0.3790592359080446,0.2159003746025666,0.49537784574487886,0.396656479257354
8275,SUD CORNOUAILLE - ISOLE,29,vigilance,1,[],1,47.93060045761685,-3.6885048717639117,0.18806181848049164,,0.3379714337673995,0.31343636413415277,,0.11265714458913317,0.15367067007296262,-3.7190164854556804,-1.7334461882803418,-0.7877541689165112,-1.1882793719821332,-1.4055167208870676,-1.1089918552230953,0.24655770150388712,0.5976666908003481,0.4987827017129749,0.2395091960165009,0.6502895200448712,0.5497315910544118
3237,Zone sud,2A,alerte,2,[],1,41.53793061791072,9.17353403100001,0.09864452481269836,,0.3361932201594844,0.16440754135449728,,0.11206440671982813,0.4028028346910188,-1.709671941779551,-3.7190164854556804,-1.146487371999282,-2.5177122320198677,-0.5787292836903082,-1.2183065042877268,0.264200919960483,0.5973525473276274,0.5034526894485021,0.19577841380019356,0.6502895200448712,0.5390264120680373
3238,Zone nord,2A,alerte,2,[],1,41.92756995015394,8.99209188356399,0.09864452481269836,,0.3361932201594844,0.16440754135449728,,0.11206440671982813,0.3173454248721073,-1.587081568189849,-2.473038302557066,-1.0006780329474108,-1.9605693233517574,-0.5099536423860378,-1.0462334045465134,0.22842805073396197,0.5125285846676964,0.4155849621063579,0.18436865738631103,0.5528766210527023,0.4375386529342489
4605,zone non couverte par l'arrêté cadre,2B,vigilance,1,[],1,42.424179181055834,9.100681583096076,0.09864452481269836,,0.3361932201594844,0.16440754135449728,,0.11206440671982813,0.4099268018813413,-1.6181480816061165,-2.1497835157748497,-1.2407242744393159,-1.7006397930671584,-0.8891695919810271,-1.4710945345645032,0.26718304576108315,0.48884305872933426,0.4095309207677271,0.1966519487155834,0.5180471481470621,0.40961901509057075
9919,Tescou,31,alerte_renforcee,3,[],1,43.90012106819482,1.5313508574320467,0.0412340946495533,0.09303999692201614,0.3956077535530414,0.06872349108258884,0.6202666461467743,0.13186925118434714,0.3629845771813119,-2.053502587816052,-1.0864541279770685,-1.2983137306201238,0.022655074027950795,-1.3280843659782096,0.20385932295468764,0.2518735237871151,0.4577732952323043,0.3796222470241017,0.16477597778190656,0.5065995502231663,0.3885404171523772
9934,Système Neste,31,vigilance,1,[],1,43.256721302624,0.9182150953736494,0.4511517584323883,0.09303999692201614,0.4328619208956447,0.7519195973873138,0.6202666461467743,0.14428730696521488,0.18595869778209873,-1.7793677549944085,-0.6106631897544006,-1.0938925393354193,0.15539323757270254,-1.0491414359112436,0.1452387631286129,0.5297422603557609,0.41531854703242177,0.4621495431043066,0.4889378854708671,0.47081095843160176,0.4775257582341441
9937,Secteur sud du département des petits cours d'eau non réalimentés non instrumentés,31,alerte_renforcee,3,[],1,43.13124333134787,0.7749067374599244,0.4511517584323883,0.09303999692201614,0.4328619208956447,0.7519195973873138,0.6202666461467743,0.14428730696521488,0.15859718624236988,-1.5915521362143865,-0.5170981392277579,-0.918983791884594,0.2628611117309458,-1.008106338278961,0.327437348833726,0.5198921162014585,0.38762818019788065,0.444324475227172,0.4767762736041747,0.44313769530627906,0.45625013467258946
9938,Secteur rive droite Garonne des petits cours d'eau non réalimentés non instrumentés,31,alerte_renforcee,3,[],1,43.36687266956028,1.6092317052746443,0.4511517584323883,0.09303999692201614,0.4328619208956447,0.7519195973873138,0.6202666461467743,0.14428730696521488,0.21822798459703852,-1.8184759465564582,-0.6530794365372848,-1.0594990264137634,0.03564235426147887,-1.0080506620403427,-0.009381521877294045,0.5413592036091391,0.4209161527654795,0.4697387904441261,0.5018837678695963,0.4762308240271564,0.4856361789074991
9939,Secteur rive gauche Garonne des petits cours d'eau non réalimentés non instrumentés,31,crise,4,[],1,43.7339430093336,1.1027550848598047,0.4511517584323883,0.09303999692201614,0.4328619208956447,0.7519195973873138,0.6202666461467743,0.14428730696521488,0.3475401015461541,-2.0277531561195126,-1.2097660538947994,-1.4307389093061125,-0.02655561911323076,-1.2210064452655236,0.2832252856690826,0.5879115657108208,0.45954795982745494,0.5081100207059537,0.5435967073356874,0.5034452404409822,0.5174014218338717
7464,bassin de l'Anglin amont confuence allemette,36,alerte_renforcee,3,[],1,46.46178954974938,1.4058580515907075,0.060734476894140244,0.09303999692201614,0.3794036222253042,0.1012241281569004,0.6202666461467743,0.1264678740751014,0.19874385646686457,-0.9462798221110422,-0.8468422677868349,0.14404503009563357,-0.11635664733079971,-1.2750619981874487,-0.35811901328731155,0.20899718286706986,0.3100244581335761,0.2612300138368689,0.1717690232149871,0.3211778511360208,0.25018243599599765
7465,bassin de l'Anglin aval confluence allemette,36,alerte_renforcee,3,[],1,46.53125223278364,1.1863141923559881,0.060734476894140244,0.09303999692201614,0.3794036222253042,0.1012241281569004,0.6202666461467743,0.1264678740751014,0.21607773455387883,-1.2201546531319687,-1.2373567520084372,-0.12075622008402441,-0.45519113912280895,-1.3133545344751978,-0.577089752290337,0.215237378978395,0.3805755466190965,0.30888539373940727,0.17455291287905805,0.3822120472946914,0.2924095292368579
7466,bassin de la Bouzanne,36,alerte_renforcee,3,[],1,46.59864587670259,1.728825138997959,0.060734476894140244,0.09303999692201614,0.3794036222253042,0.1012241281569004,0.6202666461467743,0.1264678740751014,0.15498279320354744,-0.962666806711786,-0.8725937780115529,0.12531358927445357,-0.009121088048124676,-1.2931675623377588,-0.24545850456850532,0.1932432000922757,0.31490837172136243,0.25656211834604276,0.16396308675234533,0.3249325251597339,0.24886686254124182
7467,bassin de la Claise,36,alerte_renforcee,3,[],1,46.81072014851388,1.252990784176318,0.060734476894140244,0.09303999692201614,0.3794036222253042,0.1012241281569004,0.6202666461467743,0.1264678740751014,0.2886347028911114,-1.589162570537619,-1.4662861503586055,-0.4476968674114257,-0.5075616032138947,-1.4660321888014523,-0.658989627109724,0.2413578875797987,0.4333776191234235,0.3572157448996527,0.18480742605038059,0.442766951706949,0.3421464507344616
7468,bassin de La Creuse,36,alerte,2,[],1,46.57521286090595,1.436980710394474,0.060734476894140244,0.09303999692201614,0.3794036222253042,0.1012241281569004,0.6202666461467743,0.1264678740751014,0.19874385646686457,-0.9462798221110422,-0.8468422677868349,0.14404503009563357,-0.11635664733079971,-1.2750619981874487,-0.35811901328731155,0.20899718286706986,0.3100244581335761,0.2612300138368689,0.1717690232149871,0.3211778511360208,0.25018243599599765
7469,bassin de la Gartempe,36,alerte,2,[],1,46.740354486221776,0.8922467581014343,0.060734476894140244,0.09303999692201614,0.3794036222253042,0.1012241281569004,0.6202666461467743,0.1264678740751014,0.287541013289977,-1.875253185847317,-2.0442230972344992,-0.7591187725841999,-0.7191752473924727,-1.8021344437130384,-0.8272540301689453,0.24096415932339033,0.4952666924626885,0.40541822139612815,0.1846668041775703,0.5054674403675627,0.3944149885448369
7470,bassin de l'Indre amont à châteauroux,36,alerte_renforcee,3,[],1,46.648369940203736,1.9683685416395802,0.015497174113988876,0.09303999692201614,0.3827501525544368,0.025828623523314796,0.6202666461467743,0.12758338418481227,0.21977754377430986,-0.749825002995985,-0.6587315454900377,0.5310746431424844,0.29247570914964544,-1.0112747082310185,-0.018158948362677764,0.17887155798095736,0.26099650616329634,0.21851306961676162,0.10597256048521896,0.27268098958262316,0.18780584280707158
7471,bassin de l'Indre aval à châteauroux,36,alerte,2,[],1,46.91657960836818,1.3329708291489584,0.015497174113988876,0.09303999692201614,0.3827501525544368,0.025828623523314796,0.6202666461467743,0.12758338418481227,0.2538630410411538,-1.9704333545913655,-1.8885145310799103,-0.9398565180226299,-0.8570764930398688,-1.842784348389337,-0.7449385790573531,0.19114233699702118,0.49111144261013756,0.38425585081824726,0.10944727670974648,0.4962766475636162,0.3598781563084583
7472,bassin de l'Indrois,36,alerte_renforcee,3,[],1,47.03812340702538,1.3107095547126675,0.015497174113988876,0.09303999692201614,0.3827501525544368,0.025828623523314796,0.6202666461467743,0.12758338418481227,0.2538630410411538,-1.9704333545913655,-1.8885145310799103,-0.9398565180226299,-0.8570764930398688,-1.842784348389337,-0.7449385790573531,0.19114233699702118,0.49111144261013756,0.38425585081824726,0.10944727670974648,0.4962766475636162,0.3598781563084583
7473,bassin de la Tourmente,36,alerte_renforcee,3,[],1,47.07438363632988,1.3571030443859928,0.015497174113988876,0.09303999692201614,0.3827501525544368,0.025828623523314796,0.6202666461467743,0.12758338418481227,0.2538630410411538,-1.9704333545913655,-1.8885145310799103,-0.9398565180226299,-0.8570764930398688,-1.842784348389337,-0.7449385790573531,0.19114233699702118,0.49111144261013756,0.38425585081824726,0.10944727670974648,0.4962766475636162,0.3598781563084583
7474,bassin de la Trégonce,36,crise,4,[],1,46.90353927973557,1.5972627526144922,0.015497174113988876,0.09303999692201614,0.3827501525544368,0.025828623523314796,0.6202666461467743,0.12758338418481227,0.26036217795392974,-1.8393963701422569,-1.5730302214752132,-0.7098881380814291,-0.518742386175771,-1.923064060464586,-0.671111825031507,0.1934820262856205,0.46154707909960946,0.36050879162430255,0.11007338417313332,0.4790847812553679,0.34452822441411973
7475,bassin de la Ringoire,36,crise,4,[],1,46.899454954977756,1.6977839245733277,0.015497174113988876,0.09303999692201614,0.3827501525544368,0.025828623523314796,0.6202666461467743,0.12758338418481227,0.2596809156734901,-1.6266624232386797,-1.315337867312469,-0.43165355854460763,-0.15630839524945167,-1.8474450904525213,-0.5354414417216942,0.19323677186466226,0.4259695732144595,0.3324525767143865,0.11000825738746169,0.448528766508695,0.31784974059966126
7476,bassin de l'Arnon,36,alerte,2,[],1,46.89409399569986,2.0990386775282937,0.067236989736557,0.09303999692201614,0.3887201098512957,0.11206164956092834,0.6202666461467743,0.1295733699504319,0.24111457629225327,-1.2694390856043762,-1.0155487238691676,-0.01544475806434219,0.0021781814093479713,-1.6181858202704862,-0.30392478957490837,0.22966940270622377,0.36582008939797506,0.3053792681777696,0.18729811921566242,0.3882742734659981,0.3022146746836407
7477,bassin de la Théols,36,alerte,2,[],1,46.895489811827275,1.9048696433221766,0.067236989736557,0.09303999692201614,0.3887201098512957,0.11206164956092834,0.6202666461467743,0.1295733699504319,0.24111457629225327,-1.2694390856043762,-1.0155487238691676,-0.01544475806434219,0.0021781814093479713,-1.6181858202704862,-0.30392478957490837,0.22966940270622377,0.36582008939797506,0.3053792681777696,0.18729811921566242,0.3882742734659981,0.3022146746836407
7478,bassin de le Fouzon,36,alerte,2,[],1,47.09870999222105,1.7101136201695977,0.067236989736557,0.09303999692201614,0.3887201098512957,0.11206164956092834,0.6202666461467743,0.1295733699504319,0.2596809156734901,-1.6266624232386797,-1.315337867312469,-0.43165355854460763,-0.15630839524945167,-1.8474450904525213,-0.5354414417216942,0.23635328488346902,0.4259695732144595,0.3497777099731695,0.190030599181219,0.448528766508695,0.3487407542747676
7479,bassin de le Modon,36,alerte,2,[],1,47.141106762657884,1.424564516989303,0.067236989736557,0.09303999692201614,0.3887201098512957,0.11206164956092834,0.6202666461467743,0.1295733699504319,0.28931133580199053,-1.9193503570376445,-1.804506302515123,-1.1519002672586214,-0.8484848936560023,-1.922450725345343,-0.7424155795661329,0.24702023612972918,0.4823059291611636,0.39704172339625754,0.19412681465039006,0.4897113506556591,0.38412794710401743
7480,bassin de Cher (36),36,vigilance,1,[],1,47.26229073477165,1.621863291953818,0.067236989736557,0.09303999692201614,0.3887201098512957,0.11206164956092834,0.6202666461467743,0.1295733699504319,0.28931133580199053,-1.9193503570376445,-1.804506302515123,-1.1519002672586214,-0.8484848936560023,-1.922450725345343,-0.7424155795661329,0.24702023612972918,0.4823059291611636,0.39704172339625754,0.19412681465039006,0.4897113506556591,0.38412794710401743
11652,Bassin de la Loire (Lre2),37,vigilance,1,[],1,47.397188427198074,0.8886686883383399,0.07729806005954742,0.09303999692201614,0.3938548584677823,0.12883010009924573,0.6202666461467743,0.1312849528225941,0.29173065502274437,-2.2919058888630053,-1.824855022168221,-1.228222376974818,-0.981274508525573,-1.4870166549185653,-0.563624565292566,0.25627541631835926,0.5095757030394767,0.42261847251490464,0.20784469154110347,0.5340065575086894,0.42761405399655206
11653,Bassin de la Loire (Lre1),37,vigilance,1,[],1,47.26680373039881,0.28319992011067485,0.015497174113988876,0.09303999692201614,0.3827501525544368,0.025828623523314796,0.6202666461467743,0.12758338418481227,0.2927635517732977,-2.412952575367151,-3.7190164854556804,-1.3136874765533433,-1.4828467679235813,-1.7600285226060068,-0.8650763274453462,0.20514652086059298,0.6116385817942256,0.5011324985027241,0.11304421493001747,0.6502895200448712,0.5187733005911226
11654,Bassin du Loir (Lr1),37,vigilance,1,[],1,47.61972889907855,0.39363471159150687,0.334646612405777,0.09303999692201614,0.5013862151449886,0.5577443540096283,0.6202666461467743,0.16712873838166287,0.26473144889204514,-2.527580408056364,-2.157432382138544,-1.35025534288746,-0.9749722097139335,-1.599220931721419,-0.39426038492866194,0.4610128290664988,0.5405256668622311,0.5149517911767711,0.4457595855409513,0.5582629528917464,0.5234751191934537
11655,Bassin du Cher (Ch1),37,vigilance,1,[],1,47.317731561918066,0.9768754580097883,0.067236989736557,0.09303999692201614,0.3887201098512957,0.11206164956092834,0.6202666461467743,0.1295733699504319,0.2761181617748462,-2.1666908733048076,-2.4063791918712742,-1.2927685924246,-1.1014637150706192,-1.8223416488639026,-0.699254730860782,0.24227069347995722,0.5339086382290219,0.4387576894604953,0.19234048298516304,0.5461125988227418,0.4337117044361928
11656,Bassin de l'Indre (In1),37,vigilance,1,[],1,47.20847014490092,0.5221715039386994,0.015497174113988876,0.09303999692201614,0.3827501525544368,0.025828623523314796,0.6202666461467743,0.12758338418481227,0.29006141769252713,-2.3854512287735816,-3.26844154527379,-1.3605036637124752,-1.3906474848474044,-1.726386638305402,-0.8499924624451188,0.20417375259151557,0.589379029585851,0.47865767433220546,0.11280542106178655,0.6203810969879396,0.4855013720844557
11657,Bassin de l'Indre (In2),37,vigilance,1,[],1,47.06699506655559,1.1032413706669164,0.015497174113988876,0.09303999692201614,0.3827501525544368,0.025828623523314796,0.6202666461467743,0.12758338418481227,0.2582463897763409,-2.1774539231016514,-3.008364289690992,-1.171279459629535,-1.3297379915284173,-2.106497540758717,-0.9123817251103391,0.19272034254168852,0.5687378288036781,0.45522434653048793,0.10987073806518315,0.6006680256632457,0.46347429076428504
11658,Bassin de la Creuse (Cr),37,vigilance,1,[],1,46.87673914769533,0.7617984018705144,0.060734476894140244,0.09303999692201614,0.3794036222253042,0.1012241281569004,0.6202666461467743,0.1264678740751014,0.2720579883263241,-2.311646143514066,-3.7190164854556804,-1.248139166275552,-1.7888645761164392,-2.282938313530283,-1.0875728488318097,0.2353902703364753,0.6090742087515328,0.5068163262403079,0.18263511774782276,0.6502895200448712,0.5358089682085704
11659,Bassin de la Vienne (Vn1),37,vigilance,1,[],1,47.11519330029958,0.39014086032270034,0.060734476894140244,0.09303999692201614,0.3794036222253042,0.1012241281569004,0.6202666461467743,0.1264678740751014,0.27906292112770975,-2.4627288806870546,-3.7190164854556804,-1.4094324713868793,-1.9186610022749782,-1.9658152104593634,-1.159603523477883,0.23791204614497413,0.6129422718879416,0.5113314288833438,0.18356394757081262,0.6502895200448712,0.5360363432748064
11660,Bassin de la Gartempe,37,vigilance,1,[],1,46.766422344215044,0.8503344022960293,0.060734476894140244,0.09303999692201614,0.3794036222253042,0.1012241281569004,0.6202666461467743,0.1264678740751014,0.28989239736252065,-2.241829958133678,-3.7190164854556804,-1.105326658292142,-1.7059442040100985,-2.415680937880361,-1.0354569079373421,0.24181065758950604,0.6073843052031728,0.5069133390430977,0.18496867823104368,0.6502895200448712,0.5363802175981844
11661,Bassin de l'Aigronne,37,alerte_renforcee,3,[],1,46.93085633162645,0.9247412706372342,0.060734476894140244,0.09303999692201614,0.3794036222253042,0.1012241281569004,0.6202666461467743,0.1264678740751014,0.2582463897763409,-2.1774539231016514,-3.008364289690992,-1.171279459629535,-1.3297379915284173,-2.106497540758717,-0.9123817251103391,0.23041809485848136,0.5687378288036781,0.46660467668984085,0.1807544449150395,0.6006680256632457,0.48328858218754767
11662,Bassin de l'Ardillere,37,vigilance,1,[],1,47.561655255009875,0.40556794073700836,0.334646612405777,0.09303999692201614,0.5013862151449886,0.5577443540096283,0.6202666461467743,0.16712873838166287,0.26473144889204514,-2.527580408056364,-2.157432382138544,-1.35025534288746,-0.9749722097139335,-1.599220931721419,-0.39426038492866194,0.4610128290664988,0.5405256668622311,0.5149517911767711,0.4457595855409513,0.5582629528917464,0.5234751191934537
11663,Bassin de l'Echandon,37,alerte_renforcee,3,[],1,47.18699571679152,0.8216193689814045,0.015497174113988876,0.09303999692201614,0.3827501525544368,0.025828623523314796,0.6202666461467743,0.12758338418481227,0.28918804189879993,-2.3448524396538444,-3.383037099103927,-1.3831724608697247,-1.3036327152889,-1.8367929189784395,-0.788572926033352,0.20385933730577377,0.5937669858799877,0.48289163436386306,0.11272790819837926,0.6284625271609359,0.49433221127145965
11664,Bassin de l'Escotais,37,alerte_renforcee,3,[],1,47.58660341360814,0.46522264309297295,0.334646612405777,0.09303999692201614,0.5013862151449886,0.5577443540096283,0.6202666461467743,0.16712873838166287,0.26473144889204514,-2.527580408056364,-2.157432382138544,-1.35025534288746,-0.9749722097139335,-1.599220931721419,-0.39426038492866194,0.4610128290664988,0.5405256668622311,0.5149517911767711,0.4457595855409513,0.5582629528917464,0.5234751191934537
11665,Bassin de l'Esves,37,vigilance,1,[],1,47.051586060853374,0.8353071469326948,0.060734476894140244,0.09303999692201614,0.3794036222253042,0.1012241281569004,0.6202666461467743,0.1264678740751014,0.2720579883263241,-2.311646143514066,-3.7190164854556804,-1.248139166275552,-1.7888645761164392,-2.282938313530283,-1.0875728488318097,0.2353902703364753,0.6090742087515328,0.5068163262403079,0.18263511774782276,0.6502895200448712,0.5358089682085704
11666,Bassin de l'Indrois,37,alerte_renforcee,3,[],1,47.185441503851834,1.0836524088340842,0.015497174113988876,0.09303999692201614,0.3827501525544368,0.025828623523314796,0.6202666461467743,0.12758338418481227,0.2761181617748462,-2.1666908733048076,-2.4063791918712742,-1.2927685924246,-1.1014637150706192,-1.8223416488639026,-0.699254730860782,0.19915418046115047,0.5339086382290219,0.42469032547306906,0.11154806307680866,0.5461125988227418,0.40804224138127543
11667,Bassin de la Bourouse,37,crise,4,[],1,47.04686766217871,0.4379070736192311,0.060734476894140244,0.09303999692201614,0.3794036222253042,0.1012241281569004,0.6202666461467743,0.1264678740751014,0.27906292112770975,-2.4627288806870546,-3.7190164854556804,-1.4094324713868793,-1.9186610022749782,-1.9658152104593634,-1.159603523477883,0.23791204614497413,0.6129422718879416,0.5113314288833438,0.18356394757081262,0.6502895200448712,0.5360363432748064
11668,Bassin de la Brenne,37,vigilance,1,[],1,47.543635508623126,0.8797868346140225,0.07729806005954742,0.09303999692201614,0.3938548584677823,0.12883010009924573,0.6202666461467743,0.1312849528225941,0.29173065502274437,-2.2919058888630053,-1.824855022168221,-1.228222376974818,-0.981274508525573,-1.4870166549185653,-0.563624565292566,0.25627541631835926,0.5095757030394767,0.42261847251490464,0.20784469154110347,0.5340065575086894,0.42761405399655206
11669,Bassin de la Bresme,37,crise,4,[],1,47.44750922430306,0.4742792064428695,0.07729806005954742,0.09303999692201614,0.3938548584677823,0.12883010009924573,0.6202666461467743,0.1312849528225941,0.26473144889204514,-2.527580408056364,-2.157432382138544,-1.35025534288746,-0.9749722097139335,-1.599220931721419,-0.39426038492866194,0.2465557021113075,0.5405256668622311,0.4459755094007063,0.20394459450283142,0.5582629528917464,0.44870207113207217
11670,Bassin de la Choisille,37,alerte_renforcee,3,[],1,47.498016578615186,0.6867811757436458,0.07729806005954742,0.09303999692201614,0.3938548584677823,0.12883010009924573,0.6202666461467743,0.1312849528225941,0.28006477491246096,-2.6801463957111635,-1.932846044498543,-1.4872427931032288,-0.9818303697597767,-1.5222212584207273,-0.3837978626413375,0.2520756994786572,0.5401932070793155,0.44745833607140384,0.2061915023179292,0.5726629402377714,0.46303816150052046
11671,Bassin de la Cisse,37,alerte_renforcee,3,[],1,47.49306174554488,1.0079566058040554,0.07729806005954742,0.09303999692201614,0.3938548584677823,0.12883010009924573,0.6202666461467743,0.1312849528225941,0.29173065502274437,-2.2919058888630053,-1.824855022168221,-1.228222376974818,-0.981274508525573,-1.4870166549185653,-0.563624565292566,0.25627541631835926,0.5095757030394767,0.42261847251490464,0.20784469154110347,0.5340065575086894,0.42761405399655206
11672,Bassin de la Claise,37,vigilance,1,[],1,46.873129874102005,0.8414548956921113,0.060734476894140244,0.09303999692201614,0.3794036222253042,0.1012241281569004,0.6202666461467743,0.1264678740751014,0.28989239736252065,-2.241829958133678,-3.7190164854556804,-1.105326658292142,-1.7059442040100985,-2.415680937880361,-1.0354569079373421,0.24181065758950604,0.6073843052031728,0.5069133390430977,0.18496867823104368,0.6502895200448712,0.5363802175981844
11673,Bassin de la Deme,37,alerte_renforcee,3,[],1,47.6391833823166,0.6923717514463315,0.334646612405777,0.09303999692201614,0.5013862151449886,0.5577443540096283,0.6202666461467743,0.16712873838166287,0.23855631957577583,-3.5091096506724524,-1.658952709268544,-1.4088212398233038,-0.795108343659317,-1.3469812982486076,-0.13948358025675414,0.45158978251264187,0.5845748119900614,0.5459030803788465,0.43785175300690476,0.6369649313921577,0.5863653849290866
11674,Bassin de la Fare,37,alerte_renforcee,3,[],1,47.552560801057666,0.32042166199280786,0.334646612405777,0.09303999692201614,0.5013862151449886,0.5577443540096283,0.6202666461467743,0.16712873838166287,0.2673009842742272,-2.5012633490862264,-2.849434554296222,-1.2805613575519146,-1.021650295130548,-1.6313625156434997,-0.41037283730678803,0.46193786180408436,0.5728999009329563,0.5397255723997206,0.4465066395438842,0.587580783366144,0.5468536018484162
11675,Bassin de la Fontaine Menard,37,crise,4,[],1,47.33418329400585,0.5879343697435935,0.067236989736557,0.09303999692201614,0.3887201098512957,0.11206164956092834,0.6202666461467743,0.1295733699504319,0.29006141769252713,-2.3854512287735816,-3.26844154527379,-1.3605036637124752,-1.3906474848474044,-1.726386638305402,-0.8499924624451188,0.24729026561032236,0.589379029585851,0.4910508554238652,0.19422666308266084,0.6203810969879396,0.5071377018889464
11676,Bassin de la Manse,37,alerte_renforcee,3,[],1,47.139245922814744,0.567631055895854,0.060734476894140244,0.09303999692201614,0.3794036222253042,0.1012241281569004,0.6202666461467743,0.1264678740751014,0.29006141769252713,-2.3854512287735816,-3.26844154527379,-1.3605036637124752,-1.3906474848474044,-1.726386638305402,-0.8499924624451188,0.2418715049083084,0.589379029585851,0.489493315679333,0.18499031167889168,0.6203810969879396,0.5046832963775334
11677,Bassin de la Masse,37,vigilance,1,[],1,47.3979858954995,1.0463142352672195,0.07729806005954742,0.09303999692201614,0.3938548584677823,0.12883010009924573,0.6202666461467743,0.1312849528225941,0.29173065502274437,-2.2919058888630053,-1.824855022168221,-1.228222376974818,-0.981274508525573,-1.4870166549185653,-0.563624565292566,0.25627541631835926,0.5095757030394767,0.42261847251490464,0.20784469154110347,0.5340065575086894,0.42761405399655206
11678,Bassin de la Maulne,37,vigilance,1,[],1,47.542680926067334,0.24665347538839333,0.334646612405777,0.09303999692201614,0.5013862151449886,0.5577443540096283,0.6202666461467743,0.16712873838166287,0.2673009842742272,-2.5012633490862264,-2.849434554296222,-1.2805613575519146,-1.021650295130548,-1.6313625156434997,-0.41037283730678803,0.46193786180408436,0.5728999009329563,0.5397255723997206,0.4465066395438842,0.587580783366144,0.5468536018484162
11679,Bassin de la Muanne,37,vigilance,1,[],1,46.88451381114578,0.914022946987886,0.060734476894140244,0.09303999692201614,0.3794036222253042,0.1012241281569004,0.6202666461467743,0.1264678740751014,0.2582463897763409,-2.1774539231016514,-3.008364289690992,-1.171279459629535,-1.3297379915284173,-2.106497540758717,-0.9123817251103391,0.23041809485848136,0.5687378288036781,0.46660467668984085,0.1807544449150395,0.6006680256632457,0.48328858218754767
11680,Bassin de la Roumer,37,vigilance,1,[],1,47.3744948082002,0.3725507870617457,0.015497174113988876,0.09303999692201614,0.3827501525544368,0.025828623523314796,0.6202666461467743,0.12758338418481227,0.2927635517732977,-2.412952575367151,-3.7190164854556804,-1.3136874765533433,-1.4828467679235813,-1.7600285226060068,-0.8650763274453462,0.20514652086059298,0.6116385817942256,0.5011324985027241,0.11304421493001747,0.6502895200448712,0.5187733005911226
11681,Bassin de l'Indrois Amont,37,alerte_renforcee,3,[],1,47.08917543410893,1.2145760435968775,0.015497174113988876,0.09303999692201614,0.3827501525544368,0.025828623523314796,0.6202666461467743,0.12758338418481227,0.2538630410411538,-1.9704333545913655,-1.8885145310799103,-0.9398565180226299,-0.8570764930398688,-1.842784348389337,-0.7449385790573531,0.19114233699702118,0.49111144261013756,0.38425585081824726,0.10944727670974648,0.4962766475636162,0.3598781563084583
11682,Bassin de la Veude,37,alerte_renforcee,3,[],1,47.037753429532636,0.3471628237445732,0.060734476894140244,0.09303999692201614,0.3794036222253042,0.1012241281569004,0.6202666461467743,0.1264678740751014,0.2934813381472531,-2.5785274539477654,-3.7190164854556804,-1.545058932981647,-2.11375220096988,-2.0957297346420094,-1.2436423512852262,0.2431026762720097,0.6160722098288087,0.5158368516550594,0.18542616723476985,0.6502895200448712,0.5364922096875315
11683,Bassin de la Veude De Poncay,37,alerte_renforcee,3,[],1,46.98362811103774,0.5013770044298822,0.060734476894140244,0.09303999692201614,0.3794036222253042,0.1012241281569004,0.6202666461467743,0.1264678740751014,0.27906292112770975,-2.4627288806870546,-3.7190164854556804,-1.4094324713868793,-1.9186610022749782,-1.9658152104593634,-1.159603523477883,0.23791204614497413,0.6129422718879416,0.5113314288833438,0.18356394757081262,0.6502895200448712,0.5360363432748064
11684,Bassin du Brignon,37,alerte_renforcee,3,[],1,46.97540436098828,0.8405677206258685,0.060734476894140244,0.09303999692201614,0.3794036222253042,0.1012241281569004,0.6202666461467743,0.1264678740751014,0.2720579883263241,-2.311646143514066,-3.7190164854556804,-1.248139166275552,-1.7888645761164392,-2.282938313530283,-1.0875728488318097,0.2353902703364753,0.6090742087515328,0.5068163262403079,0.18263511774782276,0.6502895200448712,0.5358089682085704
11685,Bassin du Changeon,37,alerte_renforcee,3,[],1,47.35300729718266,0.21295026032715364,0.020807163789868355,0.09303999692201614,0.4206546192353322,0.03467860631644726,0.6202666461467743,0.1402182064117774,0.2927635517732977,-2.412952575367151,-3.7190164854556804,-1.3136874765533433,-1.4828467679235813,-1.7600285226060068,-0.8650763274453462,0.2095715122571592,0.6116385817942256,0.5023354456567473,0.12407388007751453,0.6502895200448712,0.5214733332358554
11686,Bassin du Douai ou de la Riasse,37,vigilance,1,[],1,47.20722109375033,0.29255410693451284,0.015497174113988876,0.09303999692201614,0.3827501525544368,0.025828623523314796,0.6202666461467743,0.12758338418481227,0.2927635517732977,-2.412952575367151,-3.7190164854556804,-1.3136874765533433,-1.4828467679235813,-1.7600285226060068,-0.8650763274453462,0.20514652086059298,0.6116385817942256,0.5011324985027241,0.11304421493001747,0.6502895200448712,0.5187733005911226
11687,Bassin du Lathan,37,vigilance,1,[],1,47.46392440854442,0.29133690356939795,0.020807163789868355,0.09303999692201614,0.4206546192353322,0.03467860631644726,0.6202666461467743,0.1402182064117774,0.2673009842742272,-2.5012633490862264,-2.849434554296222,-1.2805613575519146,-1.021650295130548,-1.6313625156434997,-0.41037283730678803,0.20040498795749384,0.5728999009329563,0.4615350709693034,0.12160328882890643,0.587580783366144,0.4530561320799059
11688,Bassin du Long,37,alerte_renforcee,3,[],1,47.60175000588498,0.5774145870194481,0.334646612405777,0.09303999692201614,0.5013862151449886,0.5577443540096283,0.6202666461467743,0.16712873838166287,0.26473144889204514,-2.527580408056364,-2.157432382138544,-1.35025534288746,-0.9749722097139335,-1.599220931721419,-0.39426038492866194,0.4610128290664988,0.5405256668622311,0.5149517911767711,0.4457595855409513,0.5582629528917464,0.5234751191934537
11689,Bassin du Negron,37,alerte_renforcee,3,[],1,47.11321709978347,0.2067689826738091,0.060734476894140244,0.09303999692201614,0.3794036222253042,0.1012241281569004,0.6202666461467743,0.1264678740751014,0.2934813381472531,-2.5785274539477654,-3.7190164854556804,-1.545058932981647,-2.11375220096988,-2.0957297346420094,-1.2436423512852262,0.2431026762720097,0.6160722098288087,0.5158368516550594,0.18542616723476985,0.6502895200448712,0.5364922096875315
11690,Bassin du ruisseau d'Aubigny,37,crise,4,[],1,47.119646412510875,1.153847583875863,0.015497174113988876,0.09303999692201614,0.3827501525544368,0.025828623523314796,0.6202666461467743,0.12758338418481227,0.2538630410411538,-1.9704333545913655,-1.8885145310799103,-0.9398565180226299,-0.8570764930398688,-1.842784348389337,-0.7449385790573531,0.19114233699702118,0.49111144261013756,0.38425585081824726,0.10944727670974648,0.4962766475636162,0.3598781563084583
11691,Bassin du ruisseau d'Azay,37,crise,4,[],1,47.32970374773399,0.8292654872788211,0.067236989736557,0.09303999692201614,0.3887201098512957,0.11206164956092834,0.6202666461467743,0.1295733699504319,0.28918804189879993,-2.3448524396538444,-3.383037099103927,-1.3831724608697247,-1.3036327152889,-1.8367929189784395,-0.788572926033352,0.24697585032458058,0.5937669858799877,0.49515238009324536,0.19411038496457061,0.6284625271609359,0.5154978590972259
11692,Bassin du ruisseau d'Olivet,37,alerte_renforcee,3,[],1,47.21805560115398,1.249811355386552,0.015497174113988876,0.09303999692201614,0.3827501525544368,0.025828623523314796,0.6202666461467743,0.12758338418481227,0.27306909546534014,-1.994958569258229,-2.115465086637574,-1.1744275975598486,-1.076970687134431,-1.9450412838987436,-0.7996071064258414,0.19805651658972825,0.5069671038615301,0.4003549468182137,0.11126728681728341,0.51402819416601,0.3770168823414921
11693,Bassin du ruisseau de Boutineau,37,vigilance,1,[],1,47.121587988174184,1.0660164267693921,0.015497174113988876,0.09303999692201614,0.3827501525544368,0.025828623523314796,0.6202666461467743,0.12758338418481227,0.2582463897763409,-2.1774539231016514,-3.008364289690992,-1.171279459629535,-1.3297379915284173,-2.106497540758717,-0.9123817251103391,0.19272034254168852,0.5687378288036781,0.45522434653048793,0.10987073806518315,0.6006680256632457,0.46347429076428504
11694,Bassin du ruisseau de Chantereine,37,alerte_renforcee,3,[],1,47.13967974380154,0.9295336709444332,0.015497174113988876,0.09303999692201614,0.3827501525544368,0.025828623523314796,0.6202666461467743,0.12758338418481227,0.2761181617748462,-2.1666908733048076,-2.4063791918712742,-1.2927685924246,-1.1014637150706192,-1.8223416488639026,-0.699254730860782,0.19915418046115047,0.5339086382290219,0.42469032547306906,0.11154806307680866,0.5461125988227418,0.40804224138127543
11695,Bassin du ruisseau de Chezelles,37,vigilance,1,[],1,47.25604248298188,1.1615426900656285,0.067236989736557,0.09303999692201614,0.3887201098512957,0.11206164956092834,0.6202666461467743,0.1295733699504319,0.27306909546534014,-1.994958569258229,-2.115465086637574,-1.1744275975598486,-1.076970687134431,-1.9450412838987436,-0.7996071064258414,0.24117302960853504,0.5069671038615301,0.4152354483177517,0.19191928663623642,0.51402819416601,0.4044531009387896
11696,Bassin du ruisseau de Cleret,37,crise,4,[],1,47.23994318722656,0.9801885252242143,0.015497174113988876,0.09303999692201614,0.3827501525544368,0.025828623523314796,0.6202666461467743,0.12758338418481227,0.2761181617748462,-2.1666908733048076,-2.4063791918712742,-1.2927685924246,-1.1014637150706192,-1.8223416488639026,-0.699254730860782,0.19915418046115047,0.5339086382290219,0.42469032547306906,0.11154806307680866,0.5461125988227418,0.40804224138127543
11697,Bassin du ruisseau de Gaudeberts,37,vigilance,1,[],1,47.077978819058316,0.597318329601509,0.060734476894140244,0.09303999692201614,0.3794036222253042,0.1012241281569004,0.6202666461467743,0.1264678740751014,0.27906292112770975,-2.4627288806870546,-3.7190164854556804,-1.4094324713868793,-1.9186610022749782,-1.9658152104593634,-1.159603523477883,0.23791204614497413,0.6129422718879416,0.5113314288833438,0.18356394757081262,0.6502895200448712,0.5360363432748064
11698,Bassin du ruisseau de la Coulee,37,crise,4,[],1,47.02627316786253,1.0613982430569258,0.015497174113988876,0.09303999692201614,0.3827501525544368,0.025828623523314796,0.6202666461467743,0.12758338418481227,0.2582463897763409,-2.1774539231016514,-3.008364289690992,-1.171279459629535,-1.3297379915284173,-2.106497540758717,-0.9123817251103391,0.19272034254168852,0.5687378288036781,0.45522434653048793,0.10987073806518315,0.6006680256632457,0.46347429076428504
11699,Bassin du ruisseau de Montison,37,vigilance,1,[],1,47.2216173477149,0.6476301977481544,0.015497174113988876,0.09303999692201614,0.3827501525544368,0.025828623523314796,0.6202666461467743,0.12758338418481227,0.28918804189879993,-2.3448524396538444,-3.383037099103927,-1.3831724608697247,-1.3036327152889,-1.8367929189784395,-0.788572926033352,0.20385933730577377,0.5937669858799877,0.48289163436386306,0.11272790819837926,0.6284625271609359,0.49433221127145965
11700,Bassin du ruisseau de Panzoult,37,crise,4,[],1,47.1652204519511,0.3964450043446017,0.060734476894140244,0.09303999692201614,0.3794036222253042,0.1012241281569004,0.6202666461467743,0.1264678740751014,0.29006141769252713,-2.3854512287735816,-3.26844154527379,-1.3605036637124752,-1.3906474848474044,-1.726386638305402,-0.8499924624451188,0.2418715049083084,0.589379029585851,0.489493315679333,0.18499031167889168,0.6203810969879396,0.5046832963775334
11701,Bassin du ruisseau de Parcay,37,crise,4,[],1,47.069293947602844,0.4965630739656972,0.060734476894140244,0.09303999692201614,0.3794036222253042,0.1012241281569004,0.6202666461467743,0.1264678740751014,0.27906292112770975,-2.4627288806870546,-3.7190164854556804,-1.4094324713868793,-1.9186610022749782,-1.9658152104593634,-1.159603523477883,0.23791204614497413,0.6129422718879416,0.5113314288833438,0.18356394757081262,0.6502895200448712,0.5360363432748064
11702,Bassin du ruisseau de Rigny,37,crise,4,[],1,47.07980221824971,1.1071741401074693,0.015497174113988876,0.09303999692201614,0.3827501525544368,0.025828623523314796,0.6202666461467743,0.12758338418481227,0.2582463897763409,-2.1774539231016514,-3.008364289690992,-1.171279459629535,-1.3297379915284173,-2.106497540758717,-0.9123817251103391,0.19272034254168852,0.5687378288036781,0.45522434653048793,0.10987073806518315,0.6006680256632457,0.46347429076428504
11703,Bassin du ruisseau de Roche,37,crise,4,[],1,47.09717995942248,1.2639141205035347,0.015497174113988876,0.09303999692201614,0.3827501525544368,0.025828623523314796,0.6202666461467743,0.12758338418481227,0.2538630410411538,-1.9704333545913655,-1.8885145310799103,-0.9398565180226299,-0.8570764930398688,-1.842784348389337,-0.7449385790573531,0.19114233699702118,0.49111144261013756,0.38425585081824726,0.10944727670974648,0.4962766475636162,0.3598781563084583
11704,Bassin du ruisseau de Rochette,37,vigilance,1,[],1,47.20359245773908,0.8910031448777083,0.015497174113988876,0.09303999692201614,0.3827501525544368,0.025828623523314796,0.6202666461467743,0.12758338418481227,0.2761181617748462,-2.1666908733048076,-2.4063791918712742,-1.2927685924246,-1.1014637150706192,-1.8223416488639026,-0.699254730860782,0.19915418046115047,0.5339086382290219,0.42469032547306906,0.11154806307680866,0.5461125988227418,0.40804224138127543
11705,Bassin du ruisseau de Verneuil,37,vigilance,1,[],1,47.048332786052754,1.0248923612411054,0.015497174113988876,0.09303999692201614,0.3827501525544368,0.025828623523314796,0.6202666461467743,0.12758338418481227,0.2582463897763409,-2.1774539231016514,-3.008364289690992,-1.171279459629535,-1.3297379915284173,-2.106497540758717,-0.9123817251103391,0.19272034254168852,0.5687378288036781,0.45522434653048793,0.10987073806518315,0.6006680256632457,0.46347429076428504
11706,Bassin du ruisseau de Vitray,37,vigilance,1,[],1,47.05446615169646,1.1699300309303027,0.015497174113988876,0.09303999692201614,0.3827501525544368,0.025828623523314796,0.6202666461467743,0.12758338418481227,0.2538630410411538,-1.9704333545913655,-1.8885145310799103,-0.9398565180226299,-0.8570764930398688,-1.842784348389337,-0.7449385790573531,0.19114233699702118,0.49111144261013756,0.38425585081824726,0.10944727670974648,0.4962766475636162,0.3598781563084583
11707,Bassin du ruisseau des Vallees,37,vigilance,1,[],1,47.23777951368913,0.38868404691309194,0.015497174113988876,0.09303999692201614,0.3827501525544368,0.025828623523314796,0.6202666461467743,0.12758338418481227,0.29006141769252713,-2.3854512287735816,-3.26844154527379,-1.3605036637124752,-1.3906474848474044,-1.726386638305402,-0.8499924624451188,0.20417375259151557,0.589379029585851,0.47865767433220546,0.11280542106178655,0.6203810969879396,0.4855013720844557
11708,Bassin du ruisseau du Doigt,37,vigilance,1,[],1,47.231784608263744,0.42019307900467895,0.015497174113988876,0.09303999692201614,0.3827501525544368,0.025828623523314796,0.6202666461467743,0.12758338418481227,0.29006141769252713,-2.3854512287735816,-3.26844154527379,-1.3605036637124752,-1.3906474848474044,-1.726386638305402,-0.8499924624451188,0.20417375259151557,0.589379029585851,0.47865767433220546,0.11280542106178655,0.6203810969879396,0.4855013720844557
11709,Bassin du ruisseau Sennevieres,37,vigilance,1,[],1,47.10039357185582,1.1016239466250761,0.015497174113988876,0.09303999692201614,0.3827501525544368,0.025828623523314796,0.6202666461467743,0.12758338418481227,0.2582463897763409,-2.1774539231016514,-3.008364289690992,-1.171279459629535,-1.3297379915284173,-2.106497540758717,-0.9123817251103391,0.19272034254168852,0.5687378288036781,0.45522434653048793,0.10987073806518315,0.6006680256632457,0.46347429076428504
11710,Bassin du Vieux Cher,37,vigilance,1,[],1,47.31031790599643,0.48566027940214107,0.015497174113988876,0.09303999692201614,0.3827501525544368,0.025828623523314796,0.6202666461467743,0.12758338418481227,0.29006141769252713,-2.3854512287735816,-3.26844154527379,-1.3605036637124752,-1.3906474848474044,-1.726386638305402,-0.8499924624451188,0.20417375259151557,0.589379029585851,0.47865767433220546,0.11280542106178655,0.6203810969879396,0.4855013720844557
8974,Affluents Loire amont,41,alerte_renforcee,3,[],1,47.68113147137149,1.5037477084500375,0.07729806005954742,0.09303999692201614,0.3938548584677823,0.12883010009924573,0.6202666461467743,0.1312849528225941,0.30340808659747687,-2.0343839336254206,-1.4843245968977998,-0.9890359383414075,-0.6273035400939568,-1.4486700201898055,-0.39846127863197567,0.26047929168526296,0.47269071832237364,0.3943599798617143,0.2094540878001096,0.5042613611137552,0.40195821162936496
8975,Aflluents Loire aval,41,alerte_renforcee,3,[],1,47.53024593921703,1.1581797701405434,0.07729806005954742,0.09303999692201614,0.3938548584677823,0.12883010009924573,0.6202666461467743,0.1312849528225941,0.2887796701399888,-1.9994761030158887,-1.7760292796309551,-1.1022752744673532,-0.9581983045848141,-1.6045875272181065,-0.6592030398591018,0.25521306176056724,0.48623136951052315,0.4031483977970392,0.20743090085972665,0.499934504298736,0.39754483268504204
8977,Bassin du Beuvron,41,vigilance,1,[],1,47.523529022367626,1.7152707292681288,0.07729806005954742,0.09303999692201614,0.3938548584677823,0.12883010009924573,0.6202666461467743,0.1312849528225941,0.3052495896498028,-1.8710861739116451,-1.5784066351991095,-1.1047024124024247,-0.6196687853214947,-1.798950351423714,-0.562979955286381,0.2611422327841003,0.4644443963027658,0.3882286672614309,0.20970391670593475,0.4833491402287629,0.38438381222500984
8978,Bassin de la Brenne,41,alerte_renforcee,3,[],1,47.640237838316835,0.964060426883532,0.07729806005954742,0.09303999692201614,0.3938548584677823,0.12883010009924573,0.6202666461467743,0.1312849528225941,0.2488467283073673,-2.731856188369099,-1.5802764264004898,-1.0955900657871214,-0.7899369599191458,-1.3242765157420404,-0.33187615374494545,0.24083720270082348,0.5316107657448724,0.4362741211697864,0.2015207707220164,0.5773328857888794,0.4661424902762574
8979,Bassin du Cher,41,vigilance,1,[],1,47.31766016241548,1.2980726049822857,0.067236989736557,0.09303999692201614,0.3887201098512957,0.11206164956092834,0.6202666461467743,0.1295733699504319,0.27306909546534014,-1.994958569258229,-2.115465086637574,-1.1744275975598486,-1.076970687134431,-1.9450412838987436,-0.7996071064258414,0.24117302960853504,0.5069671038615301,0.4152354483177517,0.19191928663623642,0.51402819416601,0.4044531009387896
8980,Bassin de la Cisse,41,alerte,2,[],1,47.7055979450525,1.303383900812595,0.07729806005954742,0.09303999692201614,0.3938548584677823,0.12883010009924573,0.6202666461467743,0.1312849528225941,0.2753446153423256,-2.2448203627367684,-1.4725156540812745,-0.9463115034234626,-0.7313902337358518,-1.2282130355257919,-0.39418862719142783,0.2503764420334085,0.48986337760160986,0.40434363810809765,0.2055090482969918,0.528837541028347,0.4221993676447145
8981,Bassin du Cosson,41,vigilance,1,[],1,47.594595349361896,1.497380211089582,0.07729806005954742,0.09303999692201614,0.3938548584677823,0.12883010009924573,0.6202666461467743,0.1312849528225941,0.3129066980533675,-1.9244804619024565,-1.6615649989261776,-1.131405121210457,-0.783193641974715,-1.680699160699307,-0.6075318557592972,0.2638987918093836,0.4737510867591469,0.3964469072482586,0.2107315421307333,0.4903784030993832,0.3906185472008215
8982,Bassin du Fouzon,41,vigilance,1,[],1,47.24159250706503,1.4988939532927905,0.067236989736557,0.09303999692201614,0.3887201098512957,0.11206164956092834,0.6202666461467743,0.1295733699504319,0.28931133580199053,-1.9193503570376445,-1.804506302515123,-1.1519002672586214,-0.8484848936560023,-1.922450725345343,-0.7424155795661329,0.24702023612972918,0.4823059291611636,0.39704172339625754,0.19412681465039006,0.4897113506556591,0.38412794710401743
8983,Bassin de La Braye,41,alerte_renforcee,3,[],1,47.962757863639254,0.9169198626135016,0.334646612405777,0.09303999692201614,0.5013862151449886,0.5577443540096283,0.6202666461467743,0.16712873838166287,0.2254666746772363,-3.081492525312998,-1.3691680570394507,-0.9358611606733628,-0.5851852475874404,-1.1341011274232917,-0.1436126582036036,0.4468775103491676,0.5526241644513398,0.5195082160365356,0.43367568388588307,0.606414849566898,0.5588235502097225
8984,Bassin du Loir amont,41,vigilance,1,[],1,47.86651506597818,1.1320284385938706,0.334646612405777,0.09303999692201614,0.5013862151449886,0.5577443540096283,0.6202666461467743,0.16712873838166287,0.2753446153423256,-2.2448203627367684,-1.4725156540812745,-0.9463115034234626,-0.7313902337358518,-1.2282130355257919,-0.39418862719142783,0.4648335689885998,0.48986337760160986,0.4809253421840265,0.44881376736399564,0.528837541028347,0.5024446024452263
8985,Bassin du Loir aval,41,vigilance,1,[],1,47.7547252056697,0.7835091714610014,0.334646612405777,0.09303999692201614,0.5013862151449886,0.5577443540096283,0.6202666461467743,0.16712873838166287,0.23855631957577583,-3.5091096506724524,-1.658952709268544,-1.4088212398233038,-0.795108343659317,-1.3469812982486076,-0.13948358025675414,0.45158978251264187,0.5845748119900614,0.5459030803788465,0.43785175300690476,0.6369649313921577,0.5863653849290866
8986,Bassin de la Masse,41,alerte_renforcee,3,[],1,47.43147127954485,1.1567344946629854,0.07729806005954742,0.09303999692201614,0.3938548584677823,0.12883010009924573,0.6202666461467743,0.1312849528225941,0.2887796701399888,-1.9994761030158887,-1.7760292796309551,-1.1022752744673532,-0.9581983045848141,-1.6045875272181065,-0.6592030398591018,0.25521306176056724,0.48623136951052315,0.4031483977970392,0.20743090085972665,0.499934504298736,0.39754483268504204
8987,Bassin des Mauves,41,alerte,2,[],1,47.85813188548305,1.5273273153939977,0.07729806005954742,0.09303999692201614,0.3938548584677823,0.12883010009924573,0.6202666461467743,0.1312849528225941,0.30340808659747687,-2.0343839336254206,-1.4843245968977998,-0.9890359383414075,-0.6273035400939568,-1.4486700201898055,-0.39846127863197567,0.26047929168526296,0.47269071832237364,0.3943599798617143,0.2094540878001096,0.5042613611137552,0.40195821162936496
8989,Affluents Loire amont,41,alerte_renforcee,3,[],1,47.68113147137149,1.5037477084500375,0.07729806005954742,0.09303999692201614,0.3938548584677823,0.12883010009924573,0.6202666461467743,0.1312849528225941,0.30340808659747687,-2.0343839336254206,-1.4843245968977998,-0.9890359383414075,-0.6273035400939568,-1.4486700201898055,-0.39846127863197567,0.26047929168526296,0.47269071832237364,0.3943599798617143,0.2094540878001096,0.5042613611137552,0.40195821162936496
8990,Aflluents Loire aval,41,alerte_renforcee,3,[],1,47.53024593921703,1.1581797701405434,0.07729806005954742,0.09303999692201614,0.3938548584677823,0.12883010009924573,0.6202666461467743,0.1312849528225941,0.2887796701399888,-1.9994761030158887,-1.7760292796309551,-1.1022752744673532,-0.9581983045848141,-1.6045875272181065,-0.6592030398591018,0.25521306176056724,0.48623136951052315,0.4031483977970392,0.20743090085972665,0.499934504298736,0.39754483268504204
8991,Bassin  de l'Aigre,41,vigilance,1,[],1,47.94268272353581,1.4117412687070159,0.334646612405777,0.09303999692201614,0.5013862151449886,0.5577443540096283,0.6202666461467743,0.16712873838166287,0.2769530476326698,-2.014232267714685,-1.3159025506626298,-0.8494681619495743,-0.46145038109927905,-1.2431117035685977,-0.231016636724866,0.4654126046131237,0.4627641740563993,0.46376015630071654,0.4492695217272566,0.501772725986629,0.483461756152049
8992,Bassin du Beuvron,41,vigilance,1,[],1,47.523529022367626,1.7152707292681288,0.07729806005954742,0.09303999692201614,0.3938548584677823,0.12883010009924573,0.6202666461467743,0.1312849528225941,0.3052495896498028,-1.8710861739116451,-1.5784066351991095,-1.1047024124024247,-0.6196687853214947,-1.798950351423714,-0.562979955286381,0.2611422327841003,0.4644443963027658,0.3882286672614309,0.20970391670593475,0.4833491402287629,0.38438381222500984
8993,Bassin de la Brenne,41,alerte,2,[],1,47.640237838316835,0.964060426883532,0.07729806005954742,0.09303999692201614,0.3938548584677823,0.12883010009924573,0.6202666461467743,0.1312849528225941,0.2488467283073673,-2.731856188369099,-1.5802764264004898,-1.0955900657871214,-0.7899369599191458,-1.3242765157420404,-0.33187615374494545,0.24083720270082348,0.5316107657448724,0.4362741211697864,0.2015207707220164,0.5773328857888794,0.4661424902762574
8994,Bassin du Cher,41,vigilance,1,[],1,47.31766016241548,1.2980726049822857,0.067236989736557,0.09303999692201614,0.3887201098512957,0.11206164956092834,0.6202666461467743,0.1295733699504319,0.27306909546534014,-1.994958569258229,-2.115465086637574,-1.1744275975598486,-1.076970687134431,-1.9450412838987436,-0.7996071064258414,0.24117302960853504,0.5069671038615301,0.4152354483177517,0.19191928663623642,0.51402819416601,0.4044531009387896
8995,Bassin de la Cisse,41,alerte,2,[],1,47.7055979450525,1.303383900812595,0.07729806005954742,0.09303999692201614,0.3938548584677823,0.12883010009924573,0.6202666461467743,0.1312849528225941,0.2753446153423256,-2.2448203627367684,-1.4725156540812745,-0.9463115034234626,-0.7313902337358518,-1.2282130355257919,-0.39418862719142783,0.2503764420334085,0.48986337760160986,0.40434363810809765,0.2055090482969918,0.528837541028347,0.4221993676447145
8996,Bassin du Cosson,41,vigilance,1,[],1,47.594595349361896,1.497380211089582,0.07729806005954742,0.09303999692201614,0.3938548584677823,0.12883010009924573,0.6202666461467743,0.1312849528225941,0.3129066980533675,-1.9244804619024565,-1.6615649989261776,-1.131405121210457,-0.783193641974715,-1.680699160699307,-0.6075318557592972,0.2638987918093836,0.4737510867591469,0.3964469072482586,0.2107315421307333,0.4903784030993832,0.3906185472008215
8997,Bassin du Fouzon,41,vigilance,1,[],1,47.24159250706503,1.4988939532927905,0.067236989736557,0.09303999692201614,0.3887201098512957,0.11206164956092834,0.6202666461467743,0.1295733699504319,0.28931133580199053,-1.9193503570376445,-1.804506302515123,-1.1519002672586214,-0.8484848936560023,-1.922450725345343,-0.7424155795661329,0.24702023612972918,0.4823059291611636,0.39704172339625754,0.19412681465039006,0.4897113506556591,0.38412794710401743
8999,Bassin du Loir amont,41,vigilance,1,[],1,47.86651506597818,1.1320284385938706,0.334646612405777,0.09303999692201614,0.5013862151449886,0.5577443540096283,0.6202666461467743,0.16712873838166287,0.2753446153423256,-2.2448203627367684,-1.4725156540812745,-0.9463115034234626,-0.7313902337358518,-1.2282130355257919,-0.39418862719142783,0.4648335689885998,0.48986337760160986,0.4809253421840265,0.44881376736399564,0.528837541028347,0.5024446024452263
9000,Bassin du Loir aval,41,vigilance,1,[],1,47.7547252056697,0.7835091714610014,0.334646612405777,0.09303999692201614,0.5013862151449886,0.5577443540096283,0.6202666461467743,0.16712873838166287,0.23855631957577583,-3.5091096506724524,-1.658952709268544,-1.4088212398233038,-0.795108343659317,-1.3469812982486076,-0.13948358025675414,0.45158978251264187,0.5845748119900614,0.5459030803788465,0.43785175300690476,0.6369649313921577,0.5863653849290866
9001,Bassin de la Masse,41,alerte_renforcee,3,[],1,47.43147127954485,1.1567344946629854,0.07729806005954742,0.09303999692201614,0.3938548584677823,0.12883010009924573,0.6202666461467743,0.1312849528225941,0.2887796701399888,-1.9994761030158887,-1.7760292796309551,-1.1022752744673532,-0.9581983045848141,-1.6045875272181065,-0.6592030398591018,0.25521306176056724,0.48623136951052315,0.4031483977970392,0.20743090085972665,0.499934504298736,0.39754483268504204
9002,Bassin des Mauves,41,alerte,2,[],1,47.85813188548305,1.5273273153939977,0.07729806005954742,0.09303999692201614,0.3938548584677823,0.12883010009924573,0.6202666461467743,0.1312849528225941,0.30340808659747687,-2.0343839336254206,-1.4843245968977998,-0.9890359383414075,-0.6273035400939568,-1.4486700201898055,-0.39846127863197567,0.26047929168526296,0.47269071832237364,0.3943599798617143,0.2094540878001096,0.5042613611137552,0.40195821162936496
9003,Bassin de la Sauldre,41,vigilance,1,[],1,47.42138348185681,2.012613718784303,0.067236989736557,0.09303999692201614,0.3887201098512957,0.11206164956092834,0.6202666461467743,0.1295733699504319,0.27663801315314257,-1.8775638499622918,-1.492375085639277,-1.0216411970101706,-0.4275381359258543,-1.8294515293811817,-0.46331129329438014,0.2424578399761439,0.4597863371595808,0.37760366070743306,0.19241197450983888,0.48421223288961457,0.378857330291258
5117,ALLIER (lit mineur + 100m),43,alerte,2,[],1,45.109816470565214,3.4977864989238387,0.218720480799675,0.009013360366225243,0.2389405553103034,0.364534134666125,0.06008906910816829,0.07964685177010113,0.17012431146264348,-1.9361891744776139,-3.3049246069354083,-1.5969537725561245,-1.7895348727875384,-1.6958441209027466,-1.2227378318411783,0.25192428913475773,0.5781887231734404,0.4818533109199743,0.20763642033365048,0.6229918145518422,0.513377146108629
5118,ALLIER AVAL,43,alerte,2,[],1,45.27825178726679,3.5659421438545866,0.218720480799675,0.009013360366225243,0.2389405553103034,0.364534134666125,0.06008906910816829,0.07964685177010113,0.14968115300844745,-1.9951222759039189,-3.7190164854556804,-1.6162333651596823,-1.742781175811688,-2.1008840672745843,-1.2453446751525261,0.24456475209124715,0.6020254310094159,0.502443249272938,0.20302777371140668,0.6502895200448712,0.5408010360617796
5119,ALLIER MOYEN,43,alerte,2,[],1,45.11230146699164,3.4213582477141786,0.218720480799675,0.009013360366225243,0.2389405553103034,0.364534134666125,0.06008906910816829,0.07964685177010113,0.17012431146264348,-1.9361891744776139,-3.3049246069354083,-1.5969537725561245,-1.7895348727875384,-1.6958441209027466,-1.2227378318411783,0.25192428913475773,0.5781887231734404,0.4818533109199743,0.20763642033365048,0.6229918145518422,0.513377146108629
5120,ALLIER AMONT,43,alerte,2,[],1,44.922597801877174,3.5434499284560648,0.218720480799675,0.009013360366225243,0.2389405553103034,0.364534134666125,0.06008906910816829,0.07964685177010113,0.17012431146264348,-1.9361891744776139,-3.3049246069354083,-1.5969537725561245,-1.7895348727875384,-1.6958441209027466,-1.2227378318411783,0.25192428913475773,0.5781887231734404,0.4818533109199743,0.20763642033365048,0.6229918145518422,0.513377146108629
5121,ALAGNON,43,alerte,2,[],1,45.30523085774364,3.191046072299769,0.218720480799675,0.009013360366225243,0.2389405553103034,0.364534134666125,0.06008906910816829,0.07964685177010113,0.18361398495394335,-2.051294881665323,-3.3828926333536646,-1.3961613430949824,-0.8505977000574254,-1.895354642259309,-0.6211060037119462,0.2567805715916257,0.5854753999827157,0.4900989353961191,0.21048981231175512,0.6284525558604809,0.5197474634827316
5122,LOIRE (lit mineur + 100m),43,alerte,2,[],1,45.11235865142872,3.896777912489636,0.28727683424949646,0.009013360366225243,0.3329615798904396,0.47879472374916077,0.06008906910816829,0.11098719329681321,0.034414474695047825,-1.842946348347348,-3.7190164854556804,-1.571502874454815,-2.0988948439489152,-1.7209196518375176,-1.5287509104107317,0.2601990424399412,0.5992987503142537,0.5041843766149378,0.200816825752143,0.6502895200448712,0.5402598018913867
5123,LOIRE AVAL,43,alerte,2,[],1,45.316568859545754,4.244246375163833,0.28727683424949646,0.009013360366225243,0.3329615798904396,0.47879472374916077,0.06008906910816829,0.11098719329681321,0.14689306508486286,-2.3437260094873125,-3.7190164854556804,-1.7921506037557755,-2.526845199029372,-2.1585405151385872,-1.5390130961735644,0.3006913349802746,0.6098725643200292,0.5254385082061397,0.24340686964944536,0.6502895200448712,0.5506857311762317
5124,LOIRE MOYENNE RIVE GAUCHE,43,alerte,2,[],1,45.25044371367382,3.9369401109828117,0.28727683424949646,0.009013360366225243,0.3329615798904396,0.47879472374916077,0.06008906910816829,0.11098719329681321,0.18187238803212863,-2.3718437986977072,-3.7190164854556804,-1.764960928273802,-3.7190164854556804,-2.1100657680812924,-1.5860082212933597,0.31328389124129025,0.6105829552673235,0.5295416292269575,0.25242791356870253,0.6502895200448712,0.5528940586953215
5125,LOIRE MOYENNE RIVE DROITE,43,alerte,2,[],1,45.135963068097965,4.054668838863966,0.28727683424949646,0.016853200271725655,0.3329615798904396,0.47879472374916077,0.11235466847817104,0.11098719329681321,0.18187238803212863,-2.3718437986977072,-3.7190164854556804,-1.764960928273802,-3.7190164854556804,-2.1100657680812924,-1.5860082212933597,0.3206010751530906,0.6105829552673235,0.5315362345212467,0.2749873267343998,0.6502895200448712,0.5584165429392989
5126,HAUT-LIGNON,43,alerte,2,[],1,45.05176499453174,4.286170598783596,0.28727683424949646,0.016853200271725655,0.3329615798904396,0.47879472374916077,0.11235466847817104,0.11098719329681321,0.13778873899451324,-1.7805319275171714,-3.7190164854556804,-2.062604403567863,-1.5777575912570647,-2.014973026597226,-1.171798465726482,0.3047309614995491,0.5983320666279341,0.515780962235063,0.2625411895900902,0.6502895200448712,0.5553697617232722
5127,BORNE,43,alerte,2,[],1,45.12436608853015,3.7729711956344913,0.28727683424949646,0.009013360366225243,0.3329615798904396,0.47879472374916077,0.06008906910816829,0.11098719329681321,0.17012431146264348,-1.9361891744776139,-3.3049246069354083,-1.5969537725561245,-1.7895348727875384,-1.6958441209027466,-1.2227378318411783,0.30905458367627564,0.5781887231734404,0.49872205266019887,0.2495299142313624,0.6229918145518422,0.5244330791901508
5128,LOIRE AMONT,43,alerte,2,[],1,44.96073328946942,4.05176054335063,0.28727683424949646,0.016853200271725655,0.3329615798904396,0.47879472374916077,0.11235466847817104,0.11098719329681321,0.034414474695047825,-1.842946348347348,-3.7190164854556804,-1.571502874454815,-2.0988948439489152,-1.7209196518375176,-1.5287509104107317,0.26751622635174155,0.5992987503142537,0.506236779931285,0.21952634344937727,0.6502895200448712,0.5448398419809268
5129,DORETTE,43,alerte,2,[],1,45.32120413584927,3.7466093691321776,0.218720480799675,0.009013360366225243,0.2389405553103034,0.364534134666125,0.06008906910816829,0.07964685177010113,0.18187238803212863,-2.3718437986977072,-3.7190164854556804,-1.764960928273802,-3.7190164854556804,-2.1100657680812924,-1.5860082212933597,0.2561535966997724,0.6105829552673235,0.5139683719014119,0.21012909348557107,0.6502895200448712,0.5425394202243562
9679,OUDON,49,alerte_renforcee,3,[],1,47.68451113179353,-0.946963268316469,0.334646612405777,,0.5013862151449886,0.5577443540096283,,0.16712873838166287,0.24101992156859162,-2.6964034254385436,-2.39614282479049,-1.508368051737494,-0.8944114897960879,-1.720559339489004,-0.241508305284861,0.42516203345291526,0.5606546360060608,0.5189850032550223,0.40474978678673673,0.5741422065304702,0.5236462490586986
9681,LAYON,49,alerte_renforcee,3,[],1,47.20228736354723,-0.44279394933074895,0.04134676977992058,,0.4175253660206122,0.0689112829665343,,0.13917512200687074,0.3149962402144458,-2.704258329425194,-3.7190164854556804,-1.3783939354709882,-1.6298953246360273,-1.8995255661507047,-0.6876464116818164,0.17192359065170654,0.6196015342277872,0.5003943322003069,0.1121616661099764,0.6502895200448712,0.5185572549911143
9682,HYROME,49,alerte_renforcee,3,[],1,47.22876985487119,-0.7212502127226752,0.04134676977992058,,0.4175253660206122,0.0689112829665343,,0.13917512200687074,0.2864006188433489,-2.8613438863496876,-3.7190164854556804,-1.6029335085818999,-1.4052653767818446,-1.9981009898287834,-0.5286295862018014,0.1599533305428753,0.6241613078182078,0.5020341844625464,0.10918258768780205,0.6502895200448712,0.5178279845297244
9683,AUBANCE,49,alerte_renforcee,3,[],1,47.333163070965824,-0.4352259064821351,0.020807163789868355,0.09303999692201614,0.4206546192353322,0.03467860631644726,0.6202666461467743,0.1402182064117774,0.3149962402144458,-2.704258329425194,-3.7190164854556804,-1.3783939354709882,-1.6298953246360273,-1.8995255661507047,-0.6876464116818164,0.21757528009597255,0.6196015342277872,0.5125504150374628,0.12611161881348493,0.6502895200448712,0.521972166249821
9687,EVRE,49,alerte_renforcee,3,[],1,47.21313682908169,-0.939419175933967,0.04134676977992058,,0.4175253660206122,0.0689112829665343,,0.13917512200687074,0.2752071638734209,-2.8052831942223238,-3.7190164854556804,-1.7105534594057799,-1.1964086031386274,-1.7759501805974236,-0.4538737050785726,0.1552676982298822,0.6225176079840798,0.49905257846181367,0.10796301169745116,0.6502895200448712,0.5175294355762753
9688,THAU,49,crise,4,[],1,47.357993408298384,-0.9300424189208615,0.04134676977992058,,0.4175253660206122,0.0689112829665343,,0.13917512200687074,0.2752071638734209,-2.8052831942223238,-3.7190164854556804,-1.7105534594057799,-1.1964086031386274,-1.7759501805974236,-0.4538737050785726,0.1552676982298822,0.6225176079840798,0.49905257846181367,0.10796301169745116,0.6502895200448712,0.5175294355762753
9689,DIVATTE,49,crise,4,[],1,47.28587010223296,-1.2053614114558346,0.04134676977992058,,0.4175253660206122,0.0689112829665343,,0.13917512200687074,0.2534553205821545,-2.962591216235661,-2.664178959729322,-1.8384287975474005,-1.1649311531030508,-1.8037763473482484,-0.5017417683313676,0.14616227545679392,0.5849222797966647,0.45743862817420533,0.10549712789959477,0.5969847378408318,0.4583308322629163
9690,MAYENNE,49,alerte,2,[],1,47.62582205665619,-0.6422155709683316,0.334646612405777,,0.5013862151449886,0.5577443540096283,,0.16712873838166287,0.26012911935483934,-2.512221439416086,-1.8381634299545628,-1.155061684495089,-0.6963365101738501,-1.6021330116504124,-0.09648200294982863,0.43316123252622823,0.5253184075004678,0.4946966872965467,0.4113704098257397,0.556759341966423,0.5116497417994381
9691,LOIRE,49,vigilance,1,[],1,47.32841808545301,-0.2479015500061022,0.020807163789868355,0.09303999692201614,0.4206546192353322,0.03467860631644726,0.6202666461467743,0.1402182064117774,0.3120635662715948,-2.4693257635494086,-3.7190164854556804,-1.2496757610410159,-1.6105814670233967,-1.9254113848882413,-0.7892038873021354,0.21651951747654619,0.613117043456448,0.5057112670701742,0.125848715608603,0.6502895200448712,0.5219078082456483
9692,ROMME,49,alerte_renforcee,3,[],1,47.45543218200834,-0.8269759072659617,0.04134676977992058,,0.4175253660206122,0.0689112829665343,,0.13917512200687074,0.29500362187604307,-2.779662599572189,-2.401039949397513,-1.3457866382694723,-0.9313798563076511,-1.6805445753434625,-0.1900406610342199,0.16355458762632866,0.5651766906618478,0.44293243430017093,0.1100987829291274,0.5815604222400524,0.44346567574175916
9693,ERDRE,49,crise,4,[],1,47.55468499112652,-0.9447124505099131,0.04134676977992058,,0.4175253660206122,0.0689112829665343,,0.13917512200687074,0.2738790582741245,-2.894249369272617,-3.7190164854556804,-1.7347671422706779,-1.1843569832565188,-1.7867783198360763,-0.3562033948118224,0.15471174704878138,0.6251334752725056,0.501691724381635,0.10781616587208488,0.6502895200448712,0.5174934881094275
9694,BRIONNEAU,49,alerte,2,[],1,47.514429078414594,-0.6514238876693652,0.334646612405777,,0.5013862151449886,0.5577443540096283,,0.16712873838166287,0.29500362187604307,-2.779662599572189,-2.401039949397513,-1.3457866382694723,-0.9313798563076511,-1.6805445753434625,-0.1900406610342199,0.44775986148859265,0.5651766906618478,0.5294377886986728,0.42268102777125377,0.5815604222400524,0.5350234235246563
9695,SARTHE,49,vigilance,1,[],1,47.62693373368107,-0.5210634035563133,0.334646612405777,,0.5013862151449886,0.5577443540096283,,0.16712873838166287,0.2774748536297403,-2.271672135488811,-1.7586962306921774,-0.9913626533491291,-0.6460467246531756,-1.4543035383875926,-0.10289983741140442,0.44042223757153565,0.5049107617418213,0.48256145972631864,0.4171124273640771,0.5317992728458458,0.49421174773113963
9696,LOIR,49,vigilance,1,[],1,47.609462408892696,-0.21063157102788904,0.334646612405777,0.09303999692201614,0.5013862151449886,0.5577443540096283,0.6202666461467743,0.16712873838166287,0.3068074504448506,-2.398972380466344,-2.9885897199874103,-1.0295794755632484,-0.9778529626779485,-1.569948850873284,-0.3761786982475041,0.47616018962550877,0.5758047115349125,0.5462165958341848,0.45741413310708606,0.5990850897225023,0.5593264905202245
9697,AUTHION,49,vigilance,1,[],1,47.355894560381444,0.08678536624933564,0.020807163789868355,0.09303999692201614,0.4206546192353322,0.03467860631644726,0.6202666461467743,0.1402182064117774,0.3215959603528705,-2.4236624474909814,-3.7190164854556804,-1.2509813705677921,-1.5394470926786479,-1.9250956027645123,-0.8604098501597021,0.21995117934580544,0.6119167882742941,0.5054360975950012,0.1266970219974684,0.6502895200448712,0.5221154713897277
9698,COUASNON,49,crise,4,[],1,47.51299141439844,-0.1770449837945326,0.020807163789868355,0.09303999692201614,0.4206546192353322,0.03467860631644726,0.6202666461467743,0.1402182064117774,0.3068074504448506,-2.398972380466344,-2.9885897199874103,-1.0295794755632484,-0.9778529626779485,-1.569948850873284,-0.3761786982475041,0.21462731577891825,0.5758047115349125,0.4685578868290644,0.1253731513428198,0.5990850897225023,0.46614236423149336
9699,LATHAN,49,vigilance,1,[],1,47.4180855656635,0.0065277066572655,0.020807163789868355,0.09303999692201614,0.4206546192353322,0.03467860631644726,0.6202666461467743,0.1402182064117774,0.2947175384783871,-2.4638849894322927,-3.7190164854556804,-0.9999548945859476,-0.9378928371777181,-1.5725681224214485,-0.3878502543565741,0.2102749474709914,0.6129728679233672,0.5038743530512323,0.12425722144661099,0.6502895200448712,0.521518214714583
9704,Alluvions de la Loire-Thau,49,vigilance,1,[],1,47.360753774388584,-0.833688548014871,0.04134676977992058,,0.4175253660206122,0.0689112829665343,,0.13917512200687074,0.2864006188433489,-2.8613438863496876,-3.7190164854556804,-1.6029335085818999,-1.4052653767818446,-1.9981009898287834,-0.5286295862018014,0.1599533305428753,0.6241613078182078,0.5020341844625464,0.10918258768780205,0.6502895200448712,0.5178279845297244
9706,Romme Brionneau,49,alerte,2,[],1,47.470377066763746,-0.7390785408093127,0.04134676977992058,,0.4175253660206122,0.0689112829665343,,0.13917512200687074,0.29500362187604307,-2.779662599572189,-2.401039949397513,-1.3457866382694723,-0.9313798563076511,-1.6805445753434625,-0.1900406610342199,0.16355458762632866,0.5651766906618478,0.44293243430017093,0.1100987829291274,0.5815604222400524,0.44346567574175916
9707,Erdre,49,alerte,2,[],1,47.55455865404501,-0.9448299792033625,0.04134676977992058,,0.4175253660206122,0.0689112829665343,,0.13917512200687074,0.2738790582741245,-2.894249369272617,-3.7190164854556804,-1.7347671422706779,-1.1843569832565188,-1.7867783198360763,-0.3562033948118224,0.15471174704878138,0.6251334752725056,0.501691724381635,0.10781616587208488,0.6502895200448712,0.5174934881094275
9712,Loir-Sarthe aval,49,alerte_renforcee,3,[],1,47.6268667873433,-0.2869357359583513,0.334646612405777,0.09303999692201614,0.5013862151449886,0.5577443540096283,0.6202666461467743,0.16712873838166287,0.2864051674084292,-2.186860856287219,-1.67289812966396,-0.9200212640646225,-0.571704770048146,-1.3417658622561854,-0.050771195934505,0.46881536773239707,0.4944267928954864,0.4853628776447322,0.4519114944968569,0.5223151500254204,0.49877361828524375
9713,Authion alluvions,49,vigilance,1,[],1,47.339027224892995,-0.17967510838071113,0.020807163789868355,0.09303999692201614,0.4206546192353322,0.03467860631644726,0.6202666461467743,0.1402182064117774,0.3120635662715948,-2.4693257635494086,-3.7190164854556804,-1.2496757610410159,-1.6105814670233967,-1.9254113848882413,-0.7892038873021354,0.21651951747654619,0.613117043456448,0.5057112670701742,0.125848715608603,0.6502895200448712,0.5219078082456483
9716,Sud-Loire,49,alerte,2,[],1,47.33320181843273,-0.2689457226691853,0.020807163789868355,0.09303999692201614,0.4206546192353322,0.03467860631644726,0.6202666461467743,0.1402182064117774,0.3120635662715948,-2.4693257635494086,-3.7190164854556804,-1.2496757610410159,-1.6105814670233967,-1.9254113848882413,-0.7892038873021354,0.21651951747654619,0.613117043456448,0.5057112670701742,0.125848715608603,0.6502895200448712,0.5219078082456483
9717,Layon,49,alerte_renforcee,3,[],1,47.21573771402021,-0.5094133708484477,0.04134676977992058,,0.4175253660206122,0.0689112829665343,,0.13917512200687074,0.3149962402144458,-2.704258329425194,-3.7190164854556804,-1.3783939354709882,-1.6298953246360273,-1.8995255661507047,-0.6876464116818164,0.17192359065170654,0.6196015342277872,0.5003943322003069,0.1121616661099764,0.6502895200448712,0.5185572549911143
9719,bassin Mayenne médiane et aval,53,alerte,2,[],1,48.086832727108735,-0.7070113523194825,0.334646612405777,,0.5013862151449886,0.5577443540096283,,0.16712873838166287,0.21860599002206932,-2.1575441906643817,-1.675159689022084,-1.0567548954449406,-0.5947482294112729,-1.4657091947207443,-0.08022541212136688,0.41577945745669664,0.49231884408153764,0.46511852108904506,0.39654148919524035,0.5189467848613782,0.4777283621402458
9720,bassin Oudon,53,alerte_renforcee,3,[],1,47.9243266369396,-1.0039021059981807,0.334646612405777,,0.5013862151449886,0.5577443540096283,,0.16712873838166287,0.2163962370045394,-2.0480838829923695,-1.6751540737597717,-0.9916035019475585,-0.4970892210639917,-1.513808364946007,-0.01526719543784079,0.4148544445656376,0.4839975293809644,0.45902292756731333,0.3957039172305413,0.5059390917261362,0.4678150684216212
9721,bassin Mayenne amont est,53,alerte,2,[],1,48.458452949297836,-0.38544565903378547,0.334646612405777,,0.5013862151449886,0.5577443540096283,,0.16712873838166287,0.1621472965824037,-2.1109583693171405,-1.8318209215515664,-1.1616238561769034,-0.6901534559396915,-1.3260300727316872,-0.07027562788607984,0.39214558578427844,0.4973411298377031,0.4603268985137013,0.3732250045458036,0.5134954382103816,0.4657258941069639
9722,bassin Mayenne amont ouest,53,vigilance,1,[],1,48.40617189484697,-0.7779142410425723,0.334646612405777,,0.5013862151449886,0.5577443540096283,,0.16712873838166287,0.14215070575865946,-2.0355287050897415,-2.0813137524320258,-1.3617838352075542,-0.7015589788566079,-1.4711776803612278,-0.08579080900669762,0.3837749198580599,0.5072204866184924,0.46463847419637516,0.36380869293268286,0.5099617129880754,0.4598273100753806
9723,bassin Sarthe amont,53,vigilance,1,[],1,48.30928346503241,-0.23721142558299219,0.334646612405777,,0.5013862151449886,0.5577443540096283,,0.16712873838166287,0.19560327952130704,-1.723297614713733,-1.396789515699342,-0.539404146896545,-0.5410290048296786,-1.2069872107816715,-0.14438762261201654,0.4061504158517264,0.44033932127797276,0.4269453910670414,0.38754739709362845,0.46284175831220237,0.43453026763537983
9724,bassin Sarthe aval,53,alerte,2,[],1,47.97885654130399,-0.45832116238946197,0.334646612405777,,0.5013862151449886,0.5577443540096283,,0.16712873838166287,0.23165922220441185,-2.029081645809959,-1.5535320848119376,-0.9134187717931261,-0.5692109400199573,-1.3738549570930902,-0.11616810907068911,0.421243601160933,0.47586023412107115,0.45582150967209556,0.4013833307990919,0.5036089670508666,0.468088244629836
9725,bassin Mayenne médiane et aval,53,alerte,2,[],1,48.086832727108735,-0.7070113523194825,0.334646612405777,,0.5013862151449886,0.5577443540096283,,0.16712873838166287,0.21860599002206932,-2.1575441906643817,-1.675159689022084,-1.0567548954449406,-0.5947482294112729,-1.4657091947207443,-0.08022541212136688,0.41577945745669664,0.49231884408153764,0.46511852108904506,0.39654148919524035,0.5189467848613782,0.4777283621402458
9726,bassin Oudon,53,alerte_renforcee,3,[],1,47.9243266369396,-1.0039021059981807,0.334646612405777,,0.5013862151449886,0.5577443540096283,,0.16712873838166287,0.2163962370045394,-2.0480838829923695,-1.6751540737597717,-0.9916035019475585,-0.4970892210639917,-1.513808364946007,-0.01526719543784079,0.4148544445656376,0.4839975293809644,0.45902292756731333,0.3957039172305413,0.5059390917261362,0.4678150684216212
9727,bassin Mayenne amont est,53,alerte,2,[],1,48.458452949297836,-0.38544565903378547,0.334646612405777,,0.5013862151449886,0.5577443540096283,,0.16712873838166287,0.1621472965824037,-2.1109583693171405,-1.8318209215515664,-1.1616238561769034,-0.6901534559396915,-1.3260300727316872,-0.07027562788607984,0.39214558578427844,0.4973411298377031,0.4603268985137013,0.3732250045458036,0.5134954382103816,0.4657258941069639
9728,bassin Mayenne amont ouest,53,vigilance,1,[],1,48.40617189484697,-0.7779142410425723,0.334646612405777,,0.5013862151449886,0.5577443540096283,,0.16712873838166287,0.14215070575865946,-2.0355287050897415,-2.0813137524320258,-1.3617838352075542,-0.7015589788566079,-1.4711776803612278,-0.08579080900669762,0.3837749198580599,0.5072204866184924,0.46463847419637516,0.36380869293268286,0.5099617129880754,0.4598273100753806
9729,bassin Sarthe amont,53,vigilance,1,[],1,48.30928346503241,-0.23721142558299219,0.334646612405777,,0.5013862151449886,0.5577443540096283,,0.16712873838166287,0.19560327952130704,-1.723297614713733,-1.396789515699342,-0.539404146896545,-0.5410290048296786,-1.2069872107816715,-0.14438762261201654,0.4061504158517264,0.44033932127797276,0.4269453910670414,0.38754739709362845,0.46284175831220237,0.43453026763537983
9730,bassin Sarthe aval,53,alerte,2,[],1,47.97885654130399,-0.45832116238946197,0.334646612405777,,0.5013862151449886,0.5577443540096283,,0.16712873838166287,0.23165922220441185,-2.029081645809959,-1.5535320848119376,-0.9134187717931261,-0.5692109400199573,-1.3738549570930902,-0.11616810907068911,0.421243601160933,0.47586023412107115,0.45582150967209556,0.4013833307990919,0.5036089670508666,0.468088244629836
7317,Moselle amont et Meurthe partie du département 54,54,alerte,2,,0,48.576482474051375,6.375243913409504,0.3536083996295929,0.09303999692201614,0.4105830758527218,0.5893473327159882,0.6202666461467743,0.1368610252842406,0.11082002459015669,-3.2462834220358188,-2.1722046684417697,-0.40845718819443827,-0.5775638036659941,-0.9308505365339849,-0.5239680567848379,0.4214062056709989,0.5815110097199019,0.5346095412701091,0.39326630558965486,0.618777744336218,0.5585987587863532
7318,Meuse aval et Chiers partie du département 54,54,vigilance,1,,0,49.394603145230576,5.803219404696444,0.6716166734695435,0.09303999692201614,0.4591402402878886,1.0,0.6202666461467743,0.15304674676262953,0.091246846999395,-0.7463100611170005,-0.40472783571321624,0.4742417818909498,0.7440379205984426,-2.14634033837572,0.5018732323014528,0.6196861953803307,0.2331132473601675,0.4406336182960803,0.5181537362177531,0.27175010996881227,0.3973604995721662
7319,"Moselle aval, Orne, Nied et Seille partie du département 54",54,alerte,2,,0,49.0472737487337,5.90488214714594,0.3536083996295929,0.09303999692201614,0.4105830758527218,0.5893473327159882,0.6202666461467743,0.1368610252842406,0.14767445002485619,-1.1845757923557176,-0.6759988307779503,0.1505022922520681,0.4950121566257072,-1.1923035364168817,0.41270665397758866,0.43467379882749074,0.3295915586026274,0.37890517322401385,0.4105313944493459,0.37197286847409416,0.3889239287989673
7320,Meuse amont et médiane partie du département 55,55,vigilance,1,[],1,49.00936080337253,5.463534099563731,0.6716166734695435,0.09303999692201614,0.4591402402878886,1.0,0.6202666461467743,0.15304674676262953,0.10832249309494513,-0.8772625233123885,-0.34597125479942276,0.35951209080081753,0.52788624978509,-1.2812416229678927,0.2683266867706163,0.6258334279747286,0.25565514994317207,0.4485333563421577,0.5302890281674044,0.30489484925499893,0.4145657075519663
7321,Bassin Saulx-Ornain partie du département 55,55,vigilance,1,[],1,48.681424464812395,5.255804026689531,0.2028668224811554,0.09303999692201614,0.6131240182312397,0.33811137080192566,0.6202666461467743,0.20437467274374657,0.08918113590145213,-2.3999660595285195,-0.778501238176315,-0.23700292965843106,0.20213037018415064,-1.2795605444582447,0.3069469716822509,0.287998224786034,0.48980694192025803,0.4177339573409565,0.290883936248819,0.5454510391804451,0.46445179071295445
7322,Bassin de l'Aisne partie du département 55,55,vigilance,1,[],1,49.03012477516283,5.169681684928104,0.38655808568000793,0.09303999692201614,0.4901896031341051,0.6442634761333466,0.6202666461467743,0.16339653437803503,0.09532673492617019,-1.1028357423835036,-0.5903901033487274,0.23655403045770373,0.40496470735398926,-1.47927467192728,0.11619088170823309,0.44328669310064295,0.31133473612201873,0.37494424661234893,0.41044208797643217,0.3554283352222631,0.380250549561161
7323,"Moselle aval, Orne, Nied et Seille partie du département 55",55,alerte,2,[],1,49.02814374672371,5.706945354101409,0.3536083996295929,0.09303999692201614,0.4105830758527218,0.5893473327159882,0.6202666461467743,0.1368610252842406,0.14033858437345484,-0.9151696415374992,-0.2147095796497457,0.3556947728410555,0.655903130459778,-1.2985633878359502,0.5080320722265181,0.43203288719298627,0.25912849089370615,0.3487984496058584,0.40731749371317266,0.313933579884163,0.3587808771041151
7324,Meuse aval et Chiers partie du département 55,55,vigilance,1,[],1,49.43209264083183,5.389333317112797,0.6716166734695435,0.09303999692201614,0.4591402402878886,1.0,0.6202666461467743,0.15304674676262953,0.08647865098774168,-1.3692734733987,-0.6890395265305913,0.31577929255367776,0.4252448167419363,-2.092501783894922,0.17639971280214467,0.6179696448161355,0.358251830819296,0.47492323296455646,0.5145520744314073,0.4064002177945703,0.4513394607758878
7325,Moselle amont et Meurthe partie du département 57,57,alerte,2,[],1,48.66510693639065,6.816713940762796,0.3536083996295929,0.09303999692201614,0.4105830758527218,0.5893473327159882,0.6202666461467743,0.1368610252842406,0.13986054137452136,-2.2940430954570576,-1.4883444326020285,-0.015320420511261547,-0.16595353209803057,-0.689042041242207,-0.12521197681437463,0.4318607917133702,0.4945771843614374,0.47238837733022154,0.4071045773646731,0.5342384891022804,0.49278863113020877
7326,"Moselle aval, Orne, Nied et Seille partie du département 57",57,alerte,2,[],1,49.1086572959272,6.305813836693792,0.3536083996295929,0.09303999692201614,0.4105830758527218,0.5893473327159882,0.6202666461467743,0.1368610252842406,0.13991014660253845,-1.6766147347374112,-1.0660784936267889,-0.1364163319764519,0.22819277458039264,-1.055565965652185,0.2046306530632691,0.43187864959545635,0.4161794731057735,0.422595324148782,0.4071266914164734,0.4560213282333911,0.4374029805188667
7327,"Lauter, Sauer, Moder et Zorn partie du département 57",57,vigilance,1,[],1,49.00860232002837,7.501431083311726,0.07706476747989655,0.09303999692201614,0.1542709070729354,0.12844127913316092,0.6202666461467743,0.051423635690978464,0.09844888399715464,-3.323746299176257,-1.3443604206563136,-0.4417583031207119,-0.19496137263834828,-1.1396709080339416,0.24219460373836632,0.18649956826610453,0.5692832633002473,0.4538733225093617,0.15859690628457046,0.6243246977585202,0.5018509975815572
7328,Sarre partie du département 57,57,vigilance,1,[],1,48.90667851291157,6.820489820859684,0.3536083996295929,0.09303999692201614,0.4105830758527218,0.5893473327159882,0.6202666461467743,0.1368610252842406,0.11030354272419485,-3.7190164854556804,-1.236146921430231,-0.09392739286944658,-0.032785981895012986,-0.7830196119848389,0.07002693811415837,0.4212202721992526,0.5946808359891709,0.5454660124962472,0.3930023354010463,0.6502895200448712,0.587306302665204
6075,bassin de la  LOIRE aval,58,vigilance,1,[],1,47.26601056627587,3.006730453473841,0.07729806005954742,0.09303999692201614,0.3938548584677823,0.12883010009924573,0.6202666461467743,0.1312849528225941,0.170162313089895,-1.6685135446229427,-0.7114098205099466,-0.8269484623559994,-0.13002500886230936,-1.594764151468558,-0.018293654592684852,0.21251081322253346,0.4016220311327775,0.3224100406085806,0.18768334876414056,0.45482005840445544,0.3528737553726425
6081,bassin de l'ALLIER,58,vigilance,1,[],1,46.81983741150992,3.087279649705184,0.218720480799675,0.09303999692201614,0.2389405553103034,0.364534134666125,0.6202666461467743,0.07964685177010113,0.12714550271398561,-1.3221023304437507,-0.6447594429851896,-0.4634910079394694,0.15667403565535837,-1.1893514015203,0.04578201596645369,0.31487677877064574,0.3492062460498356,0.33356726403262227,0.29579259416505305,0.3979715851399287,0.35491132596190456
6082,bassin de la LOIRE amont,58,vigilance,1,[],1,46.865514110113374,3.3551165850488056,0.28727683424949646,0.09303999692201614,0.3329615798904396,0.47879472374916077,0.6202666461467743,0.11098719329681321,0.17834411070432593,-1.3901813705587107,-0.8358440918420241,-0.5545987248963444,0.00859727345679184,-1.2595279812806581,-0.08196106434022314,0.39043857218868616,0.3685790435267501,0.378240838673792,0.3713733777685553,0.41006106122564323,0.3940847015800244
6083,bassin de l'ACOLIN_COLATRE,58,alerte,2,[],1,46.814856196794445,3.1883411470096914,0.28727683424949646,0.04290509968996048,0.3329615798904396,0.47879472374916077,0.2860339979330699,0.11098719329681321,0.17834411070432593,-1.3901813705587107,-0.8358440918420241,-0.5545987248963444,0.00859727345679184,-1.2595279812806581,-0.08196106434022314,0.34364600143876756,0.3685790435267501,0.3575587718286629,0.3207973750645437,0.41006106122564323,0.3731989742261669
9847,HUISNE,61,vigilance,1,[],1,48.42204704569276,0.6984350225436452,0.334646612405777,0.09303999692201614,0.5013862151449886,0.5577443540096283,0.6202666461467743,0.16712873838166287,0.2225861218184764,-1.1923546591622465,-0.6701093448811395,-0.13115207003004362,0.032891867435426735,-0.8811070893441213,0.20543688011171732,0.44584051132001407,0.33043810940623175,0.38452644468934954,0.4327350398773121,0.3735031932433065,0.3994791871854612
9848,ITON,61,vigilance,1,[],1,48.685125675197895,0.5703246039260075,0.051349468529224396,0.09303999692201614,0.5604092075238286,0.08558244754870734,0.6202666461467743,0.18680306917460954,0.17898821708647167,-1.3431034029332811,-0.9308354369408637,-0.09767610355385468,-0.06813927366990224,-1.0222890462763583,0.27081871271656444,0.1940643123860319,0.3684008748294552,0.2913233006023008,0.16202909011545963,0.4017534730618339,0.30136347739778957
9849,MAYENNE AMONT,61,vigilance,1,[],1,48.551810233386405,-0.43369015210103984,0.334646612405777,,0.5013862151449886,0.5577443540096283,,0.16712873838166287,0.1621472965824037,-2.1109583693171405,-1.8318209215515664,-1.1616238561769034,-0.6901534559396915,-1.3260300727316872,-0.07027562788607984,0.39214558578427844,0.4973411298377031,0.4603268985137013,0.3732250045458036,0.5134954382103816,0.4657258941069639
9850,ORNE AMONT,61,vigilance,1,[],1,48.685637017445075,0.034633107894246284,0.3307099938392639,,0.5544128676162594,0.5511833230654399,,0.1848042892054198,0.18179410417907935,-1.2986629684167048,-1.0014779598504344,-0.11617437389461013,-0.17876292106962227,-1.0720621937643695,0.16104565013694247,0.3965552779502192,0.3681489758532413,0.38071296160377976,0.38279545368959667,0.3936937422376431,0.38906835185573685
9851,ORNE MOYENNE,61,vigilance,1,[],1,48.73792458572761,-0.4755868727428173,0.334646612405777,,0.5013862151449886,0.5577443540096283,,0.16712873838166287,0.15457201418982786,-1.7113133135396306,-1.7002674998611762,-0.8479534960514052,-0.4894244371581806,-1.0661906918472455,0.05392992908572865,0.38897453734087467,0.4603061060007121,0.43335805756213847,0.36974196459813974,0.4611072062540259,0.4266419570249743
9853,SARTHE,61,vigilance,1,[],1,48.5003814903602,0.17617698910079654,0.334646612405777,,0.5013862151449886,0.5577443540096283,,0.16712873838166287,0.20001571903189397,-1.6416621459182983,-1.0414464300956243,-0.18869896750509113,-0.2288675681663974,-1.0378790035820693,0.03327389624188035,0.40799748355383253,0.4109434480250375,0.4097287102534834,0.38932168372841497,0.45080023355772597,0.42716542991249884
9854,TOUQUES,61,vigilance,1,[],1,48.84269957340413,0.31243678329163976,0.332099974155426,0.09303999692201614,0.615985181243664,0.5534999569257101,0.6202666461467743,0.205328393747888,0.174191527912562,-1.3914856766738835,-1.0184715363721117,-0.08396316911805865,-0.14615932586944194,-1.0870269970728923,0.1947504986564181,0.4262962589719258,0.38041643101619593,0.4003149023006177,0.42119694813831043,0.41028794143059716,0.4147911623923843
9855,AVRE,61,vigilance,1,[],1,48.655115518685676,0.7597675786557699,0.051349468529224396,0.09303999692201614,0.5604092075238286,0.08558244754870734,0.6202666461467743,0.18680306917460954,0.20312562347232813,-1.1641096467639631,-0.7007139253808806,-0.0939445954646461,0.06312084309151449,-0.8343936035633635,0.40599335293694117,0.2027537786849402,0.3280361081090505,0.26910646694355805,0.16600075032288242,0.3679106531452017,0.2785730841262688
9967,ARROUX MORVAN,71,vigilance,1,[],1,46.830906975133566,4.2646177901376365,0.28727683424949646,0.016853200271725655,0.3329615798904396,0.47879472374916077,0.11235466847817104,0.11098719329681321,0.03816117633119195,-1.1124295754567601,-1.7119220218376494,-0.10358660516019859,-0.22514346862184956,-1.333471925717376,-0.48971519403072333,0.2688650389407534,0.42247417508162166,0.3603749049362936,0.2217026636927693,0.4611955778613403,0.37086768900391
9968,VALLÉE DE LA LOIRE,71,vigilance,1,[],1,46.460761698505245,4.014880687858509,0.28727683424949646,0.04290509968996048,0.3329615798904396,0.47879472374916077,0.2860339979330699,0.11098719329681321,0.17016392824846988,-2.746254154965713,-1.4190835599321376,-0.7738174998034001,-0.1986219929972551,-1.5516848871764017,-0.35340024631284744,0.3407011357546593,0.5285270005434958,0.4665386238502426,0.3183007827466382,0.5786150647015976,0.5018303029004091
9969,ARCONCE ET SORNIN,71,vigilance,1,[],1,46.3816449062496,4.271023023793449,0.28727683424949646,0.04290509968996048,0.3329615798904396,0.47879472374916077,0.2860339979330699,0.11098719329681321,0.07964923398854899,-2.523756095322579,-3.7190164854556804,-1.3664043284615555,-1.0846866374221438,-1.8530934597875641,-0.5543721745280583,0.30811584582108786,0.6145758583793339,0.5318938972824095,0.2838984897907765,0.6502895200448712,0.5605979719158816
9970,SEILLE ET GUYOTTE,71,vigilance,1,[],1,46.67842790444643,5.186204064521824,0.10427100211381912,0.24447600543498993,0.507054555098885,0.1737850035230319,1.0,0.16901818503296165,0.07860947741563334,-1.477863012471889,-3.7190164854556804,-0.3574386480955159,-0.12280428824283271,-1.7823406327958375,-0.536611695470918,0.25519191363114396,0.5951323508272569,0.4987907308608156,0.21834955512092336,0.6502895200448712,0.5445517673331224
9971,DHEUNE,71,vigilance,1,[],1,46.84551494318986,4.5865551093494705,0.10427100211381912,0.016853200271725655,0.507054555098885,0.1737850035230319,0.11235466847817104,0.16901818503296165,0.11193499610522285,-1.368825230157725,-2.205222188337854,-0.29996306779319265,-0.3167157628794928,-1.5023052745824326,-0.4305915424341632,0.14291875394634013,0.48230034647154824,0.35931193346658413,0.14819731781444706,0.5244008733839305,0.3991554156628361
9972,BOURBINCE,71,vigilance,1,[],1,46.61736200881912,4.327980769027048,0.28727683424949646,0.016853200271725655,0.3329615798904396,0.47879472374916077,0.11235466847817104,0.11098719329681321,0.07964923398854899,-2.523756095322579,-3.7190164854556804,-1.3664043284615555,-1.0846866374221438,-1.8530934597875641,-0.5543721745280583,0.283800739697402,0.6145758583793339,0.5253337570481137,0.24181730367653254,0.6502895200448712,0.5502966096607163
9973,GROSNE,71,vigilance,1,[],1,46.501386323708005,4.618792894835737,0.10427100211381912,0.24447600543498993,0.507054555098885,0.1737850035230319,1.0,0.16901818503296165,0.09446518608979426,-2.7023478709005206,-3.7190164854556804,-1.183717530344695,-0.6570481298070815,-2.1942505901868876,-0.5794694498407801,0.2608999687538419,0.6195470237566619,0.5240331861089502,0.22418956453455696,0.6502895200448712,0.5459813860796114
9974,SAÔNE AVAL,71,vigilance,1,,0,46.5804462192654,4.898637870116371,0.10427100211381912,0.016853200271725655,0.507054555098885,0.1737850035230319,0.11235466847817104,0.16901818503296165,0.04139812069371107,-1.8042135564903459,-3.7190164854556804,-0.5946330304844665,-0.37517867780432185,-2.0386561304900246,-0.3826511080635728,0.11752547879819587,0.5986877533505855,0.4635203339680923,0.12827774583644613,0.6502895200448712,0.5225024283744115
8078,bassin sarthe amont,72,vigilance,1,[],1,48.23593208199519,0.07854622977105927,0.334646612405777,0.09303999692201614,0.5013862151449886,0.5577443540096283,0.6202666461467743,0.16712873838166287,0.21309438508557665,-1.534631675992495,-1.1260870996234882,-0.35746306621009477,-0.3318280191223076,-1.0901297299215582,-0.02731950470469,0.44242348609617016,0.4039548650961778,0.4200051891716309,0.4295770848780018,0.4341701814126314,0.4323509437273707
8079,Bassin de la Vaige-Taude-Erve,72,alerte,2,[],1,47.93900505660072,-0.29203563258609433,0.334646612405777,,0.5013862151449886,0.5577443540096283,,0.16712873838166287,0.2394642146611639,-1.9422030572057563,-1.4693238428858182,-0.8368384773917515,-0.4967762208162769,-1.2658461064167337,-0.0677604523082935,0.42451080730561996,0.46401255268716135,0.4491918449171435,0.4041961514687071,0.49266946147172713,0.46124981306527946
8081,bassin Vive-Parence,72,alerte_renforcee,3,[],1,48.11308088352111,0.3447343106054116,0.334646612405777,0.09303999692201614,0.5013862151449886,0.5577443540096283,0.6202666461467743,0.16712873838166287,0.25565053434338847,-2.0585536172449466,-1.4324576242002096,-0.9748118861793094,-0.4848462075020317,-1.1810412286411283,-0.06165954400147366,0.45774369982898244,0.4722032022868396,0.4668610269211918,0.4430789855791318,0.5072136064676034,0.4850903384978652
8082,bassin du Due-Narais,72,alerte_renforcee,3,[],1,47.96210827919828,0.5018226405112187,0.334646612405777,0.09303999692201614,0.5013862151449886,0.5577443540096283,0.6202666461467743,0.16712873838166287,0.23863074099752954,-2.271640977463692,-1.4943854187443548,-1.0467347139290788,-0.5955311453243054,-1.236774506366614,-0.13693172921413058,0.4516165742244732,0.49298342605161105,0.47830185040971285,0.43787505085740397,0.5317958577156665,0.5010139801432587
8083,Bassin du Loir,72,vigilance,1,[],1,47.69059450676909,0.18774131250094303,0.334646612405777,0.09303999692201614,0.5013862151449886,0.5577443540096283,0.6202666461467743,0.16712873838166287,0.24555141582448897,-2.5548668493345197,-1.7979278474289393,-1.1917116887852206,-0.674587562063895,-1.3819795821032064,-0.10313341655717949,0.4541080171621786,0.5265762486875472,0.5025605212737436,0.4400205013076552,0.5609092282703706,0.5237524411795407
8084,Bassin de la Braye,72,alerte_renforcee,3,[],1,47.99121876729484,0.743026440372075,0.334646612405777,0.09303999692201614,0.5013862151449886,0.5577443540096283,0.6202666461467743,0.16712873838166287,0.2163571077875869,-2.7572515964590303,-1.3905629050983888,-0.9673247602224013,-0.593340747757272,-1.239618838834093,-0.10043090797308796,0.44359806626889386,0.5287510527255949,0.5006612740681005,0.4306729317194867,0.5795891893780304,0.5357649861601175
8085,Bassin de l Anille-Veuve-Tusson,72,crise,4,[],1,47.85502830796429,0.5349626102059661,0.334646612405777,0.09303999692201614,0.5013862151449886,0.5577443540096283,0.6202666461467743,0.16712873838166287,0.2294239366778433,-2.766644977158096,-1.884722437909614,-1.2910772360180047,-0.7749530265176199,-1.4360494006967843,-0.16410393769010564,0.4483021246693861,0.5439224301982599,0.5133952365997438,0.43495494434385684,0.5804176712165351,0.5376941584318331
8086,Bassin de l Aune,72,crise,4,[],1,47.77376980101487,0.21841202580649205,0.334646612405777,0.09303999692201614,0.5013862151449886,0.5577443540096283,0.6202666461467743,0.16712873838166287,0.24555141582448897,-2.5548668493345197,-1.7979278474289393,-1.1917116887852206,-0.674587562063895,-1.3819795821032064,-0.10313341655717949,0.4541080171621786,0.5265762486875472,0.5025605212737436,0.4400205013076552,0.5609092282703706,0.5237524411795407
8087,Bassin de l Argance,72,crise,4,[],1,47.745717458471105,-0.16483874470165097,0.334646612405777,0.09303999692201614,0.5013862151449886,0.5577443540096283,0.6202666461467743,0.16712873838166287,0.2864051674084292,-2.186860856287219,-1.67289812966396,-0.9200212640646225,-0.571704770048146,-1.3417658622561854,-0.050771195934505,0.46881536773239707,0.4944267928954864,0.4853628776447322,0.4519114944968569,0.5223151500254204,0.49877361828524375
8089,Bassin de Vaudelle-Merdereau-Orthe,72,alerte,2,[],1,48.26382175233941,-0.09049783002866091,0.334646612405777,,0.5013862151449886,0.5577443540096283,,0.16712873838166287,0.21309438508557665,-1.534631675992495,-1.1260870996234882,-0.35746306621009477,-0.3318280191223076,-1.0901297299215582,-0.02731950470469,0.413472273994909,0.4039548650961778,0.40792582878586314,0.39444234142193085,0.4341701814126314,0.4184347438662671
8091,Bassin de la Sarthe aval,72,vigilance,1,[],1,47.882655867777444,0.04077372041555295,0.334646612405777,0.09303999692201614,0.5013862151449886,0.5577443540096283,0.6202666461467743,0.16712873838166287,0.25068196161166506,-1.8573488790111898,-1.299986992213386,-0.7612379900582714,-0.362019503913639,-1.1422584912283134,0.03232740207645934,0.455955013645562,0.44715892140629215,0.4505629101909695,0.4415847317742182,0.4815091756717922,0.46701885519268327
8092,Bassin de la Vègre,72,vigilance,1,[],1,48.022944763527235,-0.16425165152289833,0.334646612405777,,0.5013862151449886,0.5577443540096283,,0.16712873838166287,0.2394642146611639,-1.9422030572057563,-1.4693238428858182,-0.8368384773917515,-0.4967762208162769,-1.2658461064167337,-0.0677604523082935,0.42451080730561996,0.46401255268716135,0.4491918449171435,0.4041961514687071,0.49266946147172713,0.46124981306527946
8093,Bassin Affluents de la Sarthe Médiane*,72,alerte_renforcee,3,[],1,47.861241678901294,0.24554056020080775,0.334646612405777,0.09303999692201614,0.5013862151449886,0.5577443540096283,0.6202666461467743,0.16712873838166287,0.24555141582448897,-2.5548668493345197,-1.7979278474289393,-1.1917116887852206,-0.674587562063895,-1.3819795821032064,-0.10313341655717949,0.4541080171621786,0.5265762486875472,0.5025605212737436,0.4400205013076552,0.5609092282703706,0.5237524411795407
8094,Bassin du Deux-Fonts et de la Voutonne**,72,vigilance,1,[],1,47.7838406298341,-0.26806933479631556,0.334646612405777,0.09303999692201614,0.5013862151449886,0.5577443540096283,0.6202666461467743,0.16712873838166287,0.2864051674084292,-2.186860856287219,-1.67289812966396,-0.9200212640646225,-0.571704770048146,-1.3417658622561854,-0.050771195934505,0.46881536773239707,0.4944267928954864,0.4853628776447322,0.4519114944968569,0.5223151500254204,0.49877361828524375
8095,Bassin de la Gee,72,alerte,2,[],1,47.986507418305564,-0.0674716874689117,0.334646612405777,0.09303999692201614,0.5013862151449886,0.5577443540096283,0.6202666461467743,0.16712873838166287,0.25068196161166506,-1.8573488790111898,-1.299986992213386,-0.7612379900582714,-0.362019503913639,-1.1422584912283134,0.03232740207645934,0.455955013645562,0.44715892140629215,0.4505629101909695,0.4415847317742182,0.4815091756717922,0.46701885519268327
8650,bassin du Chéran,74,alerte,2,,0,45.81842216553898,6.007078770715877,0.07338256388902664,0.24447600543498993,0.3354370754820005,0.12230427314837775,1.0,0.11181235849400017,0.02797771276730691,-2.612186086987653,-3.7190164854556804,-1.6190752504796861,-0.35956757209987356,-2.87946001757997,-0.20783762897609173,0.2112241131704194,0.6170048039578861,0.5082163653051109,0.1566490562154101,0.6502895200448712,0.5294476495731198
8651,bassin du Fier,74,alerte,2,,0,45.87597356092244,6.245633249518008,0.07338256388902664,,0.3354370754820005,0.12230427314837775,,0.11181235849400017,0.019432173148774174,-2.8388262223298093,-3.7190164854556804,-1.5604897078226765,-0.6217925479200044,-3.7190164854556804,-0.39138570208044743,0.07924153361365997,0.6234991058594764,0.48005968204416616,0.08910160846459227,0.6502895200448712,0.5129122143122421
8652,bassin des Usses,74,alerte,2,,0,46.024048236728774,5.980506190229858,0.07338256388902664,,0.3354370754820005,0.12230427314837775,,0.11181235849400017,0.022297681471161852,-2.3948280236135266,-3.7190164854556804,-1.216961459775277,-0.48182800430711903,-3.7190164854556804,-0.4675703832848349,0.08044104872535714,0.6111707352210013,0.4667164715634584,0.09038602646530237,0.6502895200448712,0.5132266364170861
8653,bassin du Genevois,74,alerte,2,,0,46.11316052308708,6.030080425813887,0.07338256388902664,,0.3354370754820005,0.12230427314837775,,0.11181235849400017,0.022297681471161852,-2.3948280236135266,-3.7190164854556804,-1.216961459775277,-0.48182800430711903,-3.7190164854556804,-0.4675703832848349,0.08044104872535714,0.6111707352210013,0.4667164715634584,0.09038602646530237,0.6502895200448712,0.5132266364170861
8654,bassin de l Arve aval,74,alerte,2,,0,46.14151493977613,6.315624542614621,0.07338256388902664,,0.3354370754820005,0.12230427314837775,,0.11181235849400017,0.03187105655368765,-2.27730918820569,-3.7190164854556804,-1.319796591487726,-0.6845097284604602,-3.7190164854556804,-0.709185081463264,0.0844485080622284,0.6082346785505638,0.4645937983340715,0.09441023621707893,0.6502895200448712,0.5142117522436997
8655,bassin de l Arve médian,74,alerte,2,,0,46.07864409128679,6.510103346511193,0.07338256388902664,,0.3354370754820005,0.12230427314837775,,0.11181235849400017,0.013762160705649309,-3.089269668575522,-3.4817664917930804,-1.5373769131199764,-0.5976711199082041,-3.7190164854556804,-0.20095249873838933,0.07686804003281701,0.6220732456789408,0.4778399020127912,0.08643430289562419,0.6351541053428196,0.4950153882748488
8656,bassin du l Arve amont,74,vigilance,1,,0,45.941810756927524,6.787992255714278,0.07338256388902664,,0.3354370754820005,0.12230427314837775,,0.11181235849400017,0.006289972643099753,-3.7190164854556804,-2.092579690152868,-0.8649307564202938,-0.5216834401687921,-2.567348737182417,-0.3918933232353574,0.07374014735547069,0.604017178973484,0.45703076253951636,0.08262361198583922,0.6502895200448712,0.5113264180318294
8657,bassin du Sud-Ouest Lémanique,74,alerte,2,,0,46.31735815250076,6.394931531304484,0.07338256388902664,,0.3354370754820005,0.12230427314837775,,0.11181235849400017,0.024341459054545468,-2.319672488702304,-3.7190164854556804,-1.4021999668369145,-0.5431431944921765,-3.7190164854556804,-0.36397394470580663,0.08129658352770378,0.6092727122936907,0.46486643575720293,0.09127828259076969,0.6502895200448712,0.5134450583396021
8658,bassin des Dranses,74,alerte,2,,0,46.27283455461016,6.671152119803772,0.07338256388902664,,0.3354370754820005,0.12230427314837775,,0.11181235849400017,0.012881718163406847,-2.462786457142646,-3.7190164854556804,-1.2045314707311832,-0.353462428475501,-3.7190164854556804,-0.04236137585231032,0.07649948268955271,0.6129437952986834,0.4675999255282156,0.08600383706788166,0.6502895200448712,0.5121538881268877
9398,Layon - eaux superficielles,79,alerte_renforcee,3,[],1,47.047524965110604,-0.4588394545479668,0.04134676977992058,,0.4175253660206122,0.0689112829665343,,0.13917512200687074,0.2809902910417255,-2.396553006774708,-3.7190164854556804,-1.226231806034867,-1.9267166692631947,-2.540102067015347,-1.042996439749805,0.1576885421608004,0.6112150990837026,0.48778810483637663,0.1085970892278126,0.6502895200448712,0.5176846560665054
9406,Aume Couture - eaux superficielles,79,vigilance,1,[],1,46.057826472525335,-0.10153068598484966,0.4644896984100342,0.09303999692201614,0.5765413493178984,0.774149497350057,0.6202666461467743,0.1921804497726328,0.21058257171133246,-1.8047778040631353,-1.702854185481657,-0.6586310093469272,-1.1728068084729237,-1.4985022621560404,-0.7764990022134132,0.5497218049516566,0.4673721949050634,0.498075379339742,0.519033087059469,0.47434512526219186,0.4907884367347769
9407,Boutonne - eaux superficielles,79,vigilance,1,[],1,46.16912685529008,-0.2070606006827654,0.4644896984100342,0.09303999692201614,0.5765413493178984,0.774149497350057,0.6202666461467743,0.1921804497726328,0.21378940395311954,-2.4856002146494416,-3.7190164854556804,-1.1210105629539289,-3.7190164854556804,-1.9031930310174725,-1.2091340398058126,0.5508762645587,0.6135501230617507,0.5965959096277262,0.5203234381129948,0.6502895200448712,0.6184741694216722
9409,Sèvre Niortaise Amont - eaux superficielles,79,alerte_renforcee,3,[],1,46.32438290873699,-0.05364819311405941,1.089766502380371,0.09303999692201614,0.6320482620207721,1.0,0.6202666461467743,0.21068275400692404,0.21254439805313344,-2.3651075461879976,-3.057397689846247,-1.039797942914786,-3.7190164854556804,-1.8097515168767617,-1.1075274403127744,0.6633533137596764,0.5780575403246458,0.6032504762348079,0.6029182027402351,0.6045397015118257,0.6040908346400776
9410,Sèvre Niortaise Moyenne - eaux superficielles,79,alerte_renforcee,3,[],1,46.42574907542661,-0.3675952841145069,1.089766502380371,0.09303999692201614,0.6320482620207721,1.0,0.6202666461467743,0.21068275400692404,0.23642449710032376,-2.593320970004082,-3.7190164854556804,-1.2246550200869089,-3.7190164854556804,-2.58584739700685,-1.329139572007797,0.671950149416665,0.6164809256548599,0.6313723794010996,0.61352936466221,0.6502895200448712,0.6412907319374043
9411,Lambon - eaux superficielles,79,alerte_renforcee,3,[],1,46.2845338670947,-0.3199378567470767,1.089766502380371,0.09303999692201614,0.6320482620207721,1.0,0.6202666461467743,0.21068275400692404,0.21378940395311954,-2.4856002146494416,-3.7190164854556804,-1.1210105629539289,-3.7190164854556804,-1.9031930310174725,-1.2091340398058126,0.6638015158836714,0.6135501230617507,0.6271438742621556,0.603490466473321,0.6502895200448712,0.6388332364047044
9412,Marais Mouillé Sèvre Niortaise - eaux superficielles,79,alerte,2,[],1,46.26774952840222,-0.7339369717377001,1.089766502380371,0.09303999692201614,0.6320482620207721,1.0,0.6202666461467743,0.21068275400692404,0.2879162803553962,-1.9653945539281388,-3.014614101521649,-1.1486288900218218,-2.4535429134455295,-2.0447141501058974,-1.2308170864479688,0.690487191388491,0.5620074255566827,0.6013986539370665,0.6341577494024988,0.6011657209289316,0.6103765672528747
9413,Mignon Courance - eaux superficielles,79,alerte_renforcee,3,[],1,46.202030599970584,-0.5062199028500717,1.089766502380371,0.09303999692201614,0.6320482620207721,1.0,0.6202666461467743,0.21068275400692404,0.2391516487833302,-2.309420102524669,-3.7190164854556804,-1.1727142712062983,-3.7190164854556804,-2.0092809965634517,-1.251461770873176,0.6729319240225473,0.6090193049097921,0.6265113250818106,0.614694797530503,0.6502895200448712,0.6415760267988126
9414,Autize - eaux superficielles,79,alerte,2,[],1,46.508590701762614,-0.4860225388594191,1.089766502380371,,0.6320482620207721,1.0,,0.21068275400692404,0.23367314092485234,-2.4279167631581187,-3.7190164854556804,-1.0664983929625134,-2.7462055176210627,-2.354940980992312,-1.2642183551579902,0.6792120124801707,0.6120276566480357,0.6302736270261856,0.610556975564969,0.6502895200448712,0.6405630990049376
9415,Vendée - eaux superficielles,79,alerte,2,[],1,46.57801317759763,-0.5837962770152473,1.089766502380371,,0.6320482620207721,1.0,,0.21068275400692404,0.23367314092485234,-2.4279167631581187,-3.7190164854556804,-1.0664983929625134,-2.7462055176210627,-2.354940980992312,-1.2642183551579902,0.6792120124801707,0.6120276566480357,0.6302736270261856,0.610556975564969,0.6502895200448712,0.6405630990049376
9417,Argenton - eaux superficielles,79,alerte_renforcee,3,[],1,46.94144819409736,-0.5459811558704321,0.020807163789868355,,0.4206546192353322,0.03467860631644726,,0.1402182064117774,0.2809902910417255,-2.396553006774708,-3.7190164854556804,-1.226231806034867,-1.9267166692631947,-2.540102067015347,-1.042996439749805,0.13778582317819163,0.6112150990837026,0.4823715911970437,0.0771195618847368,0.6502895200448712,0.5099790412300419
9418,Thouet Amont - eaux superficielles,79,vigilance,1,[],1,46.73836651252086,-0.2136438123971273,0.020807163789868355,,0.4206546192353322,0.03467860631644726,,0.1402182064117774,0.27076416315295465,-2.753689561162206,-3.7190164854556804,-1.3020112121271206,-3.0108502199504104,-2.5810765308603325,-1.2492211413954264,0.13350511848056662,0.6210204100513319,0.4916895683460961,0.07621611071569921,0.6502895200448712,0.5097578787906838
9419,Thouet Aval - eaux superficielles,79,alerte_renforcee,3,[],1,46.99914160522022,-0.20893284414717667,0.020807163789868355,0.09303999692201614,0.4206546192353322,0.03467860631644726,0.6202666461467743,0.1402182064117774,0.3146085928272314,-2.618176475500377,-3.7190164854556804,-1.4746379982813034,-2.354185378889973,-2.6267643707323036,-1.125297331862936,0.21743572703657538,0.617171767329753,0.5100505980417251,0.12607696662126677,0.6502895200448712,0.5219636834854805
9420,Thouaret - eaux superficielles,79,alerte_renforcee,3,[],1,46.8226933190589,-0.33440289218596086,0.020807163789868355,,0.4206546192353322,0.03467860631644726,,0.1402182064117774,0.27076416315295465,-2.753689561162206,-3.7190164854556804,-1.3020112121271206,-3.0108502199504104,-2.5810765308603325,-1.2492211413954264,0.13350511848056662,0.6210204100513319,0.4916895683460961,0.07621611071569921,0.6502895200448712,0.5097578787906838
9421,Layon - eaux souterraines,79,alerte_renforcee,3,[],1,47.047524965110604,-0.4588394545479668,0.04134676977992058,,0.4175253660206122,0.0689112829665343,,0.13917512200687074,0.2809902910417255,-2.396553006774708,-3.7190164854556804,-1.226231806034867,-1.9267166692631947,-2.540102067015347,-1.042996439749805,0.1576885421608004,0.6112150990837026,0.48778810483637663,0.1085970892278126,0.6502895200448712,0.5176846560665054
9429,Aume Couture - eaux souterraines,79,vigilance,1,[],1,46.057826472525335,-0.10153068598484966,0.4644896984100342,0.09303999692201614,0.5765413493178984,0.774149497350057,0.6202666461467743,0.1921804497726328,0.21058257171133246,-1.8047778040631353,-1.702854185481657,-0.6586310093469272,-1.1728068084729237,-1.4985022621560404,-0.7764990022134132,0.5497218049516566,0.4673721949050634,0.498075379339742,0.519033087059469,0.47434512526219186,0.4907884367347769
9430,Boutonne - eaux souterraines,79,vigilance,1,[],1,46.16912685529008,-0.2070606006827654,0.4644896984100342,0.09303999692201614,0.5765413493178984,0.774149497350057,0.6202666461467743,0.1921804497726328,0.21378940395311954,-2.4856002146494416,-3.7190164854556804,-1.1210105629539289,-3.7190164854556804,-1.9031930310174725,-1.2091340398058126,0.5508762645587,0.6135501230617507,0.5965959096277262,0.5203234381129948,0.6502895200448712,0.6184741694216722
9432,Sèvre Niortaise Amont - eaux souterraines,79,alerte_renforcee,3,[],1,46.32438290873699,-0.05364819311405941,1.089766502380371,0.09303999692201614,0.6320482620207721,1.0,0.6202666461467743,0.21068275400692404,0.21254439805313344,-2.3651075461879976,-3.057397689846247,-1.039797942914786,-3.7190164854556804,-1.8097515168767617,-1.1075274403127744,0.6633533137596764,0.5780575403246458,0.6032504762348079,0.6029182027402351,0.6045397015118257,0.6040908346400776
9433,Sèvre Niortaise Moyenne - eaux souterraines,79,alerte_renforcee,3,[],1,46.42574907542661,-0.3675952841145069,1.089766502380371,0.09303999692201614,0.6320482620207721,1.0,0.6202666461467743,0.21068275400692404,0.23642449710032376,-2.593320970004082,-3.7190164854556804,-1.2246550200869089,-3.7190164854556804,-2.58584739700685,-1.329139572007797,0.671950149416665,0.6164809256548599,0.6313723794010996,0.61352936466221,0.6502895200448712,0.6412907319374043
9434,Lambon - eaux souterraines,79,alerte_renforcee,3,[],1,46.2845338670947,-0.3199378567470767,1.089766502380371,0.09303999692201614,0.6320482620207721,1.0,0.6202666461467743,0.21068275400692404,0.21378940395311954,-2.4856002146494416,-3.7190164854556804,-1.1210105629539289,-3.7190164854556804,-1.9031930310174725,-1.2091340398058126,0.6638015158836714,0.6135501230617507,0.6271438742621556,0.603490466473321,0.6502895200448712,0.6388332364047044
9435,Marais Mouillé Sèvre Niortaise - eaux souterraines,79,alerte,2,[],1,46.26774952840222,-0.7339369717377001,1.089766502380371,0.09303999692201614,0.6320482620207721,1.0,0.6202666461467743,0.21068275400692404,0.2879162803553962,-1.9653945539281388,-3.014614101521649,-1.1486288900218218,-2.4535429134455295,-2.0447141501058974,-1.2308170864479688,0.690487191388491,0.5620074255566827,0.6013986539370665,0.6341577494024988,0.6011657209289316,0.6103765672528747
9436,Mignon Courance - eaux souterraines,79,alerte_renforcee,3,[],1,46.202030599970584,-0.5062199028500717,1.089766502380371,0.09303999692201614,0.6320482620207721,1.0,0.6202666461467743,0.21068275400692404,0.2391516487833302,-2.309420102524669,-3.7190164854556804,-1.1727142712062983,-3.7190164854556804,-2.0092809965634517,-1.251461770873176,0.6729319240225473,0.6090193049097921,0.6265113250818106,0.614694797530503,0.6502895200448712,0.6415760267988126
9440,Argenton - eaux souterraines,79,alerte_renforcee,3,[],1,46.94144819409736,-0.5459811558704321,0.020807163789868355,,0.4206546192353322,0.03467860631644726,,0.1402182064117774,0.2809902910417255,-2.396553006774708,-3.7190164854556804,-1.226231806034867,-1.9267166692631947,-2.540102067015347,-1.042996439749805,0.13778582317819163,0.6112150990837026,0.4823715911970437,0.0771195618847368,0.6502895200448712,0.5099790412300419
9441,Thouet Amont - eaux souterraines,79,vigilance,1,[],1,46.73836651252086,-0.2136438123971273,0.020807163789868355,,0.4206546192353322,0.03467860631644726,,0.1402182064117774,0.27076416315295465,-2.753689561162206,-3.7190164854556804,-1.3020112121271206,-3.0108502199504104,-2.5810765308603325,-1.2492211413954264,0.13350511848056662,0.6210204100513319,0.4916895683460961,0.07621611071569921,0.6502895200448712,0.5097578787906838
9442,Thouet Aval - eaux souterraines,79,alerte_renforcee,3,[],1,46.99914160522022,-0.20893284414717667,0.020807163789868355,0.09303999692201614,0.4206546192353322,0.03467860631644726,0.6202666461467743,0.1402182064117774,0.3146085928272314,-2.618176475500377,-3.7190164854556804,-1.4746379982813034,-2.354185378889973,-2.6267643707323036,-1.125297331862936,0.21743572703657538,0.617171767329753,0.5100505980417251,0.12607696662126677,0.6502895200448712,0.5219636834854805
9443,Thouaret - eaux souterraines,79,alerte_renforcee,3,[],1,46.8226933190589,-0.33440289218596086,0.020807163789868355,,0.4206546192353322,0.03467860631644726,,0.1402182064117774,0.27076416315295465,-2.753689561162206,-3.7190164854556804,-1.3020112121271206,-3.0108502199504104,-2.5810765308603325,-1.2492211413954264,0.13350511848056662,0.6210204100513319,0.4916895683460961,0.07621611071569921,0.6502895200448712,0.5097578787906838
9399,Dive du Nord - eaux superficielles,79,crise,4,,0,46.86328237230738,-0.04957966563634131,0.020807163789868355,0.09303999692201614,0.4206546192353322,0.03467860631644726,0.6202666461467743,0.1402182064117774,0.30883551666500114,-3.072584221830296,-3.7190164854556804,-1.6309450296572328,-3.7190164854556804,-2.88850536158799,-1.3089209874456729,0.21535741961817245,0.6304790085776963,0.5231017097985087,0.1255573193401598,0.6502895200448712,0.5218364752154222
9400,Auxance - eaux superficielles,79,crise,4,,0,46.61809369382033,-0.06872622693427045,0.060734476894140244,0.09303999692201614,0.3794036222253042,0.1012241281569004,0.6202666461467743,0.1264678740751014,0.25865388496367886,-2.9487470845502446,-3.7190164854556804,-1.649841580690085,-3.7190164854556804,-3.0478862365886767,-1.4043042770992638,0.23056479312592298,0.6267543010577471,0.5232410801966265,0.18081090571415942,0.6502895200448712,0.5353624059624877
9401,Boivre - eaux superficielles,79,crise,4,,0,46.56403640066712,-0.03942607819294881,0.060734476894140244,0.09303999692201614,0.3794036222253042,0.1012241281569004,0.6202666461467743,0.1264678740751014,0.25865388496367886,-2.9487470845502446,-3.7190164854556804,-1.649841580690085,-3.7190164854556804,-3.0478862365886767,-1.4043042770992638,0.23056479312592298,0.6267543010577471,0.5232410801966265,0.18081090571415942,0.6502895200448712,0.5353624059624877
9402,Vonne - eaux superficielles,79,crise,4,,0,46.520507220489506,-0.11967595976488261,0.060734476894140244,,0.3794036222253042,0.1012241281569004,,0.1264678740751014,0.25865388496367886,-2.9487470845502446,-3.7190164854556804,-1.649841580690085,-3.7190164854556804,-3.0478862365886767,-1.4043042770992638,0.16712495658764487,0.6267543010577471,0.5066660279059682,0.1311469530763908,0.6502895200448712,0.5232048026630917
9403,Dive du Sud - eaux superficielles,79,crise,4,,0,46.18487705265187,0.07863726557993518,0.060734476894140244,0.09303999692201614,0.3794036222253042,0.1012241281569004,0.6202666461467743,0.1264678740751014,0.21254439805313344,-2.3651075461879976,-3.057397689846247,-1.039797942914786,-3.7190164854556804,-1.8097515168767617,-1.1075274403127744,0.21396537783812664,0.5780575403246458,0.4705193805129894,0.17399769480805777,0.6045397015118257,0.4853561121738869
9408,Moine - eaux superficielles,79,alerte_renforcee,3,,0,46.9850768896467,-0.7508073962784716,0.04134676977992058,,0.4175253660206122,0.0689112829665343,,0.13917512200687074,0.23199083830106834,-2.686863186898998,-3.7190164854556804,-1.279786796287831,-1.6598841014469916,-3.7190164854556804,-0.9865571627572963,0.13717714333912995,0.6191061430906026,0.49061148626032414,0.10292606643745199,0.6502895200448712,0.5162964047952079
9416,Sèvre Nantaise - eaux superficielles,79,alerte_renforcee,3,,0,46.79462890526352,-0.6392865487706634,0.04134676977992058,,0.4175253660206122,0.0689112829665343,,0.13917512200687074,0.22529788932320396,-2.3505420430518953,-3.7190164854556804,-0.8342027146356792,-1.5805397102536711,-2.424988458610199,-1.1153009426638882,0.13437544376700067,0.6100438748465763,0.48020100207745653,0.10209347479765223,0.6502895200448712,0.5160925885798352
9422,Dive du Nord - eaux souterraines,79,crise,4,,0,46.86328237230738,-0.04957966563634131,0.020807163789868355,0.09303999692201614,0.4206546192353322,0.03467860631644726,0.6202666461467743,0.1402182064117774,0.30883551666500114,-3.072584221830296,-3.7190164854556804,-1.6309450296572328,-3.7190164854556804,-2.88850536158799,-1.3089209874456729,0.21535741961817245,0.6304790085776963,0.5231017097985087,0.1255573193401598,0.6502895200448712,0.5218364752154222
9423,Auxance  - eaux souterraines,79,crise,4,,0,46.61809369382033,-0.06872622693427045,0.060734476894140244,0.09303999692201614,0.3794036222253042,0.1012241281569004,0.6202666461467743,0.1264678740751014,0.25865388496367886,-2.9487470845502446,-3.7190164854556804,-1.649841580690085,-3.7190164854556804,-3.0478862365886767,-1.4043042770992638,0.23056479312592298,0.6267543010577471,0.5232410801966265,0.18081090571415942,0.6502895200448712,0.5353624059624877
9426,Dive du Sud - eaux souterraines,79,crise,4,,0,46.18487705265187,0.07863726557993518,0.060734476894140244,0.09303999692201614,0.3794036222253042,0.1012241281569004,0.6202666461467743,0.1264678740751014,0.21254439805313344,-2.3651075461879976,-3.057397689846247,-1.039797942914786,-3.7190164854556804,-1.8097515168767617,-1.1075274403127744,0.21396537783812664,0.5780575403246458,0.4705193805129894,0.17399769480805777,0.6045397015118257,0.4853561121738869
9437,Autize - eaux souterraines,79,vigilance,1,,0,46.508590701762614,-0.4860225388594191,1.089766502380371,,0.6320482620207721,1.0,,0.21068275400692404,0.23367314092485234,-2.4279167631581187,-3.7190164854556804,-1.0664983929625134,-2.7462055176210627,-2.354940980992312,-1.2642183551579902,0.6792120124801707,0.6120276566480357,0.6302736270261856,0.610556975564969,0.6502895200448712,0.6405630990049376
7198,BASSIN DE LAVRE,80,vigilance,1,[],1,49.729665603561465,2.538740891988751,0.3895244896411896,0.09303999692201614,0.5748556103489042,0.649207482735316,0.6202666461467743,0.19161853678296806,0.1862415260858441,-1.630017420593668,-0.9888160973711203,-1.0547368626746272,-0.06518032195936788,-1.1623066016465873,0.22625058940044132,0.4784880212191103,0.40691139220158684,0.43662729048002136,0.46183490998807136,0.4490384567705706,0.45397370429937484
8022,BASSIN DE LA BRESLE,80,vigilance,1,[],1,49.914032695998095,1.7042166938503402,0.5518571138381958,0.3074919879436493,0.7687018746267728,0.919761856396993,1.0,0.25623395820892425,0.14165434415635828,-1.5143146400582899,-0.8854173753030922,-1.1106395533021591,-0.08669919053160448,-1.0698084822703244,0.5620301646529112,0.6508764920947855,0.38751782384624534,0.5004295670127198,0.6017079723792841,0.43089899316276725,0.49894428659703904
8044,Zone 15 - Bassin de la Lère non réalimentée,82,alerte,2,[],1,44.21940499434976,1.6212183520280656,0.1767229288816452,0.09303999692201614,0.3712277500819347,0.294538214802742,0.6202666461467743,0.1237425833606449,0.2927005560284313,-2.035450512940543,-1.2168644708636625,-1.3072658774857213,-0.06781984742430947,-1.2419197770706116,0.27228150642552795,0.3394786380321547,0.4605823699155272,0.41485452828268726,0.3142987742227366,0.5043923860330914,0.43844409706731424
8048,Zone 19 - Aveyron affluents,82,alerte_renforcee,3,[],1,44.036155932916124,1.4856314471536693,0.1767229288816452,0.09303999692201614,0.3712277500819347,0.294538214802742,0.6202666461467743,0.1237425833606449,0.3629845771813119,-2.053502587816052,-1.0864541279770685,-1.2983137306201238,0.022655074027950795,-1.3280843659782096,0.20385932295468764,0.3647808856471917,0.4577732952323043,0.4224772177598839,0.32710408153547277,0.5065995502231663,0.44460534873477825
8051,Zone 23 - Bassin du Tescou non réalimenté,82,alerte_renforcee,3,[],1,43.980566828145,1.5669802001696866,0.0412340946495533,0.09303999692201614,0.3956077535530414,0.06872349108258884,0.6202666461467743,0.13186925118434714,0.3629845771813119,-2.053502587816052,-1.0864541279770685,-1.2983137306201238,0.022655074027950795,-1.3280843659782096,0.20385932295468764,0.2518735237871151,0.4577732952323043,0.3796222470241017,0.16477597778190656,0.5065995502231663,0.3885404171523772
8052,Zone 24 - Bassin du Lemboulas amont,82,crise,4,[],1,44.204279255428986,1.4204292777637617,0.020038967952132225,0.09303999692201614,0.4055883765982684,0.033398279920220375,0.6202666461467743,0.13519612553275615,0.2927005560284313,-2.035450512940543,-1.2168644708636625,-1.3072658774857213,-0.06781984742430947,-1.2419197770706116,0.27228150642552795,0.20890867059089385,0.4605823699155272,0.36555230860452703,0.12221341620030428,0.5043923860330914,0.3718048208900803
8054,Zone 26 - Bassin Lupte-Lembous,82,crise,4,[],1,44.1932071117415,1.2439321123508087,0.020038967952132225,0.09303999692201614,0.4055883765982684,0.033398279920220375,0.6202666461467743,0.13519612553275615,0.29914201479484087,-1.9353788165303831,-1.1699583375623779,-1.233307758012561,-0.18150775844726774,-1.214143061139528,0.22863883689493666,0.2112275957468013,0.4486872483540847,0.3570470742154215,0.12280831316975215,0.4917897124416361,0.36052561232228
8055,Zone 27 - Tarn affluents,82,alerte_renforcee,3,[],1,44.13758095123717,1.0818584739102457,0.020038967952132225,0.09303999692201614,0.4055883765982684,0.033398279920220375,0.6202666461467743,0.13519612553275615,0.3097255068422074,-1.8625432642599484,-1.1196549162935274,-1.1636636272108345,-0.18699452330507252,-1.5446097739672462,0.24130278958758375,0.21503765288385324,0.4389795635430341,0.3510343716217197,0.12376660645766001,0.48220644710805743,0.35228796009618374
8060,Zone 41 - Bassin de la Sère,82,alerte_renforcee,3,[],1,43.96151288665321,0.9968483914748488,0.4511517584323883,0.09303999692201614,0.4328619208956447,0.7519195973873138,0.6202666461467743,0.14428730696521488,0.39802247757667136,-2.0882519809977196,-1.329328593886406,-1.3631932484688627,-0.28488794100216736,-1.3028325370415463,0.10033423278259926,0.6060852210818071,0.4701897574613678,0.5205889234398191,0.5568845575153195,0.5107933636928346,0.5265770462181302
8061,Zone 42 - Bassin du Lambon,82,alerte_renforcee,3,[],1,43.85161585715207,1.0768956222258406,0.4511517584323883,0.09303999692201614,0.4328619208956447,0.7519195973873138,0.6202666461467743,0.14428730696521488,0.3475401015461541,-2.0277531561195126,-1.2097660538947994,-1.4307389093061125,-0.02655561911323076,-1.2210064452655236,0.2832252856690826,0.5879115657108208,0.45954795982745494,0.5081100207059537,0.5435967073356874,0.5034452404409822,0.5174014218338717
8062,Zone 43 - Barguelonne amont,82,alerte,2,[],1,44.23697168711179,1.196496803405328,0.12279792129993439,0.09303999692201614,0.4360034722679876,0.2046632021665573,0.6202666461467743,0.14533449075599586,0.29914201479484087,-1.9353788165303831,-1.1699583375623779,-1.233307758012561,-0.18150775844726774,-1.214143061139528,0.22863883689493666,0.2968600568699698,0.4486872483540847,0.3900942616558396,0.2647666849068777,0.4917897124416361,0.4110269057675692
8064,Zone 45 - Bassin du Lendou,82,alerte,2,[],1,44.257422485684046,1.1686807618214512,0.12279792129993439,0.09303999692201614,0.4360034722679876,0.2046632021665573,0.6202666461467743,0.14533449075599586,0.29914201479484087,-1.9353788165303831,-1.1699583375623779,-1.233307758012561,-0.18150775844726774,-1.214143061139528,0.22863883689493666,0.2968600568699698,0.4486872483540847,0.3900942616558396,0.2647666849068777,0.4917897124416361,0.4110269057675692
8065,Zone 46 - Bassin de la Petite Barguelonne,82,alerte_renforcee,3,[],1,44.25889375653597,1.1127216251719712,0.12279792129993439,0.09303999692201614,0.4360034722679876,0.2046632021665573,0.6202666461467743,0.14533449075599586,0.3097255068422074,-1.8625432642599484,-1.1196549162935274,-1.1636636272108345,-0.18699452330507252,-1.5446097739672462,0.24130278958758375,0.3006701140070217,0.4389795635430341,0.38466346412166263,0.26651219584828106,0.48220644710805743,0.4040268822193406
8066,Zone 47 - Bassin de la Séoune,82,crise,4,[],1,44.27251564925127,1.0293470961223814,0.12279792129993439,0.09303999692201614,0.4360034722679876,0.2046632021665573,0.6202666461467743,0.14533449075599586,0.3097255068422074,-1.8625432642599484,-1.1196549162935274,-1.1636636272108345,-0.18699452330507252,-1.5446097739672462,0.24130278958758375,0.3006701140070217,0.4389795635430341,0.38466346412166263,0.26651219584828106,0.48220644710805743,0.4040268822193406
8067,Zone 48 - Bassin de l'Auroue,82,alerte_renforcee,3,[],1,44.079820955554155,0.7753724649096614,0.12279792129993439,0.09303999692201614,0.4360034722679876,0.2046632021665573,0.6202666461467743,0.14533449075599586,0.3779468160144208,-1.9453449872373065,-1.1138318826694273,-1.2104594361171817,-0.1622169118021362,-1.0790157472631086,0.30253881895820806,0.3252297853090185,0.4474587696045487,0.40018318224370175,0.27685629238579107,0.4930734811607736,0.41634912238753957
8068,Zone 49 - Garonne affluents,82,alerte_renforcee,3,[],1,43.997644202513584,0.9076164883729576,0.12279792129993439,0.09303999692201614,0.4360034722679876,0.2046632021665573,0.6202666461467743,0.14533449075599586,0.39802247757667136,-2.0882519809977196,-1.329328593886406,-1.3631932484688627,-0.28488794100216736,-1.3028325370415463,0.10033423278259926,0.33245702347142875,0.4701897574613678,0.41910920822086484,0.2796430227292987,0.5107933636928346,0.43163716714401645
8073,Zone 64 - Gimone affluents,82,alerte_renforcee,3,[],1,43.91923051158028,1.037454394740859,0.4511517584323883,0.09303999692201614,0.4328619208956447,0.7519195973873138,0.6202666461467743,0.14428730696521488,0.39802247757667136,-2.0882519809977196,-1.329328593886406,-1.3631932484688627,-0.28488794100216736,-1.3028325370415463,0.10033423278259926,0.6060852210818071,0.4701897574613678,0.5205889234398191,0.5568845575153195,0.5107933636928346,0.5265770462181302
8956,10. Bassin versant de l'Æygues,84,alerte,2,[],1,44.227085398559645,4.8723039822376295,0.029968781396746635,0.24447600543498993,0.3267814449866165,0.04994796899457773,1.0,0.10892714832887217,0.513765591754137,-2.005055690038141,-3.7190164854556804,-2.104261254462381,-1.5952383851886809,-3.7190164854556804,-1.0497303555431463,0.34992959752877817,0.6022202097442982,0.5319709349768977,0.17264699632929026,0.6502895200448712,0.5333639026939828
8957,6.2. Calavon Median,84,alerte_renforcee,3,[],1,43.90310577490672,5.307933845974964,0.17384114861488342,0.24447600543498993,0.3661384290977303,0.2897352476914724,1.0,0.12204614303257677,0.5543579720817513,-1.9833681181991876,-1.6149487937135207,-1.7587623802981782,-1.4619220764514291,-1.5318678370349195,-1.138590227285372,0.4844364937951667,0.4755823646887617,0.4788326477028666,0.3860370003687045,0.4979123343227023,0.45859247663242064
8958,4. bassin versant de la meyne,84,vigilance,1,[],1,44.11023405617813,4.780641443800043,0.029968781396746635,0.24447600543498993,0.3267814449866165,0.04994796899457773,1.0,0.10892714832887217,0.6006970392892927,-2.1527797229776775,-3.0447177867070385,-2.0546441761767937,-1.5818104741288936,-1.963800878370607,-1.013513080514385,0.38122491864143426,0.5698991547293389,0.5130948908337961,0.1786389530984917,0.6035457116610068,0.4856264370575756
8959,6.1. Calavon Amont,84,alerte_renforcee,3,[],1,43.87723613913329,5.515973197108309,0.17384114861488342,0.24447600543498993,0.3661384290977303,0.2897352476914724,1.0,0.12204614303257677,0.33450075487188924,-1.8036269184341973,-1.9110895837080657,-1.5519643138874013,-1.4182561555506366,-1.3497390198866905,-1.0142466019995418,0.4052878955996163,0.4816706103816633,0.45395662623040434,0.3510084440682193,0.4886335489907599,0.4393697459589502
8960,2. Durance nappe d?accompagnement,84,alerte,2,[],1,43.865612148711065,5.026097939213142,0.17384114861488342,0.24447600543498993,0.3661384290977303,0.2897352476914724,1.0,0.12204614303257677,0.6972049369853466,-2.2272862885292275,-1.8549481801160395,-1.8977471107595063,-1.4208518865476525,-1.5566541447902242,-1.0817100029346822,0.535861401160461,0.5066337278318208,0.5167276915958312,0.4035104728898263,0.5268832382072123,0.48602443195294404
8961,12. Rhône,84,vigilance,1,[],1,44.24611635346223,4.738389478618869,0.029968781396746635,0.24447600543498993,0.3267814449866165,0.04994796899457773,1.0,0.10892714832887217,0.513765591754137,-2.005055690038141,-3.7190164854556804,-2.104261254462381,-1.5952383851886809,-3.7190164854556804,-1.0497303555431463,0.34992959752877817,0.6022202097442982,0.5319709349768977,0.17264699632929026,0.6502895200448712,0.5333639026939828
8962,5. Sud Luberon,84,alerte_renforcee,3,[],1,43.753909892041435,5.478291390058625,0.17384114861488342,0.24447600543498993,0.3661384290977303,0.2897352476914724,1.0,0.12204614303257677,0.5511262510523459,-1.895555544414886,-2.282073252932973,-1.5225039046111604,-1.7383999378529773,-1.311430013257414,-1.4865066360119017,0.48327307422458077,0.5124380116028755,0.5024842112011282,0.38560427001139236,0.5329365282039219,0.48476706699065064
8963,8. Bassin versant de la Nesque,84,alerte_renforcee,3,[],1,44.05528030413178,5.417616855493746,0.029968781396746635,0.24447600543498993,0.3267814449866165,0.04994796899457773,1.0,0.10892714832887217,0.33450075487188924,-1.8036269184341973,-1.9110895837080657,-1.5519643138874013,-1.4182561555506366,-1.3497390198866905,-1.0142466019995418,0.285394256251169,0.4816706103816633,0.41045554839858317,0.1574143544720008,0.4886335489907599,0.370071480185722
8964,7. Bassin versant du sud-ouest du Mont Ventoux,84,alerte_renforcee,3,[],1,44.09228837610512,5.145144901365661,0.029968781396746635,0.24447600543498993,0.3267814449866165,0.04994796899457773,1.0,0.10892714832887217,0.5543579720817513,-1.9833681181991876,-1.6149487937135207,-1.7587623802981782,-1.4619220764514291,-1.5318678370349195,-1.138590227285372,0.3645428544467193,0.4755823646887617,0.4348206105176868,0.17553224076747076,0.4979123343227023,0.3846081862789198
8965,3. Bassin versant des Sorgues,84,alerte_renforcee,3,[],1,43.946242939836125,5.025087817531789,0.029968781396746635,0.24447600543498993,0.3267814449866165,0.04994796899457773,1.0,0.10892714832887217,0.607313248486699,-2.095668008794217,-2.120374119127701,-1.9389683901305874,-1.4914941738199234,-1.7951186835445931,-1.031340705335266,0.3836067539525005,0.5131538931549475,0.46900522889340973,0.17906769418648677,0.5146071831886451,0.4005992627859049
8967,9. Bassin versant du lez provençal Lauzon,84,alerte_renforcee,3,[],1,44.36217324540608,4.959252331979506,0.029968781396746635,0.24447600543498993,0.3267814449866165,0.04994796899457773,1.0,0.10892714832887217,0.5017072209184256,-1.9733300026766665,-2.455418892171165,-1.9401775802591694,-1.6208812005190414,-1.9611302674907958,-1.1268695461420868,0.34558858402792203,0.5275613873804076,0.4673817022551653,0.17175732315587655,0.5511084258509793,0.43190716630019926
8966,11. Bassin versant de l'Ouvèze provençale,84,alerte_renforcee,3,,0,44.1482572596249,4.968559814622803,0.029968781396746635,0.24447600543498993,0.3267814449866165,0.04994796899457773,1.0,0.10892714832887217,0.5017072209184256,-1.9733300026766665,-2.455418892171165,-1.9401775802591694,-1.6208812005190414,-1.9611302674907958,-1.1268695461420868,0.34558858402792203,0.5275613873804076,0.4673817022551653,0.17175732315587655,0.5511084258509793,0.43190716630019926
8727,Bassin de la Gartempe - sous bassin de l'Anglin,86,vigilance,1,[],1,46.439911597229994,1.056929609064499,0.060734476894140244,0.09303999692201614,0.3794036222253042,0.1012241281569004,0.6202666461467743,0.1264678740751014,0.25768694886598936,-1.4874233904812626,-1.6791933828529706,-0.476711303652277,-0.7583989817882624,-1.531655366084718,-0.8137156540345474,0.2302166961307548,0.44257147577310396,0.35971064777311024,0.18067683201803286,0.456402588317026,0.3514839230961018
8728,Bassin de la Charente - secteur Charente Amont,86,vigilance,1,[],1,46.14776167168473,0.322945229391328,0.4644896984100342,0.09303999692201614,0.5765413493178984,0.774149497350057,0.6202666461467743,0.1921804497726328,0.23849007384781312,-2.0898697020645347,-2.2941513002491316,-0.9115664486255259,-1.781638296983734,-1.7662557395744585,-1.0281809612424777,0.5597685057207896,0.5232942639811122,0.5354655001590829,0.5298558210785264,0.5342502254440902,0.532817540454292
8729,Bassin de la Creuse,86,crise,4,[],1,46.861157299010955,0.7132072410202799,0.060734476894140244,0.09303999692201614,0.3794036222253042,0.1012241281569004,0.6202666461467743,0.1264678740751014,0.28989239736252065,-2.241829958133678,-3.7190164854556804,-1.105326658292142,-1.7059442040100985,-2.415680937880361,-1.0354569079373421,0.24181065758950604,0.6073843052031728,0.5069133390430977,0.18496867823104368,0.6502895200448712,0.5363802175981844
8730,Bassin de la Gartempe,86,vigilance,1,[],1,46.50387916572889,0.8646279034079372,0.060734476894140244,0.09303999692201614,0.3794036222253042,0.1012241281569004,0.6202666461467743,0.1264678740751014,0.27537638159391403,-1.7873956259825328,-2.473338555413166,-0.9609418411181236,-1.247092705668477,-1.9512942063843774,-1.1010969771362316,0.23658489191280768,0.52050546945366,0.42520861462538234,0.18307715584352802,0.5529066322110118,0.43716281794326833
8731,Bassin de la Vienne Tourangelle - sous bassin de la Veude et du Négron,86,crise,4,[],1,46.9793752712697,0.22578689116346812,0.060734476894140244,0.09303999692201614,0.3794036222253042,0.1012241281569004,0.6202666461467743,0.1264678740751014,0.2934813381472531,-2.5785274539477654,-3.7190164854556804,-1.545058932981647,-2.11375220096988,-2.0957297346420094,-1.2436423512852262,0.2431026762720097,0.6160722098288087,0.5158368516550594,0.18542616723476985,0.6502895200448712,0.5364922096875315
8732,Bassin du Clain - sous bassin de l'Auxance,86,crise,4,[],1,46.6395008515326,0.17950250911861274,0.060734476894140244,0.09303999692201614,0.3794036222253042,0.1012241281569004,0.6202666461467743,0.1264678740751014,0.3156103932126346,-2.765675555932575,-3.7190164854556804,-1.4839515016552132,-2.69552861538919,-2.439317946502384,-1.2935643180966294,0.2510691360955471,0.6213668131537641,0.5232219204713464,0.18816399149577984,0.6502895200448712,0.5371624217729769
8733,Bassin du Clain - sous bassin de la Clouère,86,crise,4,[],1,46.27018746028563,0.5165779255027745,0.060734476894140244,0.09303999692201614,0.3794036222253042,0.1012241281569004,0.6202666461467743,0.1264678740751014,0.2584811955741438,-1.7864951160527447,-1.8550995212528993,-0.701953557984867,-1.1458944602064225,-1.687487026866194,-0.9037294938795497,0.2305026249456904,0.476617272836376,0.38644876391081656,0.18078698602741639,0.4812066487585762,0.37210764223359455
8734,Bassin du Clain - sous bassin de la Pallu,86,crise,4,[],1,46.725868936340895,0.273007980606125,0.060734476894140244,0.09303999692201614,0.3794036222253042,0.1012241281569004,0.6202666461467743,0.1264678740751014,0.3156103932126346,-2.765675555932575,-3.7190164854556804,-1.4839515016552132,-2.69552861538919,-2.439317946502384,-1.2935643180966294,0.2510691360955471,0.6213668131537641,0.5232219204713464,0.18816399149577984,0.6502895200448712,0.5371624217729769
8735,Bassin du Clain - sous bassin de la Vonne,86,crise,4,[],1,46.44389438704401,0.12416336678801128,0.060734476894140244,0.09303999692201614,0.3794036222253042,0.1012241281569004,0.6202666461467743,0.1264678740751014,0.25865388496367886,-2.9487470845502446,-3.7190164854556804,-1.649841580690085,-3.7190164854556804,-3.0478862365886767,-1.4043042770992638,0.23056479312592298,0.6267543010577471,0.5232410801966265,0.18081090571415942,0.6502895200448712,0.5353624059624877
8736,Bassin du Clain - sous bassin de la Boivre,86,crise,4,[],1,46.54704128855994,0.11536815285453646,0.060734476894140244,0.09303999692201614,0.3794036222253042,0.1012241281569004,0.6202666461467743,0.1264678740751014,0.25865388496367886,-2.9487470845502446,-3.7190164854556804,-1.649841580690085,-3.7190164854556804,-3.0478862365886767,-1.4043042770992638,0.23056479312592298,0.6267543010577471,0.5232410801966265,0.18081090571415942,0.6502895200448712,0.5353624059624877
8737,Bassin du Clain - sous bassin de la Dive du Sud et de la Bouleure,86,crise,4,[],1,46.28344202877915,0.19976638654683238,0.060734476894140244,0.09303999692201614,0.3794036222253042,0.1012241281569004,0.6202666461467743,0.1264678740751014,0.23849007384781312,-2.0898697020645347,-2.2941513002491316,-0.9115664486255259,-1.781638296983734,-1.7662557395744585,-1.0281809612424777,0.22330582112421132,0.5232942639811122,0.4231899159666309,0.1779411999613446,0.5342502254440902,0.4180846316405129
8739,Bassin de la Dive du Nord - secteur de La Grimaudière,86,crise,4,[],1,46.7933675909181,0.022337560294703046,0.020807163789868355,0.09303999692201614,0.4206546192353322,0.03467860631644726,0.6202666461467743,0.1402182064117774,0.30883551666500114,-3.072584221830296,-3.7190164854556804,-1.6309450296572328,-3.7190164854556804,-2.88850536158799,-1.3089209874456729,0.21535741961817245,0.6304790085776963,0.5231017097985087,0.1255573193401598,0.6502895200448712,0.5218364752154222
8740,Bassin de la Dive du Nord - secteur du Prepson,86,crise,4,[],1,46.81271853216002,0.1427442001437846,0.020807163789868355,0.09303999692201614,0.4206546192353322,0.03467860631644726,0.6202666461467743,0.1402182064117774,0.3156103932126346,-2.765675555932575,-3.7190164854556804,-1.4839515016552132,-2.69552861538919,-2.439317946502384,-1.2935643180966294,0.21779637517532052,0.6213668131537641,0.5144032004196676,0.12616645723179953,0.6502895200448712,0.5219855905485331
8741,Bassin de la Vienne - sous-bassin de l'Envigne,86,crise,4,[],1,46.80669864080048,0.3530363401436519,0.060734476894140244,0.09303999692201614,0.3794036222253042,0.1012241281569004,0.6202666461467743,0.1264678740751014,0.3156103932126346,-2.765675555932575,-3.7190164854556804,-1.4839515016552132,-2.69552861538919,-2.439317946502384,-1.2935643180966294,0.2510691360955471,0.6213668131537641,0.5232219204713464,0.18816399149577984,0.6502895200448712,0.5371624217729769
8742,Bassin de la Vienne - sous-bassin Clain - Creuse,86,alerte_renforcee,3,[],1,46.89418540510681,0.5736486002957958,0.060734476894140244,0.09303999692201614,0.3794036222253042,0.1012241281569004,0.6202666461467743,0.1264678740751014,0.27906292112770975,-2.4627288806870546,-3.7190164854556804,-1.4094324713868793,-1.9186610022749782,-1.9658152104593634,-1.159603523477883,0.23791204614497413,0.6129422718879416,0.5113314288833438,0.18356394757081262,0.6502895200448712,0.5360363432748064
8743,Bassin de la Vienne - sous-bassin de l'Ozon,86,alerte_renforcee,3,[],1,46.708400652324414,0.6835112690233668,0.060734476894140244,0.09303999692201614,0.3794036222253042,0.1012241281569004,0.6202666461467743,0.1264678740751014,0.28989239736252065,-2.241829958133678,-3.7190164854556804,-1.105326658292142,-1.7059442040100985,-2.415680937880361,-1.0354569079373421,0.24181065758950604,0.6073843052031728,0.5069133390430977,0.18496867823104368,0.6502895200448712,0.5363802175981844
8744,Bassin de la Vienne - sous-bassin Talbat - Clain,86,alerte_renforcee,3,[],1,46.65638043132023,0.5573309182599557,0.060734476894140244,0.09303999692201614,0.3794036222253042,0.1012241281569004,0.6202666461467743,0.1264678740751014,0.30966364969391297,-2.501850706883383,-3.7190164854556804,-1.2989587968359548,-2.362989236172246,-2.2261637795623725,-1.2631850059266871,0.2489283084288073,0.6139852349208459,0.5153430803166063,0.1874418207932313,0.6502895200448712,0.5369856363088784
8745,Bassin de la Vienne - sous-bassin Blourde-Talbat,86,alerte_renforcee,3,[],1,46.456557826278114,0.6505029658719655,0.060734476894140244,0.09303999692201614,0.3794036222253042,0.1012241281569004,0.6202666461467743,0.1264678740751014,0.27537638159391403,-1.7873956259825328,-2.473338555413166,-0.9609418411181236,-1.247092705668477,-1.9512942063843774,-1.1010969771362316,0.23658489191280768,0.52050546945366,0.42520861462538234,0.18307715584352802,0.5529066322110118,0.43716281794326833
8746,Bassin de la Vienne - sous-bassin Issoire - Blourde,86,alerte_renforcee,3,[],1,46.22852724704521,0.6557518563718323,0.060734476894140244,0.09303999692201614,0.3794036222253042,0.1012241281569004,0.6202666461467743,0.1264678740751014,0.266704301673149,-1.5621195186065677,-1.52577820342811,-0.43835260319784713,-0.8104528050982729,-1.566883635807447,-0.7518196669002866,0.23346294314133226,0.43568479621860023,0.35580298985875475,0.18191407427535616,0.4385365259214095,0.33767763266197875
8747,Bassin de la Vienne - sous-bassin des Blourdes,86,alerte_renforcee,3,[],1,46.25167650351887,0.7867291059912414,0.060734476894140244,0.09303999692201614,0.3794036222253042,0.1012241281569004,0.6202666461467743,0.1264678740751014,0.266704301673149,-1.5621195186065677,-1.52577820342811,-0.43835260319784713,-0.8104528050982729,-1.566883635807447,-0.7518196669002866,0.23346294314133226,0.43568479621860023,0.35580298985875475,0.18191407427535616,0.4385365259214095,0.33767763266197875
8748,Bassin de la Dive du Nord - secteur de la Petite Maine,86,crise,4,[],1,47.07220197058287,0.014274181897220947,0.020807163789868355,0.09303999692201614,0.4206546192353322,0.03467860631644726,0.6202666461467743,0.1402182064117774,0.3394503628297782,-2.6547142300407773,-3.7190164854556804,-1.4399885359730678,-2.1920220081238835,-2.561988174201699,-1.2209892757749374,0.2263787642374922,0.6181963033958751,0.5134781340043736,0.12823931858721915,0.6502895200448712,0.522493021486172
8749,Bassin de la Dive du Nord - secteur de  la Dive canalisée,86,crise,4,[],1,47.02790538993091,-0.05689282241025746,0.020807163789868355,0.09303999692201614,0.4206546192353322,0.03467860631644726,0.6202666461467743,0.1402182064117774,0.3394503628297782,-2.6547142300407773,-3.7190164854556804,-1.4399885359730678,-2.1920220081238835,-2.561988174201699,-1.2209892757749374,0.2263787642374922,0.6181963033958751,0.5134781340043736,0.12823931858721915,0.6502895200448712,0.522493021486172
8750,Bassin de la Dive du Nord - secteur des sources de la Dive,86,crise,4,[],1,46.7462861308274,0.06799543922576083,0.020807163789868355,0.09303999692201614,0.4206546192353322,0.03467860631644726,0.6202666461467743,0.1402182064117774,0.30883551666500114,-3.072584221830296,-3.7190164854556804,-1.6309450296572328,-3.7190164854556804,-2.88850536158799,-1.3089209874456729,0.21535741961817245,0.6304790085776963,0.5231017097985087,0.1255573193401598,0.6502895200448712,0.5218364752154222
8751,Bassin de la Dive du Nord - secteur de la Briande,86,crise,4,[],1,46.917478966829506,0.12167591505875651,0.020807163789868355,0.09303999692201614,0.4206546192353322,0.03467860631644726,0.6202666461467743,0.1402182064117774,0.3394503628297782,-2.6547142300407773,-3.7190164854556804,-1.4399885359730678,-2.1920220081238835,-2.561988174201699,-1.2209892757749374,0.2263787642374922,0.6181963033958751,0.5134781340043736,0.12823931858721915,0.6502895200448712,0.522493021486172
8752,Bassin de la Dive du Nord - secteur du Marais de la Dive,86,crise,4,[],1,46.913329623092565,-0.0064215224278578,0.020807163789868355,0.09303999692201614,0.4206546192353322,0.03467860631644726,0.6202666461467743,0.1402182064117774,0.3394503628297782,-2.6547142300407773,-3.7190164854556804,-1.4399885359730678,-2.1920220081238835,-2.561988174201699,-1.2209892757749374,0.2263787642374922,0.6181963033958751,0.5134781340043736,0.12823931858721915,0.6502895200448712,0.522493021486172
8753,Bassin du Clain - sous bassin du Clain Aval,86,crise,4,[],1,46.57601121689256,0.44812364482774303,0.060734476894140244,0.09303999692201614,0.3794036222253042,0.1012241281569004,0.6202666461467743,0.1264678740751014,0.28739050357854135,-2.0879007019461637,-2.8573078407843737,-1.2279038486280003,-2.0763507849119685,-2.1230826998557633,-1.1269734689615234,0.24090997582727353,0.5569151728540602,0.4589031971827775,0.1846474232400352,0.5882492801450621,0.471920931564258
8754,Bassin du Clain - sous bassin du Clain Amont,86,crise,4,[],1,46.22441902732976,0.4079656423810514,0.060734476894140244,0.09303999692201614,0.3794036222253042,0.1012241281569004,0.6202666461467743,0.1264678740751014,0.2584811955741438,-1.7864951160527447,-1.8550995212528993,-0.701953557984867,-1.1458944602064225,-1.687487026866194,-0.9037294938795497,0.2305026249456904,0.476617272836376,0.38644876391081656,0.18078698602741639,0.4812066487585762,0.37210764223359455
8755,Bassin de la Gartempe - sous bassin de l'Anglin,86,vigilance,1,[],1,46.439911597229994,1.056929609064499,0.060734476894140244,0.09303999692201614,0.3794036222253042,0.1012241281569004,0.6202666461467743,0.1264678740751014,0.25768694886598936,-1.4874233904812626,-1.6791933828529706,-0.476711303652277,-0.7583989817882624,-1.531655366084718,-0.8137156540345474,0.2302166961307548,0.44257147577310396,0.35971064777311024,0.18067683201803286,0.456402588317026,0.3514839230961018
8756,Bassin de la Charente - secteur Charente Amont,86,vigilance,1,[],1,46.14776167168473,0.322945229391328,0.4644896984100342,0.09303999692201614,0.5765413493178984,0.774149497350057,0.6202666461467743,0.1921804497726328,0.23849007384781312,-2.0898697020645347,-2.2941513002491316,-0.9115664486255259,-1.781638296983734,-1.7662557395744585,-1.0281809612424777,0.5597685057207896,0.5232942639811122,0.5354655001590829,0.5298558210785264,0.5342502254440902,0.532817540454292
8757,Bassin de la Creuse,86,crise,4,[],1,46.861157299010955,0.7132072410202799,0.060734476894140244,0.09303999692201614,0.3794036222253042,0.1012241281569004,0.6202666461467743,0.1264678740751014,0.28989239736252065,-2.241829958133678,-3.7190164854556804,-1.105326658292142,-1.7059442040100985,-2.415680937880361,-1.0354569079373421,0.24181065758950604,0.6073843052031728,0.5069133390430977,0.18496867823104368,0.6502895200448712,0.5363802175981844
8758,Bassin de la Gartempe,86,vigilance,1,[],1,46.50387916572889,0.8646279034079372,0.060734476894140244,0.09303999692201614,0.3794036222253042,0.1012241281569004,0.6202666461467743,0.1264678740751014,0.27537638159391403,-1.7873956259825328,-2.473338555413166,-0.9609418411181236,-1.247092705668477,-1.9512942063843774,-1.1010969771362316,0.23658489191280768,0.52050546945366,0.42520861462538234,0.18307715584352802,0.5529066322110118,0.43716281794326833
8759,Bassin de la Vienne Tourangelle - sous bassin de la Veude et du Négron,86,crise,4,[],1,46.9793752712697,0.22578689116346812,0.060734476894140244,0.09303999692201614,0.3794036222253042,0.1012241281569004,0.6202666461467743,0.1264678740751014,0.2934813381472531,-2.5785274539477654,-3.7190164854556804,-1.545058932981647,-2.11375220096988,-2.0957297346420094,-1.2436423512852262,0.2431026762720097,0.6160722098288087,0.5158368516550594,0.18542616723476985,0.6502895200448712,0.5364922096875315
8760,Bassin du Clain - sous bassin de l'Auxance,86,crise,4,[],1,46.6395008515326,0.17950250911861274,0.060734476894140244,0.09303999692201614,0.3794036222253042,0.1012241281569004,0.6202666461467743,0.1264678740751014,0.3156103932126346,-2.765675555932575,-3.7190164854556804,-1.4839515016552132,-2.69552861538919,-2.439317946502384,-1.2935643180966294,0.2510691360955471,0.6213668131537641,0.5232219204713464,0.18816399149577984,0.6502895200448712,0.5371624217729769
8761,Bassin du Clain - sous bassin de la Clouère,86,crise,4,[],1,46.27018746028563,0.5165779255027745,0.060734476894140244,0.09303999692201614,0.3794036222253042,0.1012241281569004,0.6202666461467743,0.1264678740751014,0.2584811955741438,-1.7864951160527447,-1.8550995212528993,-0.701953557984867,-1.1458944602064225,-1.687487026866194,-0.9037294938795497,0.2305026249456904,0.476617272836376,0.38644876391081656,0.18078698602741639,0.4812066487585762,0.37210764223359455
8762,Bassin du Clain - sous bassin de la Pallu,86,crise,4,[],1,46.725868936340895,0.273007980606125,0.060734476894140244,0.09303999692201614,0.3794036222253042,0.1012241281569004,0.6202666461467743,0.1264678740751014,0.3156103932126346,-2.765675555932575,-3.7190164854556804,-1.4839515016552132,-2.69552861538919,-2.439317946502384,-1.2935643180966294,0.2510691360955471,0.6213668131537641,0.5232219204713464,0.18816399149577984,0.6502895200448712,0.5371624217729769
8763,Bassin du Clain - sous bassin de la Vonne,86,crise,4,[],1,46.44389438704401,0.12416336678801128,0.060734476894140244,0.09303999692201614,0.3794036222253042,0.1012241281569004,0.6202666461467743,0.1264678740751014,0.25865388496367886,-2.9487470845502446,-3.7190164854556804,-1.649841580690085,-3.7190164854556804,-3.0478862365886767,-1.4043042770992638,0.23056479312592298,0.6267543010577471,0.5232410801966265,0.18081090571415942,0.6502895200448712,0.5353624059624877
8764,Bassin du Clain - sous bassin de la Boivre,86,crise,4,[],1,46.54704128855994,0.11536815285453646,0.060734476894140244,0.09303999692201614,0.3794036222253042,0.1012241281569004,0.6202666461467743,0.1264678740751014,0.25865388496367886,-2.9487470845502446,-3.7190164854556804,-1.649841580690085,-3.7190164854556804,-3.0478862365886767,-1.4043042770992638,0.23056479312592298,0.6267543010577471,0.5232410801966265,0.18081090571415942,0.6502895200448712,0.5353624059624877
8765,Bassin du Clain - sous bassin de la Dive du Sud et de la Bouleure,86,crise,4,[],1,46.28344202877915,0.19976638654683238,0.060734476894140244,0.09303999692201614,0.3794036222253042,0.1012241281569004,0.6202666461467743,0.1264678740751014,0.23849007384781312,-2.0898697020645347,-2.2941513002491316,-0.9115664486255259,-1.781638296983734,-1.7662557395744585,-1.0281809612424777,0.22330582112421132,0.5232942639811122,0.4231899159666309,0.1779411999613446,0.5342502254440902,0.4180846316405129
8767,Bassin de la Dive du Nord - secteur de La Grimaudière,86,crise,4,[],1,46.7933675909181,0.022337560294703046,0.020807163789868355,0.09303999692201614,0.4206546192353322,0.03467860631644726,0.6202666461467743,0.1402182064117774,0.30883551666500114,-3.072584221830296,-3.7190164854556804,-1.6309450296572328,-3.7190164854556804,-2.88850536158799,-1.3089209874456729,0.21535741961817245,0.6304790085776963,0.5231017097985087,0.1255573193401598,0.6502895200448712,0.5218364752154222
8768,Bassin de la Dive du Nord - secteur du Prepson,86,crise,4,[],1,46.81271853216002,0.1427442001437846,0.020807163789868355,0.09303999692201614,0.4206546192353322,0.03467860631644726,0.6202666461467743,0.1402182064117774,0.3156103932126346,-2.765675555932575,-3.7190164854556804,-1.4839515016552132,-2.69552861538919,-2.439317946502384,-1.2935643180966294,0.21779637517532052,0.6213668131537641,0.5144032004196676,0.12616645723179953,0.6502895200448712,0.5219855905485331
8769,Bassin de la Vienne - sous-bassin de l'Envigne,86,crise,4,[],1,46.80669864080048,0.3530363401436519,0.060734476894140244,0.09303999692201614,0.3794036222253042,0.1012241281569004,0.6202666461467743,0.1264678740751014,0.3156103932126346,-2.765675555932575,-3.7190164854556804,-1.4839515016552132,-2.69552861538919,-2.439317946502384,-1.2935643180966294,0.2510691360955471,0.6213668131537641,0.5232219204713464,0.18816399149577984,0.6502895200448712,0.5371624217729769
8770,Bassin de la Vienne - sous-bassin Clain - Creuse,86,alerte_renforcee,3,[],1,46.89418540510681,0.5736486002957958,0.060734476894140244,0.09303999692201614,0.3794036222253042,0.1012241281569004,0.6202666461467743,0.1264678740751014,0.27906292112770975,-2.4627288806870546,-3.7190164854556804,-1.4094324713868793,-1.9186610022749782,-1.9658152104593634,-1.159603523477883,0.23791204614497413,0.6129422718879416,0.5113314288833438,0.18356394757081262,0.6502895200448712,0.5360363432748064
8771,Bassin de la Vienne - sous-bassin de l'Ozon,86,alerte,2,[],1,46.708400652324414,0.6835112690233668,0.060734476894140244,0.09303999692201614,0.3794036222253042,0.1012241281569004,0.6202666461467743,0.1264678740751014,0.28989239736252065,-2.241829958133678,-3.7190164854556804,-1.105326658292142,-1.7059442040100985,-2.415680937880361,-1.0354569079373421,0.24181065758950604,0.6073843052031728,0.5069133390430977,0.18496867823104368,0.6502895200448712,0.5363802175981844
8772,Bassin de la Vienne - sous-bassin Talbat - Clain,86,alerte_renforcee,3,[],1,46.65638043132023,0.5573309182599557,0.060734476894140244,0.09303999692201614,0.3794036222253042,0.1012241281569004,0.6202666461467743,0.1264678740751014,0.30966364969391297,-2.501850706883383,-3.7190164854556804,-1.2989587968359548,-2.362989236172246,-2.2261637795623725,-1.2631850059266871,0.2489283084288073,0.6139852349208459,0.5153430803166063,0.1874418207932313,0.6502895200448712,0.5369856363088784
8773,Bassin de la Vienne - sous-bassin Blourde-Talbat,86,alerte_renforcee,3,[],1,46.456557826278114,0.6505029658719655,0.060734476894140244,0.09303999692201614,0.3794036222253042,0.1012241281569004,0.6202666461467743,0.1264678740751014,0.27537638159391403,-1.7873956259825328,-2.473338555413166,-0.9609418411181236,-1.247092705668477,-1.9512942063843774,-1.1010969771362316,0.23658489191280768,0.52050546945366,0.42520861462538234,0.18307715584352802,0.5529066322110118,0.43716281794326833
8774,Bassin de la Vienne - sous-bassin Issoire - Blourde,86,alerte_renforcee,3,[],1,46.22852724704521,0.6557518563718323,0.060734476894140244,0.09303999692201614,0.3794036222253042,0.1012241281569004,0.6202666461467743,0.1264678740751014,0.266704301673149,-1.5621195186065677,-1.52577820342811,-0.43835260319784713,-0.8104528050982729,-1.566883635807447,-0.7518196669002866,0.23346294314133226,0.43568479621860023,0.35580298985875475,0.18191407427535616,0.4385365259214095,0.33767763266197875
8775,Bassin de la Vienne - sous-bassin des Blourdes,86,alerte_renforcee,3,[],1,46.25167650351887,0.7867291059912414,0.060734476894140244,0.09303999692201614,0.3794036222253042,0.1012241281569004,0.6202666461467743,0.1264678740751014,0.266704301673149,-1.5621195186065677,-1.52577820342811,-0.43835260319784713,-0.8104528050982729,-1.566883635807447,-0.7518196669002866,0.23346294314133226,0.43568479621860023,0.35580298985875475,0.18191407427535616,0.4385365259214095,0.33767763266197875
8776,Bassin de la Dive du Nord - secteur de la Petite Maine,86,crise,4,[],1,47.07220197058287,0.014274181897220947,0.020807163789868355,0.09303999692201614,0.4206546192353322,0.03467860631644726,0.6202666461467743,0.1402182064117774,0.3394503628297782,-2.6547142300407773,-3.7190164854556804,-1.4399885359730678,-2.1920220081238835,-2.561988174201699,-1.2209892757749374,0.2263787642374922,0.6181963033958751,0.5134781340043736,0.12823931858721915,0.6502895200448712,0.522493021486172
8777,Bassin de la Dive du Nord - secteur de  la Dive canalisée,86,crise,4,[],1,47.02790538993091,-0.05689282241025746,0.020807163789868355,0.09303999692201614,0.4206546192353322,0.03467860631644726,0.6202666461467743,0.1402182064117774,0.3394503628297782,-2.6547142300407773,-3.7190164854556804,-1.4399885359730678,-2.1920220081238835,-2.561988174201699,-1.2209892757749374,0.2263787642374922,0.6181963033958751,0.5134781340043736,0.12823931858721915,0.6502895200448712,0.522493021486172
8778,Bassin de la Dive du Nord - secteur des sources de la Dive,86,crise,4,[],1,46.7462861308274,0.06799543922576083,0.020807163789868355,0.09303999692201614,0.4206546192353322,0.03467860631644726,0.6202666461467743,0.1402182064117774,0.30883551666500114,-3.072584221830296,-3.7190164854556804,-1.6309450296572328,-3.7190164854556804,-2.88850536158799,-1.3089209874456729,0.21535741961817245,0.6304790085776963,0.5231017097985087,0.1255573193401598,0.6502895200448712,0.5218364752154222
8779,Bassin de la Dive du Nord - secteur de la Briande,86,crise,4,[],1,46.917478966829506,0.12167591505875651,0.020807163789868355,0.09303999692201614,0.4206546192353322,0.03467860631644726,0.6202666461467743,0.1402182064117774,0.3394503628297782,-2.6547142300407773,-3.7190164854556804,-1.4399885359730678,-2.1920220081238835,-2.561988174201699,-1.2209892757749374,0.2263787642374922,0.6181963033958751,0.5134781340043736,0.12823931858721915,0.6502895200448712,0.522493021486172
8780,Bassin de la Dive du Nord - secteur du Marais de la Dive,86,crise,4,[],1,46.913329623092565,-0.0064215224278578,0.020807163789868355,0.09303999692201614,0.4206546192353322,0.03467860631644726,0.6202666461467743,0.1402182064117774,0.3394503628297782,-2.6547142300407773,-3.7190164854556804,-1.4399885359730678,-2.1920220081238835,-2.561988174201699,-1.2209892757749374,0.2263787642374922,0.6181963033958751,0.5134781340043736,0.12823931858721915,0.6502895200448712,0.522493021486172
8781,Bassin du Clain - sous bassin du Clain Aval,86,crise,4,[],1,46.57601121689256,0.44812364482774303,0.060734476894140244,0.09303999692201614,0.3794036222253042,0.1012241281569004,0.6202666461467743,0.1264678740751014,0.28739050357854135,-2.0879007019461637,-2.8573078407843737,-1.2279038486280003,-2.0763507849119685,-2.1230826998557633,-1.1269734689615234,0.24090997582727353,0.5569151728540602,0.4589031971827775,0.1846474232400352,0.5882492801450621,0.471920931564258
8782,Bassin du Clain - sous bassin du Clain Amont,86,crise,4,[],1,46.22441902732976,0.4079656423810514,0.060734476894140244,0.09303999692201614,0.3794036222253042,0.1012241281569004,0.6202666461467743,0.1264678740751014,0.2584811955741438,-1.7864951160527447,-1.8550995212528993,-0.701953557984867,-1.1458944602064225,-1.687487026866194,-0.9037294938795497,0.2305026249456904,0.476617272836376,0.38644876391081656,0.18078698602741639,0.4812066487585762,0.37210764223359455
7339,Moselle amont et Meurthe partie du département 88,88,alerte,2,,0,48.16243738593916,6.697992765745401,0.3536083996295929,0.09303999692201614,0.4105830758527218,0.5893473327159882,0.6202666461467743,0.1368610252842406,0.05397222714841533,-3.7190164854556804,-2.5506569723578223,-1.7482322724193196,-1.24912891631363,-2.229556076586694,-0.8080381762997311,0.400940998591972,0.6153073881915847,0.5575817717822741,0.3588711126049199,0.6502895200448712,0.5789510702513618
7340,Meuse amont et médiane partie du département 88,88,vigilance,1,,0,48.271591025189274,5.822405227323285,0.6716166734695435,0.09303999692201614,0.4591402402878886,1.0,0.6202666461467743,0.15304674676262953,0.08649951472555469,-2.180594642630222,-3.3403665429607514,-0.5135708227275109,-0.5591954823585671,-1.3580116091074,-0.30127708878312864,0.617977155761748,0.5867437051189182,0.5957788991812231,0.5145680556759258,0.6254938712706449,0.5964141928284777
7341,Saône amont,88,alerte_renforcee,3,,0,48.02695480597578,6.130356602271047,0.09572873264551163,0.09303999692201614,0.5177663698302586,0.15954788774251938,0.6202666461467743,0.17258878994341953,0.04736598150422386,-3.338659099919107,-3.0476205072518363,-1.7393040098247081,-0.9748861852992975,-1.6381920266070347,-0.6505077051026018,0.1836630276733287,0.6151565520157105,0.49891633303213995,0.1768283707740111,0.6253740943994148,0.5077483008579091
3651,bassin versant de l'Allan_dpt 90,90,alerte,2,,0,47.62832584324306,6.900242043988927,0.1264229416847229,,0.5165595421304426,0.21070490280787152,,0.17218651404348087,0.07161997625524029,-3.5679456547332102,-3.7190164854556804,-1.5962661010327996,-0.9990978956235925,-2.528181360275483,-0.599826149731965,0.15248330564630497,0.6456578226657477,0.5233310501492414,0.16508759092642872,0.6502895200448712,0.5315133803898557
8441,"Orge et ses affluents, exeptes Yvette et ses affluents",91,alerte,2,[],1,48.55624437338598,2.116371006079924,0.3673989772796631,0.09303999692201614,0.5039745289497263,0.6123316287994385,0.6202666461467743,0.16799150964990875,0.27790594005873515,-2.300021221951045,-1.1340881271125638,-0.5277619648206844,-0.20835705082661155,-1.1096188964042435,-0.10633172608336978,0.4930492832814123,0.4836233530503396,0.4870304842233115,0.47315316410422553,0.5348860164246954,0.5147870474225276
8445,Double rattachement: Orge-Remarde et affluents_Seine essonnienne et petits affluents directs,91,alerte,2,[],1,48.686162155056564,2.3784247363577373,0.3673989772796631,0.09303999692201614,0.5039745289497263,0.6123316287994385,0.6202666461467743,0.16799150964990875,0.25350753247709906,-3.7190164854556804,-1.2655652036729377,-0.8826141648924688,-0.3422572206008522,-1.3783208297669232,-0.21169892818306527,0.4842658565520233,0.5946232343698661,0.5633078125516122,0.46571572385368504,0.6502895200448712,0.6051063464476593
8446,Double rattachement: Orge-Remarde_Yvette-Bievre et affluents,91,alerte,2,[],1,48.67358349663982,2.319130941764096,0.3673989772796631,0.09303999692201614,0.5039745289497263,0.6123316287994385,0.6202666461467743,0.16799150964990875,0.2577858612285054,-3.7190164854556804,-1.2683785282168056,-0.7981422039023253,-0.29915998031305907,-1.2473759063538918,-0.06273325552198548,0.4858060549025296,0.5946194278328865,0.5637418486683273,0.4670542940793169,0.6502895200448712,0.6054340248729008
5663,BASSIN VERSANT DE LA PLAINE DE FRANCE ET DU PARISIS,95,alerte,2,,0,49.04951058028736,2.4127916967883127,0.13265177607536316,0.09303999692201614,0.5404198576820233,0.2210862934589386,0.6202666461467743,0.18013995256067442,0.23398047470336322,-3.7190164854556804,-1.6149764776599416,-1.22313415120461,-0.4138028155945123,-1.5662178486872258,-0.1817545517101323,0.28161344808322847,0.5962543729979056,0.507329944740769,0.2682316476935602,0.6502895200448712,0.5567627707074425
